FaultID,TurbineID,FaultDate,FaultCode,Severity
1,98,2025-10-24,SNS205,Medium
2,77,2025-01-14,SNS205,High
3,14,2025-04-30,BLD301,Critical
4,144,2025-03-12,BRK501,Low
5,57,2025-11-25,BRK501,Medium
6,52,2025-12-24,GEN401,Medium
7,10,2025-10-22,SNS205,Low
8,71,2025-10-08,GEN401,Medium
9,29,2025-01-28,SNS205,Low
10,149,2025-03-29,BLD301,High
11,121,2025-08-20,BRK501,Critical
12,88,2025-01-11,GBX101,Critical
13,57,2025-12-12,BRK501,Critical
14,65,2025-01-28,SNS205,Critical
15,111,2025-07-07,BLD301,Low
16,21,2025-05-30,SNS205,High
17,3,2025-11-15,SNS205,Low
18,17,2025-11-14,SNS205,Critical
19,1,2025-05-21,GBX101,Medium
20,78,2025-11-21,GBX101,Medium
21,26,2025-02-28,GBX101,Low
22,123,2025-04-09,SNS205,Low
23,101,2025-01-24,BLD301,Low
24,135,2025-07-24,SNS205,Medium
25,64,2025-04-12,GBX101,Critical
26,18,2025-03-07,GEN401,High
27,12,2025-04-04,BLD301,High
28,87,2025-11-20,BRK501,Critical
29,119,2025-08-19,GBX101,High
30,65,2025-11-14,GEN401,Medium
31,91,2025-01-07,GEN401,Medium
32,68,2025-05-26,SNS205,Medium
33,87,2025-10-15,GBX101,Low
34,36,2025-05-04,BRK501,High
35,80,2025-12-12,BRK501,Low
36,113,2025-10-13,BLD301,Medium
37,135,2025-12-18,GEN401,Low
38,73,2025-10-27,BLD301,High
39,15,2025-10-21,BLD301,Critical
40,5,2025-11-15,BRK501,Critical
41,110,2025-11-15,GEN401,High
42,42,2025-02-09,GEN401,Medium
43,132,2025-06-07,GBX101,Low
44,131,2025-09-04,BLD301,Critical
45,57,2025-09-21,BRK501,Medium
46,101,2025-04-26,BLD301,High
47,89,2025-12-24,GEN401,Critical
48,110,2025-04-10,GBX101,Medium
49,8,2025-06-15,GEN401,High
50,120,2025-03-21,SNS205,Medium
51,85,2025-05-12,GEN401,Medium
52,41,2025-10-20,BRK501,Low
53,8,2025-12-25,SNS205,High
54,27,2025-06-16,GBX101,Low
55,55,2025-04-16,GBX101,High
56,40,2025-04-14,GBX101,Critical
57,134,2025-05-27,BRK501,Critical
58,9,2025-03-25,BRK501,Critical
59,39,2025-11-24,GEN401,Critical
60,143,2025-01-25,SNS205,Critical
61,9,2025-12-04,SNS205,Medium
62,92,2025-05-08,SNS205,High
63,17,2025-06-16,BRK501,Low
64,81,2025-06-20,BRK501,Low
65,13,2025-06-07,SNS205,Low
66,139,2025-11-23,BRK501,Medium
67,60,2025-09-07,BLD301,Low
68,64,2025-01-03,BLD301,High
69,70,2025-12-24,GEN401,Low
70,53,2025-06-12,GEN401,Critical
71,124,2025-09-25,BRK501,High
72,10,2025-06-23,GEN401,Critical
73,43,2025-01-10,GBX101,High
74,134,2025-01-01,BRK501,Low
75,93,2025-07-13,GBX101,Low
76,126,2025-02-23,BRK501,Critical
77,52,2025-03-02,BRK501,High
78,13,2025-01-13,SNS205,Critical
79,80,2025-06-17,BLD301,Critical
80,10,2025-12-16,BRK501,Critical
81,106,2025-02-03,BLD301,Critical
82,78,2025-07-05,GEN401,High
83,55,2025-11-13,BLD301,Critical
84,93,2025-11-20,SNS205,High
85,112,2025-01-07,SNS205,Medium
86,10,2025-07-06,GBX101,Medium
87,55,2025-03-22,BLD301,Medium
88,100,2025-06-14,GBX101,Critical
89,66,2025-01-20,GEN401,Critical
90,87,2025-04-27,BLD301,Medium
91,21,2025-12-18,GBX101,Low
92,115,2025-07-24,GBX101,Critical
93,129,2025-10-28,GEN401,Low
94,140,2025-09-18,GBX101,Medium
95,80,2025-12-23,BLD301,High
96,27,2025-03-25,BRK501,Critical
97,101,2025-06-30,BRK501,High
98,118,2025-12-20,BLD301,Critical
99,118,2025-03-28,GEN401,Medium
100,38,2025-02-17,BRK501,High
101,3,2025-04-13,GEN401,High
102,129,2025-11-27,BRK501,Low
103,26,2025-08-01,GEN401,Critical
104,60,2025-11-27,GBX101,High
105,147,2025-01-08,BRK501,Medium
106,138,2025-12-16,BRK501,Medium
107,47,2025-11-12,GEN401,Medium
108,92,2025-11-16,GBX101,High
109,81,2025-07-21,BLD301,Low
110,8,2025-10-01,BLD301,High
111,50,2025-09-04,BRK501,Critical
112,130,2025-09-16,GEN401,Critical
113,133,2025-10-14,GBX101,High
114,67,2025-11-13,BLD301,Low
115,6,2025-06-25,BRK501,Critical
116,95,2025-11-03,BRK501,Critical
117,116,2025-09-15,GEN401,Critical
118,145,2025-03-05,BRK501,Critical
119,9,2025-07-18,GEN401,Low
120,66,2025-08-21,BLD301,High
121,116,2025-03-18,BRK501,Critical
122,59,2025-02-21,GBX101,Critical
123,105,2025-09-17,GEN401,High
124,143,2025-04-29,BRK501,Critical
125,73,2025-07-31,SNS205,Critical
126,36,2025-07-30,BLD301,High
127,120,2025-09-07,GBX101,Critical
128,61,2025-10-22,GBX101,High
129,26,2025-10-21,BLD301,High
130,114,2025-12-28,GEN401,Medium
131,5,2025-01-31,BLD301,High
132,87,2025-07-29,BRK501,High
133,146,2025-11-18,GEN401,Low
134,45,2025-02-05,GEN401,High
135,49,2025-11-25,BLD301,High
136,64,2025-12-20,BLD301,Critical
137,123,2025-01-30,GBX101,Medium
138,150,2025-03-21,BLD301,High
139,46,2025-04-21,BRK501,Critical
140,113,2025-01-18,GBX101,Critical
141,22,2025-11-05,GBX101,Medium
142,145,2025-12-16,BLD301,Low
143,125,2025-10-09,GBX101,Low
144,14,2025-01-20,GBX101,High
145,132,2025-09-28,GBX101,High
146,11,2025-01-04,GBX101,Medium
147,58,2025-04-01,BLD301,High
148,6,2025-06-15,GEN401,Medium
149,57,2025-09-17,BLD301,High
150,136,2025-07-19,SNS205,Critical
151,31,2025-11-17,GEN401,High
152,102,2025-03-24,SNS205,Medium
153,80,2025-03-08,BLD301,Medium
154,39,2025-04-29,BLD301,Low
155,144,2025-12-26,BRK501,High
156,85,2025-12-24,BLD301,Critical
157,62,2025-12-05,BLD301,Medium
158,31,2025-04-18,GBX101,Low
159,145,2025-12-31,GEN401,Medium
160,91,2025-09-10,GBX101,Critical
161,98,2025-05-10,GEN401,Critical
162,47,2025-08-12,BRK501,High
163,23,2025-04-02,BLD301,Critical
164,96,2025-02-12,GBX101,High
165,80,2025-05-22,SNS205,Medium
166,20,2025-04-23,GBX101,Critical
167,140,2025-10-15,GBX101,Low
168,39,2025-05-29,GEN401,High
169,26,2025-04-08,SNS205,High
170,3,2025-08-18,GBX101,Low
171,44,2025-09-09,GEN401,Medium
172,124,2025-11-20,GEN401,Critical
173,62,2025-12-21,GBX101,High
174,121,2025-08-12,SNS205,Medium
175,98,2025-07-26,BLD301,Medium
176,51,2025-06-15,SNS205,Medium
177,113,2025-01-12,SNS205,Low
178,25,2025-10-22,BRK501,High
179,77,2025-04-01,GEN401,Critical
180,10,2025-01-06,GBX101,Critical
181,83,2025-12-26,SNS205,High
182,105,2025-10-15,BRK501,Low
183,91,2025-09-23,BRK501,High
184,22,2025-08-01,GEN401,Critical
185,10,2025-01-22,BRK501,Critical
186,48,2025-10-23,BLD301,Medium
187,69,2025-08-30,GEN401,High
188,127,2025-10-31,GEN401,Low
189,147,2025-08-05,GBX101,Low
190,7,2025-01-05,GEN401,Medium
191,115,2025-05-19,GEN401,High
192,41,2025-11-23,GBX101,Low
193,27,2025-08-17,BLD301,Critical
194,145,2025-11-03,GEN401,Medium
195,6,2025-12-14,GBX101,Critical
196,18,2025-09-16,BRK501,Low
197,84,2025-06-12,SNS205,Medium
198,18,2025-04-30,GBX101,Critical
199,29,2025-10-02,GEN401,Low
200,136,2025-01-31,GBX101,Low
201,135,2025-02-02,SNS205,Low
202,136,2025-05-18,GBX101,Low
203,22,2025-07-15,SNS205,High
204,107,2025-03-30,BRK501,Critical
205,106,2025-10-06,BRK501,Low
206,105,2025-07-19,SNS205,High
207,69,2025-06-19,BRK501,Low
208,97,2025-06-27,GBX101,Medium
209,81,2025-07-05,BLD301,Medium
210,93,2025-08-06,SNS205,Critical
211,94,2025-05-22,GBX101,Medium
212,86,2025-02-27,SNS205,Medium
213,13,2025-07-25,GEN401,Medium
214,140,2025-06-08,GEN401,Critical
215,56,2025-06-17,SNS205,Medium
216,84,2025-04-01,GBX101,Low
217,149,2025-06-07,GBX101,Critical
218,106,2025-05-17,GEN401,Critical
219,44,2025-03-14,GBX101,Medium
220,82,2025-04-13,SNS205,Medium
221,36,2025-08-20,GEN401,Medium
222,68,2025-05-17,SNS205,Critical
223,83,2025-04-06,BRK501,Critical
224,89,2025-06-03,GEN401,Critical
225,119,2025-01-24,GBX101,Critical
226,67,2025-10-19,GEN401,Medium
227,130,2025-08-26,GEN401,Critical
228,62,2025-05-29,GEN401,High
229,59,2025-05-22,SNS205,Medium
230,2,2025-02-27,BRK501,High
231,63,2025-04-14,GBX101,High
232,82,2025-12-18,GEN401,High
233,69,2025-06-02,BRK501,Critical
234,104,2025-09-19,BRK501,High
235,44,2025-04-14,BLD301,High
236,103,2025-06-20,GBX101,Medium
237,125,2025-01-03,GEN401,High
238,53,2025-11-24,BRK501,Medium
239,80,2025-12-07,BRK501,Low
240,129,2025-03-07,BLD301,High
241,59,2025-08-07,GEN401,Medium
242,39,2025-06-07,BLD301,Medium
243,62,2025-02-17,SNS205,Low
244,44,2025-11-17,GEN401,Medium
245,57,2025-05-09,SNS205,Critical
246,106,2025-09-09,SNS205,Medium
247,107,2025-07-21,SNS205,High
248,28,2025-01-16,BRK501,Low
249,129,2025-01-12,GBX101,Low
250,1,2025-07-19,GEN401,Low
251,94,2025-07-30,SNS205,Critical
252,112,2025-01-07,SNS205,High
253,17,2025-07-13,BLD301,High
254,24,2025-01-04,BRK501,Low
255,128,2025-07-24,SNS205,Medium
256,65,2025-12-21,SNS205,Low
257,87,2025-01-23,GEN401,Critical
258,73,2025-12-02,GBX101,Medium
259,55,2025-03-29,SNS205,Low
260,90,2025-07-06,GEN401,Critical
261,47,2025-10-23,GBX101,Low
262,66,2025-07-06,GEN401,High
263,87,2025-11-02,BLD301,High
264,35,2025-10-29,BLD301,Low
265,53,2025-05-23,GBX101,Critical
266,117,2025-03-31,BRK501,High
267,33,2025-12-04,GBX101,Low
268,39,2025-12-06,SNS205,Critical
269,104,2025-07-07,GBX101,Low
270,70,2025-11-02,BRK501,Low
271,134,2025-04-15,BRK501,Medium
272,7,2025-10-15,GBX101,Medium
273,7,2025-10-17,BRK501,High
274,27,2025-10-06,BRK501,High
275,122,2025-03-26,BLD301,Medium
276,21,2025-02-21,GEN401,Low
277,20,2025-01-01,GBX101,Critical
278,64,2025-04-25,GBX101,Low
279,145,2025-04-05,SNS205,High
280,62,2025-04-21,SNS205,Medium
281,62,2025-05-31,BRK501,Critical
282,25,2025-01-26,SNS205,Low
283,64,2025-07-27,GEN401,Critical
284,127,2025-03-12,BRK501,Low
285,137,2025-06-18,BRK501,Critical
286,75,2025-10-07,GEN401,Medium
287,78,2025-10-31,BLD301,Critical
288,119,2025-09-24,SNS205,Low
289,136,2025-08-31,GEN401,Medium
290,90,2025-09-18,GEN401,Medium
291,2,2025-07-08,GBX101,Critical
292,10,2025-05-21,SNS205,Medium
293,3,2025-08-24,BLD301,High
294,92,2025-05-12,BLD301,Medium
295,61,2025-01-03,BLD301,Low
296,34,2025-11-01,GBX101,High
297,54,2025-06-19,SNS205,Critical
298,52,2025-06-01,BRK501,High
299,128,2025-01-27,BRK501,Medium
300,130,2025-08-08,SNS205,Critical
301,149,2025-05-05,BLD301,Critical
302,102,2025-10-06,BRK501,High
303,127,2025-10-03,GBX101,Medium
304,81,2025-01-23,BRK501,Low
305,31,2025-06-29,BLD301,Medium
306,22,2025-12-20,GEN401,Low
307,107,2025-01-07,GBX101,Low
308,13,2025-01-22,GBX101,Medium
309,74,2025-10-02,GEN401,Medium
310,71,2025-10-14,BLD301,Low
311,71,2025-04-17,SNS205,Medium
312,54,2025-06-04,BRK501,Medium
313,39,2025-02-11,SNS205,High
314,119,2025-02-26,BRK501,High
315,106,2025-06-01,BRK501,Critical
316,21,2025-10-12,GEN401,Medium
317,74,2025-10-07,BLD301,Critical
318,53,2025-05-29,BLD301,High
319,105,2025-12-29,SNS205,Medium
320,97,2025-01-29,BRK501,Low
321,81,2025-01-08,GBX101,Critical
322,141,2025-03-30,SNS205,Critical
323,84,2025-05-06,GEN401,High
324,17,2025-06-27,BLD301,Medium
325,15,2025-10-01,BRK501,Medium
326,129,2025-03-11,GEN401,Low
327,97,2025-11-09,GBX101,Medium
328,119,2025-10-06,SNS205,Medium
329,122,2025-01-19,GEN401,Medium
330,93,2025-08-04,BRK501,High
331,120,2025-01-01,GEN401,High
332,27,2025-11-18,GEN401,High
333,53,2025-03-08,BLD301,Critical
334,76,2025-03-31,BRK501,Critical
335,106,2025-11-28,GEN401,Critical
336,99,2025-07-15,BRK501,Low
337,149,2025-06-23,GEN401,Low
338,11,2025-01-20,SNS205,Medium
339,11,2025-02-04,GBX101,Critical
340,118,2025-03-26,BRK501,Critical
341,15,2025-08-13,GBX101,Low
342,145,2025-06-26,BLD301,High
343,80,2025-11-10,GBX101,Critical
344,98,2025-03-03,BRK501,Low
345,64,2025-11-29,BRK501,High
346,60,2025-09-17,BLD301,Critical
347,10,2025-04-28,GEN401,Critical
348,112,2025-04-15,GEN401,Medium
349,109,2025-08-05,GEN401,Medium
350,69,2025-03-27,GEN401,High
351,53,2025-03-09,SNS205,Medium
352,87,2025-12-06,SNS205,Critical
353,37,2025-05-30,SNS205,Medium
354,4,2025-01-29,BLD301,Medium
355,131,2025-01-20,BRK501,High
356,67,2025-06-09,GBX101,High
357,58,2025-06-03,GBX101,Medium
358,149,2025-04-08,GBX101,Critical
359,82,2025-08-24,BRK501,Low
360,25,2025-12-15,BRK501,Critical
361,3,2025-08-20,SNS205,Low
362,124,2025-12-01,BLD301,Critical
363,30,2025-12-25,GEN401,High
364,57,2025-11-05,BRK501,Medium
365,108,2025-07-16,BRK501,High
366,42,2025-09-20,GEN401,High
367,133,2025-03-12,GEN401,Critical
368,140,2025-01-03,SNS205,Critical
369,75,2025-07-05,BRK501,Critical
370,70,2025-04-24,BLD301,Critical
371,139,2025-10-19,SNS205,Critical
372,150,2025-06-02,BRK501,Medium
373,65,2025-01-30,GBX101,Low
374,84,2025-05-27,BRK501,Low
375,29,2025-11-17,GEN401,Critical
376,66,2025-01-28,BLD301,Medium
377,8,2025-06-02,BLD301,High
378,42,2025-05-28,BRK501,Low
379,37,2025-01-07,GEN401,Low
380,5,2025-05-06,GEN401,Critical
381,38,2025-01-24,BRK501,High
382,116,2025-02-07,BLD301,High
383,5,2025-07-18,GBX101,Low
384,53,2025-11-13,GEN401,Medium
385,79,2025-01-06,SNS205,Low
386,113,2025-09-30,GBX101,Low
387,129,2025-07-17,GEN401,High
388,136,2025-05-13,SNS205,Medium
389,150,2025-08-14,BLD301,Critical
390,45,2025-12-03,GEN401,High
391,47,2025-11-30,GEN401,High
392,48,2025-05-15,GEN401,Low
393,101,2025-07-22,GEN401,Medium
394,150,2025-02-01,BLD301,Low
395,40,2025-12-25,GEN401,High
396,61,2025-10-03,BLD301,Medium
397,34,2025-07-22,SNS205,High
398,123,2025-01-05,GBX101,Medium
399,60,2025-10-28,SNS205,High
400,95,2025-09-05,GEN401,Low
401,9,2025-10-23,GEN401,Low
402,7,2025-10-07,SNS205,Low
403,95,2025-02-10,SNS205,High
404,25,2025-04-01,BRK501,Low
405,92,2025-11-09,SNS205,Medium
406,98,2025-05-13,GEN401,High
407,137,2025-10-20,SNS205,Medium
408,139,2025-05-21,BLD301,High
409,133,2025-01-23,BRK501,Critical
410,5,2025-04-04,BRK501,High
411,132,2025-02-28,BLD301,Critical
412,7,2025-08-07,GEN401,Critical
413,132,2025-06-20,BLD301,Critical
414,39,2025-12-23,BRK501,Low
415,127,2025-09-25,SNS205,Medium
416,56,2025-11-17,SNS205,High
417,51,2025-09-04,GBX101,Low
418,32,2025-03-03,SNS205,Low
419,18,2025-09-15,BRK501,High
420,36,2025-10-06,GEN401,Critical
421,52,2025-05-12,GEN401,High
422,20,2025-01-25,GEN401,Medium
423,12,2025-06-12,BRK501,Critical
424,50,2025-07-27,BRK501,Medium
425,150,2025-07-11,GEN401,Critical
426,71,2025-11-14,SNS205,Critical
427,88,2025-05-01,GBX101,Critical
428,133,2025-05-22,GEN401,Critical
429,6,2025-04-22,GBX101,High
430,62,2025-05-11,GEN401,Critical
431,86,2025-04-15,SNS205,Critical
432,140,2025-09-21,BRK501,Critical
433,32,2025-06-24,SNS205,Low
434,88,2025-06-01,SNS205,High
435,13,2025-02-22,BLD301,High
436,99,2025-12-16,GBX101,Low
437,122,2025-05-01,SNS205,Low
438,138,2025-07-31,GBX101,Critical
439,141,2025-11-29,BRK501,Low
440,22,2025-05-25,GBX101,Low
441,100,2025-11-21,GBX101,Critical
442,80,2025-06-26,GEN401,Medium
443,125,2025-02-25,BRK501,Low
444,47,2025-03-06,BRK501,Low
445,29,2025-02-22,BLD301,Critical
446,144,2025-01-12,GBX101,High
447,26,2025-12-31,BLD301,Critical
448,136,2025-02-14,GBX101,High
449,123,2025-08-10,SNS205,High
450,84,2025-09-10,GBX101,Critical
451,116,2025-09-24,SNS205,Medium
452,67,2025-12-28,GBX101,Low
453,22,2025-04-29,SNS205,High
454,44,2025-08-13,GEN401,Critical
455,124,2025-08-02,GBX101,Low
456,76,2025-07-30,SNS205,Medium
457,92,2025-12-01,GEN401,Critical
458,101,2025-12-04,SNS205,High
459,52,2025-11-09,GEN401,Medium
460,83,2025-04-21,BRK501,High
461,114,2025-07-19,BLD301,Medium
462,126,2025-11-18,BRK501,Low
463,141,2025-09-08,SNS205,Critical
464,52,2025-12-31,GEN401,Medium
465,141,2025-03-03,BLD301,Critical
466,24,2025-01-24,BRK501,Medium
467,117,2025-03-22,BRK501,Low
468,130,2025-11-02,BRK501,Medium
469,1,2025-10-21,BLD301,High
470,47,2025-11-26,GBX101,Low
471,64,2025-04-12,BRK501,Critical
472,109,2025-03-05,GEN401,High
473,125,2025-10-04,GBX101,High
474,13,2025-02-10,SNS205,Medium
475,83,2025-11-14,SNS205,Critical
476,115,2025-09-03,GEN401,Critical
477,34,2025-09-11,GEN401,Critical
478,1,2025-10-15,BLD301,Low
479,61,2025-05-21,BLD301,Low
480,14,2025-12-29,GBX101,Critical
481,10,2025-01-16,SNS205,High
482,20,2025-01-23,BRK501,Critical
483,27,2025-06-15,BRK501,Low
484,75,2025-11-03,GBX101,Low
485,135,2025-02-21,BLD301,Critical
486,29,2025-05-01,GBX101,High
487,81,2025-08-22,SNS205,High
488,135,2025-05-16,GEN401,Medium
489,101,2025-12-28,GBX101,High
490,88,2025-06-17,SNS205,Low
491,53,2025-12-12,BLD301,Low
492,17,2025-11-28,BRK501,Medium
493,11,2025-04-08,GBX101,Medium
494,84,2025-06-10,BRK501,Critical
495,29,2025-12-04,BLD301,Critical
496,69,2025-04-29,BLD301,Low
497,18,2025-05-16,BRK501,High
498,128,2025-05-23,BRK501,High
499,12,2025-07-23,BRK501,Critical
500,53,2025-06-25,BRK501,Low
501,59,2025-09-19,BLD301,Medium
502,23,2025-05-24,GEN401,Low
503,20,2025-06-10,GEN401,Critical
504,99,2025-12-01,GBX101,Low
505,48,2025-09-04,BRK501,Critical
506,137,2025-12-29,BRK501,Low
507,80,2025-01-19,BRK501,Critical
508,95,2025-03-24,GEN401,Medium
509,47,2025-05-01,GEN401,Medium
510,125,2025-01-30,BLD301,Critical
511,83,2025-01-07,BLD301,Medium
512,6,2025-05-15,GBX101,Critical
513,24,2025-01-03,BRK501,Medium
514,38,2025-08-04,SNS205,Low
515,11,2025-11-01,BLD301,Medium
516,119,2025-03-29,SNS205,Medium
517,139,2025-11-29,SNS205,Critical
518,13,2025-11-25,SNS205,Critical
519,34,2025-05-20,GBX101,Medium
520,12,2025-09-28,BLD301,Medium
521,48,2025-12-18,BRK501,Medium
522,131,2025-02-06,SNS205,Critical
523,22,2025-11-10,BLD301,Medium
524,133,2025-07-31,BLD301,Medium
525,86,2025-12-16,BRK501,Low
526,131,2025-10-01,GEN401,High
527,62,2025-10-24,BLD301,Critical
528,137,2025-11-15,SNS205,High
529,90,2025-01-22,GBX101,Medium
530,44,2025-12-15,SNS205,Medium
531,21,2025-07-09,BRK501,Critical
532,65,2025-03-21,BLD301,Low
533,90,2025-03-11,BLD301,Low
534,67,2025-10-27,GBX101,Low
535,10,2025-10-06,BRK501,Medium
536,107,2025-05-23,BRK501,Critical
537,121,2025-04-07,BRK501,Low
538,21,2025-07-15,BRK501,High
539,124,2025-06-22,BLD301,Medium
540,87,2025-01-23,SNS205,Medium
541,96,2025-07-28,BRK501,Medium
542,74,2025-06-08,BLD301,Low
543,1,2025-11-12,GBX101,Critical
544,125,2025-03-01,GEN401,Low
545,70,2025-01-19,BRK501,Medium
546,42,2025-05-29,GEN401,Low
547,114,2025-11-06,SNS205,Medium
548,46,2025-11-30,BLD301,Low
549,126,2025-08-14,SNS205,Critical
550,94,2025-07-10,BLD301,Low
551,98,2025-09-22,SNS205,Critical
552,53,2025-03-05,GBX101,Critical
553,140,2025-02-06,BLD301,Critical
554,92,2025-04-11,SNS205,Low
555,50,2025-09-15,BRK501,High
556,79,2025-09-08,BLD301,Medium
557,11,2025-02-13,GEN401,Low
558,150,2025-10-06,SNS205,Critical
559,46,2025-04-13,GBX101,Medium
560,70,2025-07-27,BRK501,Medium
561,146,2025-08-16,GBX101,Critical
562,109,2025-11-23,GBX101,High
563,142,2025-10-13,SNS205,Medium
564,71,2025-04-16,BRK501,High
565,77,2025-08-14,BRK501,Critical
566,68,2025-04-12,SNS205,Critical
567,128,2025-01-18,GBX101,High
568,20,2025-09-17,GEN401,High
569,65,2025-04-20,BLD301,Medium
570,111,2025-09-04,BLD301,Critical
571,17,2025-06-25,BRK501,Medium
572,112,2025-07-17,BRK501,High
573,127,2025-04-09,BLD301,Critical
574,24,2025-06-10,BLD301,Medium
575,3,2025-12-30,GEN401,Critical
576,111,2025-02-27,BRK501,Low
577,1,2025-12-16,SNS205,Medium
578,8,2025-12-31,BRK501,Low
579,9,2025-10-25,BRK501,High
580,34,2025-08-17,SNS205,Low
581,126,2025-12-07,GBX101,Low
582,12,2025-08-20,SNS205,Critical
583,140,2025-04-21,GEN401,Medium
584,2,2025-10-22,SNS205,Low
585,55,2025-03-12,GBX101,High
586,33,2025-03-28,GBX101,Low
587,52,2025-08-04,GBX101,Critical
588,57,2025-03-12,GEN401,Medium
589,47,2025-10-10,GEN401,Medium
590,120,2025-01-13,BLD301,Critical
591,102,2025-05-05,BLD301,Critical
592,22,2025-10-17,BLD301,High
593,53,2025-06-29,BLD301,Medium
594,70,2025-08-21,BRK501,Critical
595,139,2025-05-18,BRK501,Low
596,78,2025-12-18,BRK501,High
597,64,2025-04-21,GBX101,Low
598,94,2025-03-11,BLD301,High
599,133,2025-04-28,GEN401,Critical
600,22,2025-10-05,GEN401,Critical
601,26,2025-06-19,BRK501,Low
602,88,2025-01-12,BLD301,Low
603,92,2025-05-15,GEN401,High
604,31,2025-01-18,GBX101,Medium
605,140,2025-10-15,BRK501,Low
606,88,2025-06-16,SNS205,Critical
607,21,2025-02-18,GBX101,High
608,11,2025-10-27,BLD301,Low
609,136,2025-08-21,BRK501,Critical
610,1,2025-10-01,BRK501,Critical
611,125,2025-02-12,BLD301,High
612,64,2025-07-16,BRK501,High
613,143,2025-06-09,GBX101,High
614,113,2025-10-13,SNS205,High
615,74,2025-09-18,GBX101,High
616,91,2025-11-29,GBX101,Medium
617,46,2025-06-30,BRK501,Low
618,78,2025-03-19,SNS205,High
619,141,2025-08-23,BRK501,Low
620,147,2025-07-26,GEN401,High
621,119,2025-12-17,BLD301,Critical
622,95,2025-08-17,BRK501,Critical
623,18,2025-09-30,GBX101,Medium
624,40,2025-11-20,SNS205,Low
625,112,2025-08-07,BLD301,High
626,62,2025-02-05,SNS205,High
627,83,2025-07-20,SNS205,Medium
628,6,2025-02-02,SNS205,Medium
629,82,2025-11-21,BRK501,Medium
630,107,2025-09-05,SNS205,Critical
631,10,2025-03-29,GEN401,Critical
632,69,2025-11-05,GEN401,Medium
633,17,2025-11-24,SNS205,Medium
634,111,2025-05-09,GBX101,Medium
635,29,2025-10-18,BRK501,High
636,145,2025-07-16,BLD301,Medium
637,84,2025-09-27,SNS205,High
638,13,2025-07-17,GEN401,Medium
639,115,2025-02-10,BRK501,Critical
640,135,2025-06-10,GBX101,Critical
641,5,2025-10-19,BRK501,High
642,41,2025-02-28,SNS205,Critical
643,129,2025-08-21,BRK501,Low
644,83,2025-12-25,GBX101,Low
645,145,2025-09-17,BRK501,High
646,119,2025-10-14,BRK501,Medium
647,35,2025-09-16,GBX101,Low
648,84,2025-04-21,BRK501,High
649,128,2025-02-26,GEN401,High
650,81,2025-08-16,GEN401,High
651,5,2025-10-21,SNS205,Critical
652,100,2025-04-17,GEN401,Low
653,94,2025-05-15,GBX101,Medium
654,15,2025-12-12,BLD301,Low
655,129,2025-03-28,SNS205,High
656,143,2025-08-18,GEN401,Medium
657,79,2025-03-06,BLD301,Low
658,104,2025-09-18,BLD301,High
659,35,2025-11-30,GEN401,Critical
660,108,2025-06-07,SNS205,Critical
661,54,2025-10-26,GBX101,Critical
662,115,2025-01-04,SNS205,Low
663,88,2025-04-11,BLD301,Medium
664,91,2025-05-31,SNS205,Medium
665,84,2025-10-30,SNS205,Low
666,131,2025-07-17,SNS205,Low
667,77,2025-07-19,BLD301,Medium
668,141,2025-12-08,GBX101,High
669,6,2025-10-14,GBX101,Low
670,126,2025-03-20,BRK501,Critical
671,104,2025-09-18,GEN401,Critical
672,24,2025-10-06,BRK501,High
673,8,2025-09-03,BRK501,High
674,38,2025-01-25,GBX101,High
675,141,2025-08-31,GBX101,Critical
676,95,2025-08-08,GEN401,High
677,133,2025-09-16,GBX101,Low
678,84,2025-07-19,SNS205,Low
679,30,2025-06-19,BLD301,Critical
680,107,2025-09-22,GEN401,Low
681,18,2025-01-02,SNS205,High
682,45,2025-09-03,GEN401,Critical
683,129,2025-01-25,GBX101,Low
684,75,2025-11-07,GEN401,High
685,127,2025-12-17,GBX101,Low
686,147,2025-03-15,BLD301,Low
687,40,2025-12-12,SNS205,Medium
688,122,2025-05-16,BRK501,Medium
689,106,2025-05-30,BRK501,Critical
690,109,2025-07-24,SNS205,High
691,76,2025-06-14,GEN401,Medium
692,112,2025-01-27,BLD301,Low
693,11,2025-07-30,GEN401,Critical
694,6,2025-06-25,GEN401,Medium
695,25,2025-06-15,BRK501,Critical
696,27,2025-09-12,BLD301,Low
697,83,2025-09-06,BRK501,Critical
698,84,2025-11-14,GBX101,Critical
699,123,2025-06-28,BRK501,High
700,73,2025-12-04,BRK501,High
701,134,2025-09-10,BLD301,Low
702,35,2025-08-08,BRK501,Medium
703,2,2025-07-19,BLD301,Critical
704,93,2025-10-12,GEN401,High
705,127,2025-05-25,GBX101,Low
706,110,2025-02-19,SNS205,Medium
707,24,2025-03-23,BLD301,Low
708,10,2025-01-18,SNS205,Low
709,112,2025-04-18,SNS205,Low
710,84,2025-07-01,GBX101,Critical
711,147,2025-02-04,GBX101,High
712,78,2025-03-01,BLD301,Critical
713,9,2025-03-03,BRK501,Critical
714,24,2025-10-11,GBX101,Critical
715,48,2025-01-06,BRK501,Low
716,108,2025-02-08,GBX101,High
717,55,2025-04-27,BLD301,Low
718,12,2025-01-29,BLD301,High
719,66,2025-10-21,BLD301,Critical
720,148,2025-04-15,BLD301,Medium
721,62,2025-09-06,SNS205,Medium
722,4,2025-05-11,GEN401,Low
723,6,2025-04-08,GEN401,Low
724,100,2025-12-11,GEN401,Medium
725,121,2025-07-13,BRK501,Medium
726,47,2025-12-11,BLD301,Medium
727,4,2025-07-14,GEN401,Medium
728,78,2025-12-08,GEN401,Medium
729,53,2025-08-15,SNS205,Medium
730,46,2025-02-17,GEN401,Low
731,32,2025-10-24,SNS205,Critical
732,87,2025-04-14,BRK501,Low
733,76,2025-04-04,GBX101,High
734,29,2025-04-15,GEN401,Low
735,90,2025-02-15,SNS205,Medium
736,89,2025-06-13,GEN401,Medium
737,55,2025-07-22,BRK501,Medium
738,148,2025-03-04,BLD301,Critical
739,16,2025-05-14,GBX101,High
740,26,2025-09-22,BRK501,Critical
741,92,2025-09-02,GEN401,Medium
742,118,2025-01-15,BRK501,Low
743,124,2025-11-23,SNS205,Critical
744,85,2025-02-23,SNS205,Critical
745,91,2025-01-19,BRK501,Low
746,61,2025-09-11,SNS205,Low
747,54,2025-08-07,BRK501,High
748,88,2025-04-08,BRK501,High
749,113,2025-01-20,BRK501,Medium
750,94,2025-03-26,BRK501,High
751,27,2025-05-04,GEN401,Low
752,111,2025-10-30,SNS205,Medium
753,2,2025-04-06,GBX101,Low
754,28,2025-04-16,GBX101,Low
755,60,2025-01-08,BRK501,Critical
756,113,2025-05-24,GEN401,High
757,47,2025-03-19,GBX101,Medium
758,93,2025-07-09,GBX101,Medium
759,18,2025-02-10,GEN401,High
760,128,2025-05-09,GEN401,Medium
761,71,2025-12-14,GEN401,High
762,43,2025-07-01,GEN401,High
763,8,2025-01-05,SNS205,Medium
764,114,2025-09-02,SNS205,Low
765,95,2025-03-05,BLD301,High
766,38,2025-03-18,BRK501,Medium
767,91,2025-10-10,BRK501,High
768,98,2025-08-16,GBX101,Critical
769,43,2025-03-22,SNS205,Low
770,92,2025-12-01,GEN401,Medium
771,125,2025-03-07,BLD301,Medium
772,38,2025-03-11,GEN401,High
773,102,2025-09-16,BLD301,Medium
774,147,2025-03-28,GEN401,Critical
775,61,2025-01-29,SNS205,High
776,149,2025-06-16,GBX101,Medium
777,131,2025-03-12,BLD301,Low
778,144,2025-08-13,BLD301,Medium
779,80,2025-06-17,BRK501,Critical
780,136,2025-05-24,GEN401,Critical
781,138,2025-09-07,GEN401,Medium
782,118,2025-11-04,GEN401,Medium
783,54,2025-10-30,GEN401,Medium
784,4,2025-01-05,BLD301,Low
785,147,2025-11-06,BRK501,Low
786,44,2025-09-06,GEN401,Medium
787,50,2025-11-08,GEN401,Critical
788,150,2025-10-09,BRK501,Low
789,82,2025-10-15,SNS205,Low
790,94,2025-07-23,GEN401,Critical
791,89,2025-08-12,BRK501,Critical
792,102,2025-09-24,GBX101,Critical
793,98,2025-09-26,BLD301,High
794,49,2025-09-19,SNS205,Low
795,106,2025-04-27,BRK501,High
796,103,2025-12-02,GBX101,Critical
797,126,2025-04-09,BRK501,Low
798,51,2025-07-03,SNS205,High
799,61,2025-11-04,GEN401,High
800,110,2025-07-12,SNS205,Critical
801,33,2025-01-06,GBX101,Low
802,139,2025-11-05,GEN401,Medium
803,116,2025-01-12,GBX101,High
804,70,2025-06-30,BRK501,High
805,133,2025-06-11,GEN401,High
806,123,2025-07-27,SNS205,Low
807,22,2025-01-16,GBX101,High
808,138,2025-12-12,BLD301,Critical
809,105,2025-04-29,GBX101,Critical
810,30,2025-03-09,GEN401,High
811,140,2025-09-14,BRK501,High
812,124,2025-08-02,SNS205,Critical
813,98,2025-06-28,GEN401,Low
814,100,2025-03-20,GBX101,High
815,52,2025-06-12,GBX101,Low
816,80,2025-11-13,SNS205,Critical
817,95,2025-08-08,GEN401,High
818,96,2025-10-31,GBX101,High
819,39,2025-09-16,BRK501,Low
820,18,2025-11-20,GEN401,High
821,122,2025-03-02,BLD301,High
822,130,2025-07-27,SNS205,High
823,92,2025-08-13,SNS205,Critical
824,47,2025-10-28,GEN401,Medium
825,132,2025-03-26,BLD301,Critical
826,51,2025-06-25,GBX101,Medium
827,2,2025-04-13,SNS205,Medium
828,92,2025-08-09,BRK501,Critical
829,4,2025-09-12,GEN401,Low
830,25,2025-08-23,GBX101,Low
831,85,2025-12-18,BRK501,High
832,144,2025-08-25,BLD301,Low
833,3,2025-11-22,GBX101,Medium
834,42,2025-02-13,GEN401,Medium
835,84,2025-09-24,BLD301,High
836,49,2025-09-01,SNS205,High
837,47,2025-11-18,BLD301,High
838,93,2025-01-24,BRK501,Low
839,110,2025-06-16,GBX101,Critical
840,64,2025-05-06,BLD301,Medium
841,62,2025-10-01,SNS205,High
842,93,2025-05-07,GEN401,High
843,26,2025-03-05,GEN401,High
844,116,2025-07-18,BRK501,Medium
845,17,2025-08-20,SNS205,Critical
846,28,2025-09-12,BRK501,Low
847,74,2025-03-23,SNS205,Critical
848,112,2025-11-20,GBX101,Medium
849,128,2025-12-30,GBX101,Critical
850,40,2025-10-18,GBX101,Medium
851,88,2025-07-04,BRK501,Low
852,52,2025-09-24,BRK501,Low
853,64,2025-01-11,SNS205,Critical
854,113,2025-09-02,BRK501,Medium
855,41,2025-06-26,BRK501,Low
856,95,2025-07-24,GBX101,High
857,115,2025-02-11,BRK501,High
858,86,2025-06-07,BLD301,Medium
859,48,2025-08-23,GBX101,Medium
860,52,2025-07-11,BRK501,Low
861,16,2025-01-02,SNS205,High
862,68,2025-05-28,BLD301,Critical
863,53,2025-09-09,BLD301,Low
864,105,2025-01-05,GEN401,Medium
865,43,2025-05-18,SNS205,Medium
866,108,2025-02-06,SNS205,Low
867,64,2025-11-20,GEN401,Critical
868,141,2025-02-07,BLD301,Low
869,58,2025-04-03,SNS205,Medium
870,100,2025-06-19,SNS205,Low
871,77,2025-07-19,BLD301,Critical
872,105,2025-04-08,BRK501,High
873,103,2025-07-05,GEN401,Medium
874,76,2025-08-08,GBX101,Critical
875,118,2025-06-07,GEN401,Low
876,80,2025-09-28,BRK501,Medium
877,46,2025-06-28,BLD301,High
878,115,2025-07-29,BLD301,Critical
879,47,2025-04-05,BRK501,High
880,123,2025-09-17,SNS205,Critical
881,124,2025-12-08,SNS205,Medium
882,30,2025-12-08,BRK501,Critical
883,144,2025-12-06,GBX101,High
884,11,2025-05-05,GBX101,Medium
885,71,2025-05-03,BLD301,Critical
886,142,2025-09-30,GEN401,Medium
887,83,2025-04-05,SNS205,High
888,12,2025-12-12,GEN401,Critical
889,99,2025-01-03,BRK501,High
890,114,2025-08-10,SNS205,Medium
891,119,2025-02-27,GEN401,Critical
892,127,2025-12-24,SNS205,Critical
893,19,2025-03-30,GEN401,High
894,53,2025-01-19,SNS205,Low
895,35,2025-10-08,SNS205,Critical
896,31,2025-03-15,SNS205,High
897,48,2025-06-02,BLD301,Low
898,5,2025-12-21,SNS205,High
899,30,2025-02-08,GBX101,Medium
900,122,2025-04-08,GBX101,High
901,69,2025-09-27,GEN401,High
902,72,2025-02-11,GBX101,High
903,146,2025-07-05,BLD301,Low
904,35,2025-01-28,BLD301,Medium
905,35,2025-06-07,GBX101,Medium
906,140,2025-05-03,GEN401,Critical
907,100,2025-05-27,GBX101,Critical
908,68,2025-06-11,GEN401,Critical
909,124,2025-03-24,BRK501,Medium
910,39,2025-09-21,GEN401,Critical
911,30,2025-07-11,BLD301,High
912,43,2025-03-11,GEN401,Medium
913,132,2025-05-14,GBX101,Critical
914,74,2025-06-06,SNS205,Medium
915,50,2025-06-29,BLD301,High
916,95,2025-07-05,GBX101,Low
917,68,2025-10-27,GBX101,Medium
918,146,2025-12-16,GBX101,Low
919,1,2025-12-10,SNS205,Critical
920,57,2025-07-18,BRK501,Low
921,50,2025-08-18,GEN401,High
922,98,2025-07-12,BLD301,High
923,26,2025-01-05,GEN401,Medium
924,72,2025-12-04,BLD301,Low
925,131,2025-02-11,BLD301,Low
926,126,2025-10-16,BRK501,High
927,102,2025-11-10,BRK501,Critical
928,131,2025-06-16,GBX101,Low
929,104,2025-12-30,SNS205,Critical
930,4,2025-07-14,BRK501,Low
931,145,2025-10-26,BRK501,Medium
932,12,2025-12-07,BRK501,Low
933,113,2025-12-13,BLD301,Low
934,30,2025-03-09,GBX101,Low
935,110,2025-06-17,GEN401,Low
936,19,2025-08-22,BLD301,Critical
937,19,2025-03-24,GEN401,Critical
938,44,2025-12-29,GEN401,Low
939,31,2025-05-17,SNS205,Medium
940,147,2025-10-20,BRK501,High
941,33,2025-04-15,SNS205,High
942,118,2025-12-10,GEN401,Low
943,141,2025-06-18,SNS205,Medium
944,18,2025-02-22,BLD301,High
945,55,2025-04-21,BLD301,Medium
946,143,2025-05-06,BLD301,Low
947,144,2025-02-13,GEN401,Low
948,114,2025-09-14,SNS205,Low
949,58,2025-10-03,BRK501,Critical
950,26,2025-02-02,BLD301,Medium
951,104,2025-04-25,BRK501,Critical
952,138,2025-08-20,BLD301,Medium
953,10,2025-06-26,GBX101,High
954,85,2025-12-18,GBX101,Low
955,90,2025-06-04,BRK501,Low
956,150,2025-05-23,BLD301,Low
957,34,2025-01-02,BLD301,High
958,141,2025-10-18,GBX101,Low
959,130,2025-08-23,GEN401,Low
960,51,2025-02-23,GEN401,Critical
961,22,2025-02-09,GBX101,Critical
962,138,2025-06-22,SNS205,Low
963,105,2025-03-14,BLD301,Low
964,87,2025-07-29,BRK501,Critical
965,150,2025-09-29,GBX101,Critical
966,39,2025-01-11,BRK501,Medium
967,59,2025-01-17,GBX101,Medium
968,148,2025-07-16,BLD301,Medium
969,102,2025-10-09,BRK501,High
970,8,2025-09-28,BRK501,Low
971,91,2025-01-08,SNS205,Critical
972,129,2025-12-06,BLD301,Critical
973,128,2025-03-19,BLD301,Critical
974,7,2025-05-18,BLD301,Medium
975,122,2025-09-18,BRK501,Low
976,88,2025-07-31,BRK501,Critical
977,53,2025-12-29,GBX101,High
978,85,2025-12-17,GBX101,Medium
979,56,2025-05-31,BRK501,Low
980,3,2025-09-29,BLD301,Low
981,138,2025-03-08,BRK501,Low
982,6,2025-09-30,SNS205,Low
983,118,2025-03-20,BRK501,Critical
984,73,2025-08-01,GEN401,Low
985,34,2025-06-10,GBX101,Critical
986,54,2025-03-14,BRK501,High
987,126,2025-02-23,BLD301,Critical
988,141,2025-06-21,GEN401,Medium
989,68,2025-02-06,BRK501,Low
990,109,2025-04-11,SNS205,Low
991,141,2025-07-02,GBX101,Medium
992,35,2025-03-24,BLD301,High
993,106,2025-05-22,BLD301,Low
994,43,2025-07-20,GEN401,Critical
995,43,2025-09-20,BRK501,Critical
996,122,2025-06-02,SNS205,High
997,47,2025-10-29,SNS205,Low
998,148,2025-07-26,GEN401,Critical
999,22,2025-01-15,GBX101,Medium
1000,68,2025-11-10,BLD301,High
1001,82,2025-10-14,GEN401,High
1002,36,2025-01-05,GBX101,Low
1003,68,2025-09-04,GEN401,High
1004,99,2025-02-23,GEN401,Critical
1005,52,2025-03-03,BLD301,Medium
1006,15,2025-06-29,BRK501,Critical
1007,47,2025-03-05,SNS205,Critical
1008,101,2025-09-07,GBX101,Critical
1009,10,2025-07-02,BLD301,Medium
1010,3,2025-08-19,SNS205,Medium
1011,85,2025-02-08,GEN401,Low
1012,145,2025-12-20,GBX101,Medium
1013,30,2025-11-29,GEN401,High
1014,6,2025-07-15,GEN401,High
1015,52,2025-11-02,BLD301,Critical
1016,68,2025-01-21,BLD301,Critical
1017,39,2025-09-29,SNS205,Medium
1018,89,2025-10-31,GEN401,Low
1019,26,2025-11-17,GBX101,Low
1020,121,2025-07-08,SNS205,Low
1021,56,2025-12-07,BLD301,Critical
1022,26,2025-11-21,BLD301,Low
1023,119,2025-03-25,BLD301,Critical
1024,93,2025-08-07,GBX101,Medium
1025,62,2025-07-05,SNS205,Critical
1026,30,2025-12-21,BLD301,Medium
1027,79,2025-05-01,BLD301,Medium
1028,44,2025-04-16,GBX101,Low
1029,91,2025-07-30,BRK501,Medium
1030,97,2025-03-21,SNS205,Medium
1031,92,2025-07-30,GEN401,Medium
1032,5,2025-11-13,BRK501,Medium
1033,64,2025-09-11,BLD301,Low
1034,34,2025-03-17,BLD301,Medium
1035,12,2025-04-05,SNS205,Low
1036,19,2025-08-01,SNS205,Critical
1037,82,2025-03-30,SNS205,Low
1038,16,2025-06-02,BLD301,Medium
1039,12,2025-05-21,BLD301,Medium
1040,136,2025-08-03,BLD301,Critical
1041,32,2025-12-05,GEN401,Critical
1042,110,2025-02-20,GEN401,Critical
1043,66,2025-03-11,BLD301,Medium
1044,20,2025-09-25,GBX101,Critical
1045,5,2025-04-18,BLD301,High
1046,142,2025-02-03,BRK501,Critical
1047,135,2025-11-03,GEN401,High
1048,77,2025-03-13,BRK501,High
1049,111,2025-11-20,BLD301,Critical
1050,106,2025-08-19,SNS205,Low
1051,146,2025-03-14,SNS205,Low
1052,82,2025-10-18,GEN401,Low
1053,37,2025-01-21,BRK501,High
1054,146,2025-09-16,BLD301,Critical
1055,106,2025-01-21,SNS205,High
1056,55,2025-06-17,GEN401,Low
1057,111,2025-11-03,BLD301,Low
1058,12,2025-05-03,BRK501,Medium
1059,118,2025-12-30,BRK501,Medium
1060,114,2025-01-21,BLD301,Critical
1061,37,2025-09-01,GEN401,Low
1062,106,2025-03-18,GBX101,Low
1063,78,2025-06-20,GBX101,Critical
1064,15,2025-03-17,BRK501,Medium
1065,43,2025-02-09,GBX101,Low
1066,20,2025-01-21,BRK501,Critical
1067,28,2025-06-21,SNS205,Low
1068,135,2025-07-07,GEN401,Medium
1069,53,2025-09-06,SNS205,High
1070,9,2025-09-15,GBX101,High
1071,114,2025-01-18,SNS205,Low
1072,55,2025-07-31,BLD301,Critical
1073,54,2025-05-22,SNS205,High
1074,107,2025-09-05,BRK501,High
1075,93,2025-08-19,GBX101,Critical
1076,101,2025-01-18,GEN401,Medium
1077,128,2025-10-08,SNS205,Critical
1078,18,2025-10-22,GBX101,Low
1079,1,2025-09-17,GBX101,High
1080,39,2025-10-31,BRK501,Low
1081,28,2025-01-16,SNS205,Low
1082,144,2025-11-29,BLD301,High
1083,4,2025-03-14,BLD301,Critical
1084,80,2025-05-29,GBX101,High
1085,115,2025-07-24,GBX101,Critical
1086,91,2025-12-28,SNS205,Medium
1087,123,2025-05-27,BLD301,Low
1088,87,2025-01-18,SNS205,High
1089,127,2025-02-09,SNS205,Low
1090,20,2025-11-19,BLD301,Medium
1091,54,2025-05-25,BLD301,Critical
1092,50,2025-05-29,BRK501,Critical
1093,39,2025-04-25,BRK501,Medium
1094,133,2025-03-13,SNS205,Medium
1095,70,2025-03-20,SNS205,Critical
1096,92,2025-07-22,SNS205,Low
1097,27,2025-07-09,BRK501,Medium
1098,37,2025-11-18,BRK501,Critical
1099,76,2025-01-02,SNS205,High
1100,64,2025-03-14,BRK501,Low
1101,110,2025-11-17,BLD301,Low
1102,15,2025-01-15,GEN401,Low
1103,35,2025-04-17,SNS205,Critical
1104,97,2025-05-18,BRK501,Critical
1105,104,2025-08-08,GBX101,Medium
1106,26,2025-02-14,GEN401,Medium
1107,32,2025-10-22,SNS205,High
1108,5,2025-09-29,SNS205,High
1109,28,2025-08-31,GEN401,Low
1110,90,2025-09-16,GEN401,Critical
1111,119,2025-11-25,BRK501,Critical
1112,101,2025-05-24,BLD301,Critical
1113,127,2025-07-31,GEN401,Low
1114,13,2025-09-10,BLD301,Low
1115,23,2025-08-06,SNS205,Low
1116,45,2025-04-18,GEN401,Low
1117,76,2025-12-08,GEN401,Low
1118,137,2025-02-14,GEN401,Medium
1119,42,2025-06-11,BRK501,Medium
1120,139,2025-06-26,BRK501,Critical
1121,50,2025-06-07,BRK501,Low
1122,133,2025-12-26,GEN401,Critical
1123,14,2025-12-02,BRK501,Low
1124,136,2025-10-17,GEN401,High
1125,130,2025-10-10,SNS205,Medium
1126,39,2025-01-11,GEN401,Medium
1127,66,2025-09-06,BRK501,Critical
1128,70,2025-03-20,GEN401,Critical
1129,135,2025-10-14,BLD301,Medium
1130,147,2025-06-07,BLD301,High
1131,70,2025-05-22,GEN401,High
1132,62,2025-05-28,BLD301,Critical
1133,123,2025-12-02,SNS205,High
1134,47,2025-06-13,BLD301,Medium
1135,63,2025-03-24,BLD301,Low
1136,117,2025-11-09,GEN401,Medium
1137,74,2025-12-20,SNS205,Medium
1138,91,2025-08-15,GEN401,Low
1139,44,2025-08-18,BLD301,Medium
1140,36,2025-02-23,BLD301,Low
1141,140,2025-06-12,BLD301,Critical
1142,81,2025-07-04,GEN401,Low
1143,66,2025-02-06,GBX101,Low
1144,56,2025-03-15,GEN401,Medium
1145,113,2025-03-06,BLD301,Low
1146,36,2025-01-03,GEN401,Medium
1147,1,2025-05-03,BLD301,Critical
1148,135,2025-02-23,GBX101,Medium
1149,117,2025-09-14,GBX101,Medium
1150,79,2025-09-02,SNS205,High
1151,47,2025-02-24,BRK501,Low
1152,108,2025-12-13,GEN401,Low
1153,77,2025-03-16,GEN401,High
1154,70,2025-04-22,SNS205,Critical
1155,2,2025-07-11,GBX101,Low
1156,45,2025-12-26,GEN401,Medium
1157,30,2025-07-13,GEN401,Low
1158,126,2025-01-17,GEN401,Critical
1159,110,2025-12-28,BLD301,High
1160,124,2025-07-21,BRK501,Medium
1161,84,2025-08-28,BLD301,High
1162,29,2025-10-13,BLD301,Medium
1163,136,2025-08-09,BLD301,High
1164,16,2025-06-10,BLD301,Medium
1165,72,2025-01-11,BLD301,Medium
1166,83,2025-08-04,SNS205,Medium
1167,52,2025-03-15,BLD301,Low
1168,78,2025-07-02,GEN401,High
1169,35,2025-09-08,SNS205,Critical
1170,19,2025-10-12,GEN401,Medium
1171,135,2025-07-28,GEN401,Critical
1172,90,2025-11-10,GBX101,Medium
1173,31,2025-03-23,GEN401,Medium
1174,133,2025-03-29,BRK501,High
1175,110,2025-12-05,BLD301,Critical
1176,122,2025-09-01,BLD301,Critical
1177,51,2025-08-18,GEN401,Low
1178,115,2025-05-30,BRK501,Low
1179,90,2025-08-02,BLD301,Low
1180,128,2025-01-11,SNS205,Critical
1181,86,2025-03-22,BRK501,High
1182,18,2025-10-22,GEN401,High
1183,91,2025-04-20,BLD301,Medium
1184,64,2025-10-25,SNS205,Low
1185,140,2025-01-12,GEN401,Medium
1186,30,2025-05-10,BRK501,Critical
1187,63,2025-02-02,BRK501,High
1188,127,2025-05-20,BRK501,Medium
1189,40,2025-09-22,BLD301,Medium
1190,21,2025-04-20,BLD301,High
1191,67,2025-01-04,GEN401,Low
1192,134,2025-12-03,GBX101,Low
1193,12,2025-06-28,SNS205,Low
1194,147,2025-12-11,GEN401,Medium
1195,15,2025-10-14,BLD301,Medium
1196,88,2025-10-31,BRK501,Critical
1197,118,2025-08-18,GEN401,Critical
1198,109,2025-06-19,SNS205,Medium
1199,68,2025-12-30,SNS205,High
1200,10,2025-05-30,BLD301,Critical
1201,108,2025-10-16,BLD301,High
1202,43,2025-12-22,SNS205,High
1203,95,2025-02-25,BLD301,Medium
1204,124,2025-03-11,BLD301,Low
1205,126,2025-12-05,GEN401,Medium
1206,129,2025-08-03,GBX101,Low
1207,62,2025-10-26,BLD301,Critical
1208,96,2025-12-14,BRK501,Medium
1209,27,2025-07-22,SNS205,Low
1210,139,2025-11-15,GEN401,High
1211,137,2025-09-03,GEN401,Critical
1212,6,2025-01-26,BRK501,Critical
1213,18,2025-08-15,BRK501,Low
1214,131,2025-01-07,BLD301,Medium
1215,103,2025-02-28,BRK501,High
1216,146,2025-02-27,BLD301,Medium
1217,126,2025-09-25,SNS205,Critical
1218,115,2025-06-26,GBX101,Low
1219,64,2025-11-15,SNS205,Medium
1220,133,2025-08-05,BLD301,High
1221,150,2025-05-08,SNS205,Medium
1222,61,2025-04-05,GEN401,High
1223,116,2025-05-15,SNS205,Medium
1224,114,2025-04-30,SNS205,Critical
1225,126,2025-02-22,GEN401,Low
1226,49,2025-03-30,SNS205,Low
1227,48,2025-12-12,GEN401,Low
1228,84,2025-12-18,SNS205,Low
1229,5,2025-06-12,BRK501,Medium
1230,112,2025-11-07,GEN401,High
1231,122,2025-03-09,SNS205,High
1232,17,2025-03-20,GEN401,Low
1233,120,2025-09-25,BLD301,Low
1234,48,2025-01-27,GBX101,Low
1235,41,2025-09-30,SNS205,High
1236,23,2025-09-26,BLD301,Critical
1237,50,2025-11-29,BRK501,Critical
1238,90,2025-06-10,BRK501,High
1239,13,2025-03-08,BRK501,Medium
1240,113,2025-02-18,GEN401,Medium
1241,120,2025-03-19,BRK501,High
1242,22,2025-07-06,BRK501,Medium
1243,119,2025-03-02,BLD301,Low
1244,89,2025-01-28,BLD301,Critical
1245,36,2025-02-17,BLD301,Low
1246,8,2025-02-14,GEN401,Medium
1247,19,2025-01-05,BLD301,Low
1248,33,2025-08-30,SNS205,Critical
1249,111,2025-09-10,GEN401,Critical
1250,138,2025-06-13,BLD301,Medium
1251,147,2025-11-07,BRK501,Medium
1252,34,2025-06-06,GBX101,Low
1253,60,2025-09-28,BLD301,Low
1254,119,2025-08-22,BRK501,Medium
1255,7,2025-01-16,SNS205,Medium
1256,71,2025-03-14,SNS205,Medium
1257,50,2025-10-16,BRK501,Medium
1258,133,2025-10-19,BRK501,Low
1259,56,2025-08-09,SNS205,High
1260,114,2025-03-24,SNS205,Medium
1261,141,2025-02-13,BRK501,Low
1262,35,2025-08-30,BLD301,High
1263,37,2025-06-23,BRK501,Medium
1264,3,2025-05-10,GEN401,Critical
1265,74,2025-10-18,GBX101,Critical
1266,137,2025-04-17,BRK501,Critical
1267,144,2025-07-19,GEN401,Medium
1268,45,2025-04-30,SNS205,Low
1269,114,2025-10-15,BRK501,Medium
1270,98,2025-02-24,BLD301,High
1271,114,2025-09-27,BRK501,Critical
1272,36,2025-05-02,BLD301,High
1273,92,2025-05-18,BRK501,High
1274,27,2025-04-01,GEN401,High
1275,11,2025-12-28,SNS205,Low
1276,98,2025-09-03,SNS205,Critical
1277,5,2025-10-08,GEN401,High
1278,86,2025-10-10,GEN401,Low
1279,60,2025-02-26,GEN401,Low
1280,54,2025-04-29,BLD301,Low
1281,97,2025-01-06,GEN401,Critical
1282,3,2025-05-05,BRK501,Low
1283,91,2025-02-12,GBX101,High
1284,74,2025-12-06,GBX101,Critical
1285,33,2025-05-15,BRK501,Low
1286,146,2025-01-15,GEN401,Medium
1287,116,2025-05-24,BLD301,Low
1288,45,2025-03-07,BLD301,High
1289,4,2025-09-15,SNS205,Critical
1290,105,2025-07-21,GEN401,Critical
1291,25,2025-09-25,SNS205,Medium
1292,13,2025-01-23,BRK501,High
1293,77,2025-07-01,GBX101,Critical
1294,138,2025-03-11,GBX101,Critical
1295,34,2025-03-22,SNS205,Low
1296,39,2025-07-15,BLD301,Medium
1297,5,2025-07-13,SNS205,Low
1298,31,2025-02-23,BRK501,Low
1299,113,2025-08-03,BRK501,High
1300,19,2025-11-28,BRK501,Medium
1301,44,2025-10-25,GEN401,High
1302,138,2025-05-31,BRK501,High
1303,107,2025-01-27,GEN401,High
1304,26,2025-01-25,BRK501,Low
1305,140,2025-07-18,GBX101,Medium
1306,33,2025-04-06,GBX101,High
1307,139,2025-07-24,BRK501,Critical
1308,143,2025-08-08,SNS205,High
1309,76,2025-03-15,GBX101,Low
1310,1,2025-08-27,BRK501,Critical
1311,140,2025-02-05,BRK501,Low
1312,123,2025-03-15,BRK501,Low
1313,61,2025-02-21,BLD301,Critical
1314,36,2025-04-10,SNS205,Critical
1315,109,2025-12-26,SNS205,Medium
1316,29,2025-12-21,BRK501,High
1317,27,2025-10-12,GEN401,Low
1318,17,2025-10-16,GBX101,Medium
1319,82,2025-12-11,GBX101,Critical
1320,70,2025-01-28,GBX101,Critical
1321,8,2025-08-27,SNS205,Critical
1322,49,2025-08-01,GEN401,Low
1323,55,2025-08-20,BRK501,Critical
1324,35,2025-03-03,BRK501,Critical
1325,79,2025-06-07,GBX101,Medium
1326,32,2025-04-23,BRK501,Medium
1327,39,2025-07-29,GBX101,Medium
1328,60,2025-08-06,GBX101,Critical
1329,28,2025-10-28,SNS205,Low
1330,130,2025-05-18,GEN401,Medium
1331,107,2025-01-17,BLD301,Critical
1332,144,2025-07-23,BLD301,High
1333,95,2025-06-07,BLD301,High
1334,16,2025-06-14,BLD301,Critical
1335,63,2025-08-25,GEN401,Critical
1336,42,2025-12-14,GEN401,Critical
1337,27,2025-01-16,GBX101,Critical
1338,17,2025-02-20,BRK501,Low
1339,138,2025-04-14,GBX101,High
1340,101,2025-12-24,BRK501,Low
1341,63,2025-05-29,BRK501,Low
1342,127,2025-09-10,BLD301,Medium
1343,40,2025-01-04,SNS205,High
1344,2,2025-10-28,BLD301,Medium
1345,27,2025-03-01,GBX101,Medium
1346,75,2025-12-30,GEN401,High
1347,40,2025-09-02,SNS205,Low
1348,10,2025-08-29,GEN401,High
1349,60,2025-09-13,BLD301,Medium
1350,141,2025-08-02,BRK501,High
1351,59,2025-07-23,SNS205,Medium
1352,31,2025-02-04,GBX101,Low
1353,64,2025-07-02,BRK501,High
1354,96,2025-02-14,BLD301,Low
1355,33,2025-06-06,SNS205,Critical
1356,56,2025-10-09,GEN401,Medium
1357,95,2025-12-28,GBX101,High
1358,60,2025-07-06,SNS205,High
1359,142,2025-05-18,BLD301,Low
1360,51,2025-08-28,GEN401,Low
1361,114,2025-06-07,SNS205,High
1362,59,2025-03-02,GBX101,Medium
1363,117,2025-11-21,SNS205,High
1364,76,2025-10-05,GEN401,Medium
1365,107,2025-09-17,BLD301,Critical
1366,82,2025-01-11,BLD301,Medium
1367,74,2025-11-25,GBX101,Medium
1368,120,2025-11-05,GEN401,Low
1369,7,2025-10-05,GBX101,High
1370,101,2025-10-31,SNS205,High
1371,12,2025-12-26,SNS205,Low
1372,103,2025-03-03,SNS205,Low
1373,44,2025-10-09,BLD301,Low
1374,124,2025-05-16,GBX101,Low
1375,87,2025-05-17,BRK501,Critical
1376,55,2025-07-07,SNS205,High
1377,125,2025-02-22,GEN401,Critical
1378,143,2025-11-02,GBX101,Medium
1379,48,2025-01-07,GBX101,Low
1380,78,2025-04-11,BRK501,Low
1381,119,2025-02-07,BRK501,High
1382,37,2025-04-09,BLD301,Critical
1383,34,2025-07-30,GEN401,High
1384,8,2025-02-05,GBX101,Low
1385,16,2025-02-08,GBX101,High
1386,130,2025-11-29,BRK501,Low
1387,143,2025-01-15,GEN401,Critical
1388,66,2025-04-28,BRK501,Medium
1389,56,2025-09-07,GBX101,Low
1390,76,2025-06-10,BLD301,Medium
1391,143,2025-07-03,SNS205,Medium
1392,30,2025-09-20,SNS205,Low
1393,24,2025-07-05,GBX101,Medium
1394,86,2025-01-18,GEN401,Medium
1395,17,2025-11-10,GEN401,Medium
1396,60,2025-03-06,BRK501,Low
1397,45,2025-11-04,BRK501,Low
1398,49,2025-06-01,GEN401,Medium
1399,101,2025-05-20,BRK501,Medium
1400,108,2025-03-10,BLD301,Medium
1401,109,2025-06-04,GBX101,Medium
1402,63,2025-11-09,GEN401,Critical
1403,53,2025-10-28,GEN401,High
1404,97,2025-12-20,SNS205,High
1405,106,2025-03-05,BLD301,High
1406,69,2025-11-13,GEN401,Critical
1407,59,2025-10-06,BLD301,Low
1408,123,2025-10-24,GEN401,Critical
1409,116,2025-06-07,SNS205,Medium
1410,92,2025-08-24,GBX101,Medium
1411,60,2025-06-02,BLD301,High
1412,66,2025-12-03,SNS205,High
1413,43,2025-10-02,BLD301,Critical
1414,44,2025-11-23,BRK501,High
1415,79,2025-07-31,GEN401,High
1416,66,2025-06-02,GBX101,Critical
1417,123,2025-10-03,GEN401,Medium
1418,149,2025-11-16,BLD301,High
1419,97,2025-12-02,BLD301,High
1420,52,2025-07-19,BLD301,Low
1421,143,2025-08-18,SNS205,Critical
1422,4,2025-07-04,BLD301,Critical
1423,37,2025-12-20,BRK501,Low
1424,3,2025-09-16,SNS205,High
1425,76,2025-01-21,GBX101,Medium
1426,95,2025-05-17,GBX101,Medium
1427,102,2025-10-17,BRK501,Critical
1428,5,2025-11-17,GEN401,Low
1429,31,2025-05-16,BRK501,Medium
1430,8,2025-11-29,BRK501,Low
1431,82,2025-10-03,GEN401,Low
1432,102,2025-01-29,SNS205,Medium
1433,128,2025-11-08,BRK501,Critical
1434,95,2025-05-26,BRK501,Medium
1435,146,2025-01-05,BRK501,Critical
1436,109,2025-01-20,GBX101,Low
1437,147,2025-08-17,SNS205,Medium
1438,139,2025-07-17,SNS205,Critical
1439,82,2025-06-09,GEN401,Medium
1440,72,2025-02-03,BLD301,Medium
1441,50,2025-10-08,SNS205,Medium
1442,134,2025-03-06,GBX101,Medium
1443,74,2025-09-09,GEN401,Critical
1444,88,2025-01-19,SNS205,Critical
1445,113,2025-06-18,BLD301,Critical
1446,132,2025-07-26,GEN401,Low
1447,110,2025-11-06,SNS205,Medium
1448,149,2025-01-06,BRK501,Medium
1449,53,2025-04-18,BLD301,Low
1450,35,2025-04-29,SNS205,Low
1451,81,2025-04-28,GBX101,High
1452,109,2025-08-26,BLD301,High
1453,12,2025-10-11,BLD301,Medium
1454,133,2025-08-05,SNS205,High
1455,60,2025-08-28,GBX101,High
1456,5,2025-01-09,BRK501,Critical
1457,71,2025-06-05,SNS205,Medium
1458,3,2025-08-01,GEN401,Critical
1459,109,2025-12-03,BRK501,Low
1460,32,2025-05-20,GEN401,Critical
1461,73,2025-01-16,BRK501,Medium
1462,25,2025-03-08,BRK501,Low
1463,8,2025-05-03,BRK501,Critical
1464,68,2025-03-14,BRK501,Medium
1465,43,2025-07-20,BLD301,Low
1466,136,2025-09-24,BRK501,Low
1467,89,2025-05-13,BRK501,Medium
1468,134,2025-11-02,BRK501,Critical
1469,93,2025-08-12,SNS205,High
1470,18,2025-06-22,SNS205,Medium
1471,120,2025-11-24,BLD301,High
1472,130,2025-09-19,GBX101,Critical
1473,9,2025-11-08,GEN401,Low
1474,24,2025-06-24,GBX101,Low
1475,119,2025-03-11,GBX101,High
1476,53,2025-04-30,GBX101,Low
1477,8,2025-05-27,BRK501,Critical
1478,92,2025-12-05,BLD301,Critical
1479,110,2025-05-28,SNS205,Medium
1480,42,2025-08-15,BLD301,Low
1481,121,2025-08-05,GEN401,Critical
1482,43,2025-03-18,SNS205,High
1483,75,2025-04-23,GBX101,Low
1484,44,2025-11-19,GEN401,Critical
1485,52,2025-12-04,BRK501,High
1486,68,2025-03-02,GEN401,High
1487,84,2025-07-31,GEN401,High
1488,7,2025-04-20,GBX101,Low
1489,68,2025-07-22,SNS205,Critical
1490,92,2025-09-20,BLD301,Critical
1491,127,2025-12-12,BRK501,Critical
1492,57,2025-01-13,GBX101,Medium
1493,1,2025-05-19,SNS205,Low
1494,93,2025-03-13,BLD301,Medium
1495,23,2025-05-17,GEN401,High
1496,22,2025-06-11,BRK501,Low
1497,147,2025-08-19,GBX101,Medium
1498,109,2025-09-13,GEN401,Critical
1499,48,2025-10-05,BLD301,Medium
1500,73,2025-06-18,GEN401,High
1501,139,2025-12-26,BRK501,Critical
1502,16,2025-01-07,BLD301,Low
1503,104,2025-02-08,BRK501,Medium
1504,100,2025-12-30,BLD301,High
1505,6,2025-02-16,BLD301,Low
1506,95,2025-10-28,GBX101,Critical
1507,52,2025-01-10,BRK501,High
1508,122,2025-07-20,GBX101,Critical
1509,115,2025-12-19,SNS205,Critical
1510,136,2025-12-03,GBX101,High
1511,91,2025-08-24,GEN401,Medium
1512,95,2025-03-08,BRK501,Critical
1513,133,2025-08-14,SNS205,Critical
1514,63,2025-01-10,GEN401,Low
1515,28,2025-05-05,BLD301,High
1516,117,2025-09-17,BLD301,Low
1517,73,2025-08-22,GEN401,Critical
1518,114,2025-01-24,GBX101,Critical
1519,110,2025-12-06,BRK501,High
1520,134,2025-04-17,SNS205,Critical
1521,129,2025-06-23,GEN401,High
1522,115,2025-07-11,GEN401,Medium
1523,140,2025-12-12,GBX101,Medium
1524,92,2025-02-19,GBX101,Critical
1525,63,2025-02-21,GEN401,Critical
1526,86,2025-04-17,BLD301,Critical
1527,143,2025-07-18,GBX101,High
1528,87,2025-04-28,GBX101,Medium
1529,54,2025-02-21,SNS205,Critical
1530,72,2025-01-15,BRK501,High
1531,25,2025-01-10,GEN401,Medium
1532,104,2025-07-02,BRK501,Low
1533,113,2025-07-09,BLD301,High
1534,131,2025-08-27,SNS205,Low
1535,148,2025-10-28,GBX101,Critical
1536,32,2025-01-14,GBX101,High
1537,78,2025-09-10,GBX101,High
1538,94,2025-06-10,GBX101,Low
1539,105,2025-05-16,BRK501,Medium
1540,96,2025-04-01,GBX101,High
1541,108,2025-12-13,BRK501,High
1542,114,2025-05-06,SNS205,Medium
1543,39,2025-08-10,SNS205,Medium
1544,93,2025-10-19,SNS205,Critical
1545,103,2025-09-30,BRK501,High
1546,46,2025-07-13,GEN401,Low
1547,19,2025-02-12,BLD301,High
1548,10,2025-03-16,SNS205,Low
1549,1,2025-05-18,SNS205,Low
1550,52,2025-01-13,GEN401,Critical
1551,92,2025-07-24,BRK501,Critical
1552,53,2025-12-24,GEN401,Low
1553,123,2025-06-09,GEN401,High
1554,89,2025-03-17,GEN401,High
1555,6,2025-07-05,BLD301,Critical
1556,109,2025-01-30,SNS205,Low
1557,69,2025-12-18,GBX101,Low
1558,132,2025-05-19,BRK501,Critical
1559,131,2025-11-19,GBX101,Low
1560,45,2025-12-17,GEN401,High
1561,107,2025-10-03,GEN401,Low
1562,102,2025-06-29,BLD301,High
1563,66,2025-10-11,SNS205,Low
1564,31,2025-01-27,GEN401,Low
1565,89,2025-09-26,SNS205,Critical
1566,3,2025-08-29,SNS205,Low
1567,98,2025-11-13,GBX101,High
1568,105,2025-09-13,BLD301,Medium
1569,44,2025-09-15,BRK501,Low
1570,85,2025-01-13,BRK501,Medium
1571,60,2025-12-21,BRK501,Medium
1572,136,2025-01-05,GBX101,Critical
1573,11,2025-03-24,GBX101,Low
1574,92,2025-04-13,GBX101,Critical
1575,68,2025-05-14,GEN401,Critical
1576,129,2025-06-29,BLD301,Medium
1577,149,2025-05-12,BRK501,Critical
1578,150,2025-12-06,BLD301,Low
1579,61,2025-10-28,GBX101,Low
1580,66,2025-08-08,BRK501,Low
1581,114,2025-06-08,GEN401,High
1582,56,2025-10-18,BRK501,High
1583,72,2025-02-24,GEN401,Medium
1584,13,2025-08-31,GEN401,High
1585,134,2025-03-19,GEN401,High
1586,134,2025-11-21,BRK501,Low
1587,149,2025-07-19,SNS205,High
1588,145,2025-11-11,SNS205,Critical
1589,55,2025-05-31,SNS205,Critical
1590,150,2025-01-11,GEN401,High
1591,102,2025-04-22,GEN401,Critical
1592,51,2025-04-28,BLD301,Medium
1593,131,2025-11-14,SNS205,Critical
1594,69,2025-03-30,GBX101,Low
1595,61,2025-10-30,SNS205,Low
1596,27,2025-01-07,SNS205,Critical
1597,14,2025-03-31,SNS205,Low
1598,81,2025-02-28,BLD301,Medium
1599,86,2025-02-08,BLD301,High
1600,31,2025-03-25,BRK501,Low
1601,3,2025-04-15,BRK501,Medium
1602,17,2025-12-30,GBX101,High
1603,52,2025-05-12,SNS205,Low
1604,14,2025-09-25,GBX101,Medium
1605,94,2025-11-02,GBX101,High
1606,24,2025-03-10,SNS205,Critical
1607,78,2025-08-27,BRK501,Low
1608,70,2025-04-12,GEN401,Critical
1609,43,2025-12-31,SNS205,Low
1610,47,2025-04-27,BLD301,Medium
1611,13,2025-08-01,BRK501,Critical
1612,87,2025-09-08,SNS205,Low
1613,57,2025-12-20,BRK501,Critical
1614,74,2025-09-10,BLD301,High
1615,128,2025-01-15,GEN401,Medium
1616,84,2025-02-21,GBX101,High
1617,13,2025-11-12,BLD301,Critical
1618,60,2025-06-19,BRK501,Critical
1619,76,2025-02-06,BRK501,Medium
1620,8,2025-02-25,GEN401,Low
1621,8,2025-08-25,SNS205,Low
1622,53,2025-05-30,BLD301,High
1623,48,2025-07-25,BLD301,Critical
1624,88,2025-09-07,BRK501,High
1625,47,2025-12-19,GBX101,Low
1626,58,2025-09-20,BLD301,High
1627,99,2025-08-04,BRK501,Critical
1628,23,2025-02-01,GBX101,Low
1629,3,2025-12-03,SNS205,High
1630,52,2025-09-20,GEN401,Critical
1631,125,2025-03-03,BLD301,Critical
1632,21,2025-07-06,BRK501,Critical
1633,110,2025-04-26,GEN401,Medium
1634,148,2025-07-09,GEN401,High
1635,88,2025-10-25,GEN401,Critical
1636,72,2025-09-18,GBX101,Critical
1637,133,2025-12-20,BLD301,Low
1638,137,2025-08-08,BRK501,Medium
1639,9,2025-07-13,BLD301,Low
1640,24,2025-01-27,BLD301,High
1641,79,2025-12-14,GBX101,Critical
1642,63,2025-04-11,GEN401,High
1643,106,2025-05-15,GEN401,Low
1644,70,2025-07-25,BRK501,Low
1645,2,2025-12-26,SNS205,Critical
1646,58,2025-11-21,SNS205,Medium
1647,40,2025-05-14,BRK501,Low
1648,46,2025-06-04,SNS205,High
1649,131,2025-03-13,BLD301,High
1650,94,2025-07-19,GBX101,Critical
1651,120,2025-06-21,GBX101,Medium
1652,142,2025-10-27,BRK501,Low
1653,44,2025-11-08,GEN401,High
1654,131,2025-10-23,BRK501,High
1655,76,2025-05-29,GEN401,Low
1656,104,2025-03-27,GEN401,Medium
1657,76,2025-06-12,GEN401,Critical
1658,91,2025-07-08,BRK501,Low
1659,131,2025-08-11,BLD301,Low
1660,56,2025-09-09,SNS205,High
1661,16,2025-03-05,GEN401,Critical
1662,84,2025-11-07,GBX101,Low
1663,44,2025-11-14,BRK501,Low
1664,132,2025-09-13,BLD301,High
1665,88,2025-07-19,GEN401,Critical
1666,138,2025-08-23,SNS205,High
1667,138,2025-01-10,BRK501,High
1668,75,2025-05-08,SNS205,Medium
1669,36,2025-06-15,BLD301,Low
1670,105,2025-06-27,GEN401,Critical
1671,136,2025-10-15,GBX101,High
1672,85,2025-11-21,SNS205,Medium
1673,149,2025-04-25,GBX101,Critical
1674,1,2025-10-21,GBX101,High
1675,133,2025-11-09,BLD301,Medium
1676,99,2025-06-21,BRK501,Critical
1677,22,2025-04-13,BLD301,Critical
1678,18,2025-11-29,BRK501,Low
1679,114,2025-12-05,GBX101,Critical
1680,21,2025-11-30,GBX101,High
1681,140,2025-11-13,GBX101,Critical
1682,63,2025-05-15,SNS205,High
1683,1,2025-05-22,GBX101,Critical
1684,123,2025-07-17,GEN401,High
1685,132,2025-11-07,GBX101,Critical
1686,52,2025-06-08,GBX101,Low
1687,127,2025-04-05,GBX101,Low
1688,96,2025-08-14,GBX101,Medium
1689,148,2025-08-02,GBX101,Critical
1690,25,2025-05-29,BLD301,Critical
1691,79,2025-03-19,GBX101,Low
1692,145,2025-10-29,SNS205,Low
1693,4,2025-11-25,SNS205,High
1694,14,2025-09-28,BLD301,Low
1695,41,2025-08-27,SNS205,Critical
1696,31,2025-05-31,BLD301,Critical
1697,119,2025-08-13,GBX101,Critical
1698,72,2025-04-20,GBX101,Low
1699,60,2025-09-10,BLD301,Low
1700,150,2025-07-11,BLD301,Medium
1701,75,2025-07-19,GEN401,High
1702,11,2025-09-09,BLD301,Critical
1703,37,2025-07-24,SNS205,Low
1704,62,2025-06-07,GEN401,Low
1705,40,2025-01-06,GBX101,Medium
1706,95,2025-05-12,SNS205,Medium
1707,20,2025-05-26,SNS205,Low
1708,4,2025-10-13,BLD301,High
1709,111,2025-07-23,GBX101,Critical
1710,91,2025-06-23,SNS205,Low
1711,132,2025-11-06,BRK501,High
1712,17,2025-07-31,SNS205,High
1713,63,2025-02-12,GEN401,Critical
1714,69,2025-07-07,GEN401,Medium
1715,49,2025-09-02,GEN401,Critical
1716,43,2025-03-17,GBX101,Critical
1717,136,2025-07-26,BRK501,Critical
1718,120,2025-10-31,SNS205,Low
1719,46,2025-03-29,GBX101,Critical
1720,79,2025-09-05,BRK501,Medium
1721,26,2025-07-29,GEN401,Critical
1722,91,2025-12-05,BRK501,Critical
1723,123,2025-12-07,GEN401,High
1724,50,2025-02-02,GBX101,High
1725,3,2025-07-07,SNS205,Medium
1726,33,2025-09-18,GBX101,High
1727,16,2025-03-19,SNS205,Critical
1728,98,2025-01-29,BRK501,Medium
1729,87,2025-01-29,GEN401,Critical
1730,40,2025-08-05,GEN401,Medium
1731,87,2025-10-31,BLD301,High
1732,16,2025-11-13,GEN401,Critical
1733,83,2025-08-19,GEN401,Critical
1734,20,2025-08-05,SNS205,Critical
1735,38,2025-03-23,SNS205,Low
1736,60,2025-04-19,BLD301,Medium
1737,99,2025-11-12,SNS205,High
1738,117,2025-10-25,GBX101,Low
1739,31,2025-10-23,BRK501,High
1740,72,2025-11-08,SNS205,Critical
1741,101,2025-05-09,SNS205,High
1742,149,2025-01-22,BLD301,Low
1743,32,2025-10-29,SNS205,Low
1744,12,2025-05-06,GBX101,Medium
1745,34,2025-09-25,GEN401,Low
1746,26,2025-03-17,GBX101,Critical
1747,16,2025-07-10,SNS205,Low
1748,14,2025-03-11,BRK501,Medium
1749,66,2025-04-23,GBX101,Medium
1750,56,2025-04-27,GEN401,Critical
1751,95,2025-10-27,GBX101,Critical
1752,21,2025-08-01,BRK501,Critical
1753,47,2025-07-10,GEN401,Critical
1754,124,2025-04-22,SNS205,High
1755,10,2025-11-19,GEN401,Medium
1756,40,2025-05-01,GBX101,Medium
1757,90,2025-11-02,BRK501,High
1758,17,2025-12-21,GBX101,Low
1759,53,2025-08-03,GEN401,Low
1760,42,2025-01-19,GEN401,Low
1761,36,2025-11-30,BLD301,Medium
1762,147,2025-02-01,GBX101,High
1763,121,2025-09-09,BLD301,High
1764,111,2025-12-27,SNS205,Low
1765,101,2025-09-10,SNS205,Low
1766,121,2025-08-10,GBX101,High
1767,117,2025-07-06,GBX101,Critical
1768,18,2025-02-27,GEN401,High
1769,63,2025-11-06,BLD301,Low
1770,128,2025-01-22,GEN401,Medium
1771,71,2025-03-02,BLD301,Medium
1772,105,2025-10-07,BLD301,Critical
1773,91,2025-01-23,GEN401,High
1774,27,2025-06-17,BRK501,High
1775,64,2025-07-17,GBX101,High
1776,81,2025-01-31,SNS205,Low
1777,90,2025-05-09,BLD301,Critical
1778,94,2025-12-04,BRK501,High
1779,15,2025-01-18,SNS205,High
1780,70,2025-04-29,BLD301,High
1781,16,2025-10-30,BRK501,Low
1782,15,2025-04-30,SNS205,High
1783,85,2025-11-16,SNS205,Critical
1784,70,2025-10-11,BLD301,Low
1785,31,2025-08-26,GBX101,Medium
1786,77,2025-01-24,GEN401,Medium
1787,29,2025-04-14,BRK501,Critical
1788,113,2025-05-20,BLD301,Medium
1789,112,2025-11-22,SNS205,Low
1790,72,2025-05-21,BRK501,Medium
1791,8,2025-07-11,GBX101,High
1792,73,2025-03-17,GEN401,Critical
1793,73,2025-05-19,BLD301,High
1794,48,2025-08-12,GEN401,High
1795,82,2025-03-19,SNS205,Critical
1796,125,2025-03-14,GEN401,Critical
1797,126,2025-04-21,SNS205,Critical
1798,55,2025-01-17,GEN401,High
1799,7,2025-03-05,GEN401,High
1800,93,2025-10-11,SNS205,High
1801,19,2025-03-09,BLD301,Critical
1802,149,2025-08-02,SNS205,Critical
1803,12,2025-06-08,SNS205,Critical
1804,72,2025-06-07,BRK501,Critical
1805,56,2025-01-12,SNS205,Critical
1806,113,2025-10-01,BRK501,High
1807,27,2025-03-31,SNS205,Critical
1808,83,2025-12-05,GEN401,Low
1809,127,2025-05-04,BLD301,Critical
1810,136,2025-02-19,BLD301,Low
1811,92,2025-03-25,BLD301,High
1812,113,2025-08-30,BLD301,Critical
1813,44,2025-03-06,BRK501,Critical
1814,36,2025-11-26,GBX101,High
1815,89,2025-05-15,BLD301,Critical
1816,133,2025-01-11,BRK501,High
1817,149,2025-04-15,SNS205,High
1818,46,2025-06-08,BRK501,Critical
1819,122,2025-05-03,SNS205,Low
1820,1,2025-09-24,GBX101,Low
1821,9,2025-09-07,BRK501,Low
1822,43,2025-03-20,SNS205,High
1823,20,2025-02-22,GEN401,Low
1824,135,2025-03-25,BLD301,Low
1825,108,2025-11-21,GEN401,Critical
1826,58,2025-03-11,SNS205,High
1827,85,2025-01-27,GEN401,Critical
1828,17,2025-07-24,GBX101,Critical
1829,98,2025-08-07,SNS205,Critical
1830,10,2025-08-15,SNS205,Critical
1831,52,2025-06-15,SNS205,Low
1832,23,2025-04-29,GEN401,Critical
1833,64,2025-02-09,BLD301,High
1834,85,2025-10-16,BRK501,Critical
1835,9,2025-06-21,SNS205,Medium
1836,9,2025-02-19,GEN401,Low
1837,94,2025-08-17,BLD301,High
1838,52,2025-11-11,GBX101,Medium
1839,139,2025-12-26,GBX101,Low
1840,82,2025-04-01,SNS205,Low
1841,42,2025-09-09,SNS205,Medium
1842,130,2025-06-08,BLD301,Critical
1843,24,2025-06-20,BLD301,Low
1844,59,2025-06-17,BRK501,High
1845,19,2025-11-26,GEN401,Low
1846,89,2025-09-09,SNS205,High
1847,96,2025-07-26,GEN401,Low
1848,74,2025-02-08,GEN401,Medium
1849,122,2025-07-04,BLD301,Critical
1850,40,2025-06-02,SNS205,Low
1851,17,2025-01-21,BRK501,High
1852,119,2025-06-27,SNS205,High
1853,137,2025-11-25,GEN401,Low
1854,81,2025-09-23,SNS205,Critical
1855,146,2025-06-09,BRK501,Medium
1856,12,2025-06-30,GBX101,Medium
1857,41,2025-04-04,SNS205,Medium
1858,26,2025-10-02,SNS205,High
1859,34,2025-09-18,GEN401,High
1860,64,2025-04-22,SNS205,Low
1861,71,2025-01-16,BLD301,Medium
1862,49,2025-03-12,SNS205,Medium
1863,43,2025-10-17,BRK501,Medium
1864,96,2025-10-19,GBX101,Critical
1865,128,2025-01-30,BLD301,Low
1866,104,2025-04-25,BLD301,Medium
1867,147,2025-06-15,BRK501,Low
1868,59,2025-01-19,BRK501,Medium
1869,107,2025-08-06,BRK501,Critical
1870,32,2025-04-06,GEN401,Low
1871,44,2025-12-14,GEN401,Low
1872,7,2025-05-01,BRK501,High
1873,118,2025-01-02,SNS205,Medium
1874,111,2025-09-19,SNS205,Critical
1875,12,2025-08-08,GEN401,Medium
1876,22,2025-01-22,BRK501,Low
1877,108,2025-07-06,SNS205,Medium
1878,138,2025-07-31,GBX101,Medium
1879,97,2025-03-26,GBX101,Critical
1880,76,2025-09-13,BRK501,High
1881,29,2025-03-19,GBX101,Low
1882,29,2025-03-14,SNS205,Critical
1883,4,2025-07-31,GEN401,Critical
1884,145,2025-12-02,BLD301,Medium
1885,145,2025-01-27,BLD301,Medium
1886,37,2025-01-22,GBX101,High
1887,23,2025-04-23,GEN401,High
1888,129,2025-04-10,GBX101,Low
1889,21,2025-04-11,SNS205,Medium
1890,102,2025-04-12,SNS205,Medium
1891,10,2025-10-11,GEN401,Low
1892,21,2025-12-18,BLD301,Low
1893,46,2025-10-13,SNS205,Medium
1894,125,2025-09-16,BRK501,Medium
1895,111,2025-05-31,BRK501,Low
1896,129,2025-01-27,SNS205,High
1897,124,2025-12-30,SNS205,Critical
1898,135,2025-08-10,BRK501,Medium
1899,121,2025-07-24,SNS205,High
1900,5,2025-06-16,SNS205,Medium
1901,136,2025-03-17,GBX101,Low
1902,104,2025-10-02,BRK501,Medium
1903,20,2025-01-08,SNS205,Low
1904,116,2025-03-07,GEN401,Critical
1905,102,2025-12-05,SNS205,Medium
1906,96,2025-10-02,SNS205,Critical
1907,33,2025-12-13,BLD301,High
1908,127,2025-02-28,SNS205,Medium
1909,135,2025-01-21,BRK501,Critical
1910,76,2025-07-03,GEN401,Low
1911,83,2025-11-29,BRK501,Low
1912,94,2025-02-13,GEN401,Low
1913,26,2025-12-13,SNS205,Critical
1914,89,2025-12-20,GEN401,Low
1915,114,2025-10-24,BRK501,Medium
1916,114,2025-05-16,GBX101,Critical
1917,123,2025-04-30,GEN401,High
1918,4,2025-03-14,GBX101,Critical
1919,4,2025-02-18,SNS205,High
1920,56,2025-08-08,BLD301,Critical
1921,7,2025-02-10,BRK501,Low
1922,37,2025-11-10,GEN401,Critical
1923,52,2025-12-10,GBX101,Medium
1924,55,2025-06-22,BRK501,High
1925,102,2025-10-17,BLD301,Low
1926,112,2025-11-05,BLD301,Medium
1927,52,2025-07-21,BLD301,Critical
1928,149,2025-01-30,SNS205,Critical
1929,27,2025-12-11,GEN401,High
1930,116,2025-02-16,GEN401,Critical
1931,22,2025-02-13,GBX101,High
1932,34,2025-07-11,GBX101,Medium
1933,128,2025-07-23,BLD301,Medium
1934,20,2025-12-30,BRK501,Medium
1935,127,2025-10-03,GEN401,High
1936,28,2025-10-05,BLD301,Medium
1937,44,2025-09-25,BLD301,Critical
1938,29,2025-09-15,BRK501,Critical
1939,16,2025-12-22,BRK501,Low
1940,114,2025-06-16,GEN401,Medium
1941,64,2025-02-17,BRK501,Medium
1942,3,2025-07-09,GBX101,Critical
1943,149,2025-02-13,BRK501,Low
1944,110,2025-05-10,GEN401,Medium
1945,89,2025-10-23,SNS205,Low
1946,14,2025-07-08,BLD301,Medium
1947,144,2025-10-24,SNS205,Critical
1948,69,2025-06-12,GBX101,Low
1949,17,2025-04-18,GEN401,Medium
1950,116,2025-09-11,GBX101,Medium
1951,127,2025-05-16,GEN401,Low
1952,124,2025-11-30,GBX101,High
1953,68,2025-07-29,BLD301,High
1954,147,2025-08-06,SNS205,Critical
1955,117,2025-03-31,BRK501,Low
1956,42,2025-10-26,GBX101,Medium
1957,105,2025-07-28,BRK501,Medium
1958,61,2025-01-09,BRK501,High
1959,94,2025-09-17,GEN401,Low
1960,114,2025-09-03,SNS205,Medium
1961,11,2025-06-19,BRK501,High
1962,118,2025-07-25,GEN401,High
1963,63,2025-01-29,BLD301,Critical
1964,118,2025-06-07,GBX101,Low
1965,122,2025-03-04,GEN401,Critical
1966,81,2025-12-08,GEN401,High
1967,28,2025-02-26,SNS205,High
1968,137,2025-01-10,GBX101,Low
1969,111,2025-08-16,BLD301,Low
1970,79,2025-01-07,SNS205,Critical
1971,71,2025-07-23,SNS205,High
1972,47,2025-10-29,GBX101,Low
1973,91,2025-08-23,BLD301,High
1974,15,2025-12-11,BRK501,Medium
1975,90,2025-09-16,GBX101,Critical
1976,143,2025-04-05,BLD301,High
1977,26,2025-05-29,GEN401,High
1978,50,2025-04-19,BLD301,High
1979,35,2025-09-06,BRK501,High
1980,134,2025-04-16,GEN401,Critical
1981,144,2025-10-17,BLD301,High
1982,95,2025-12-07,GBX101,High
1983,4,2025-05-24,GEN401,Critical
1984,40,2025-03-22,BLD301,Low
1985,71,2025-01-14,GEN401,High
1986,115,2025-08-19,GBX101,Critical
1987,75,2025-03-29,GEN401,Low
1988,103,2025-01-13,BRK501,High
1989,105,2025-06-25,BRK501,Low
1990,139,2025-12-07,BLD301,Critical
1991,125,2025-05-03,BRK501,High
1992,30,2025-06-25,BRK501,Critical
1993,97,2025-06-03,GBX101,Medium
1994,64,2025-12-21,GEN401,Critical
1995,115,2025-12-12,GBX101,High
1996,27,2025-11-09,SNS205,Critical
1997,142,2025-11-18,BLD301,Critical
1998,94,2025-03-02,GEN401,High
1999,11,2025-01-05,GBX101,Medium
2000,122,2025-07-17,GBX101,Low
2001,25,2025-04-10,BRK501,Critical
2002,36,2025-01-22,BLD301,High
2003,126,2025-10-28,BLD301,Critical
2004,87,2025-05-05,SNS205,Low
2005,92,2025-04-01,GEN401,High
2006,44,2025-10-06,SNS205,Critical
2007,95,2025-05-31,BLD301,Critical
2008,81,2025-05-07,GEN401,High
2009,111,2025-04-10,GEN401,Medium
2010,141,2025-05-20,GBX101,Critical
2011,105,2025-04-09,BRK501,Low
2012,116,2025-08-07,GBX101,Low
2013,61,2025-03-02,BLD301,Critical
2014,82,2025-03-27,GEN401,Medium
2015,104,2025-11-21,GBX101,Low
2016,79,2025-06-28,BRK501,Medium
2017,4,2025-02-21,SNS205,High
2018,4,2025-01-11,GBX101,Medium
2019,110,2025-08-04,GBX101,High
2020,134,2025-11-17,BLD301,Low
2021,107,2025-08-30,GBX101,Medium
2022,137,2025-11-26,GBX101,High
2023,100,2025-05-06,GBX101,Low
2024,58,2025-01-04,GEN401,Low
2025,15,2025-10-01,SNS205,Low
2026,118,2025-06-11,BRK501,High
2027,106,2025-02-02,GBX101,Critical
2028,140,2025-10-25,BLD301,Critical
2029,48,2025-02-22,GEN401,Low
2030,148,2025-11-26,GEN401,Medium
2031,148,2025-02-18,GBX101,High
2032,106,2025-01-05,GEN401,High
2033,63,2025-06-23,GEN401,Low
2034,51,2025-07-18,GEN401,Medium
2035,137,2025-03-18,GEN401,Critical
2036,7,2025-02-15,BLD301,Medium
2037,53,2025-10-09,SNS205,Critical
2038,16,2025-11-24,SNS205,High
2039,22,2025-07-26,SNS205,High
2040,90,2025-09-15,BRK501,Low
2041,94,2025-04-23,BRK501,Medium
2042,6,2025-10-19,GEN401,Medium
2043,103,2025-09-15,GBX101,Low
2044,130,2025-10-13,GEN401,Medium
2045,114,2025-12-20,GBX101,Low
2046,41,2025-12-27,GEN401,Low
2047,140,2025-07-08,BLD301,Medium
2048,110,2025-12-04,BRK501,High
2049,63,2025-09-09,GEN401,Low
2050,124,2025-04-30,BLD301,High
2051,2,2025-04-02,GEN401,Low
2052,97,2025-11-24,BRK501,Medium
2053,62,2025-09-16,GBX101,High
2054,37,2025-01-23,BRK501,Low
2055,69,2025-06-09,SNS205,Medium
2056,87,2025-09-14,SNS205,Low
2057,50,2025-10-24,SNS205,Low
2058,31,2025-11-23,SNS205,Low
2059,10,2025-10-11,BLD301,Low
2060,95,2025-09-18,SNS205,Low
2061,102,2025-07-02,BLD301,Low
2062,11,2025-05-20,GBX101,Low
2063,124,2025-11-25,SNS205,Critical
2064,33,2025-06-25,BLD301,Low
2065,94,2025-09-04,SNS205,High
2066,141,2025-12-02,SNS205,Medium
2067,91,2025-04-02,BRK501,Medium
2068,34,2025-09-13,SNS205,Medium
2069,18,2025-09-14,SNS205,High
2070,128,2025-05-06,BLD301,High
2071,77,2025-01-01,GEN401,Critical
2072,121,2025-04-17,GBX101,High
2073,21,2025-10-07,SNS205,High
2074,18,2025-02-10,BLD301,Critical
2075,1,2025-05-04,GEN401,Low
2076,135,2025-06-26,SNS205,High
2077,92,2025-02-02,BRK501,Low
2078,66,2025-08-09,GEN401,High
2079,119,2025-01-10,GBX101,Low
2080,114,2025-03-11,GBX101,Medium
2081,30,2025-02-22,BLD301,Low
2082,70,2025-11-11,SNS205,High
2083,89,2025-06-14,GEN401,Low
2084,4,2025-02-02,BLD301,Medium
2085,14,2025-11-23,SNS205,High
2086,149,2025-05-08,GBX101,Critical
2087,42,2025-07-20,SNS205,Low
2088,23,2025-03-29,GBX101,Critical
2089,81,2025-04-19,GBX101,Medium
2090,16,2025-08-10,BLD301,Critical
2091,77,2025-08-31,BRK501,High
2092,12,2025-06-17,BLD301,Critical
2093,61,2025-02-14,GBX101,High
2094,116,2025-06-22,BLD301,Critical
2095,2,2025-08-05,SNS205,High
2096,32,2025-07-26,BRK501,Critical
2097,96,2025-07-12,BRK501,Low
2098,15,2025-11-08,BLD301,Critical
2099,23,2025-08-02,BLD301,High
2100,45,2025-12-09,BRK501,High
2101,28,2025-03-03,GBX101,Medium
2102,143,2025-08-11,BLD301,Low
2103,93,2025-07-23,GEN401,Low
2104,61,2025-01-12,GEN401,Low
2105,139,2025-12-14,GBX101,Medium
2106,97,2025-07-21,GEN401,High
2107,103,2025-10-17,BLD301,Critical
2108,61,2025-01-29,SNS205,Medium
2109,62,2025-05-05,GEN401,Low
2110,58,2025-05-19,SNS205,High
2111,125,2025-01-24,GBX101,Medium
2112,133,2025-09-19,SNS205,Critical
2113,66,2025-07-31,BLD301,Medium
2114,26,2025-09-22,BLD301,Critical
2115,81,2025-02-27,BRK501,Medium
2116,86,2025-04-06,BLD301,Low
2117,73,2025-11-26,GEN401,Low
2118,137,2025-07-21,GEN401,High
2119,119,2025-06-26,SNS205,Low
2120,17,2025-04-04,GBX101,High
2121,60,2025-06-27,SNS205,Critical
2122,129,2025-11-11,GBX101,Low
2123,62,2025-11-02,BRK501,Medium
2124,68,2025-09-04,GBX101,High
2125,80,2025-05-15,GEN401,Critical
2126,117,2025-10-28,GEN401,High
2127,84,2025-10-05,BRK501,Medium
2128,75,2025-08-19,BRK501,High
2129,104,2025-04-15,GEN401,Low
2130,45,2025-01-09,SNS205,High
2131,89,2025-06-20,GEN401,Critical
2132,30,2025-03-14,BLD301,High
2133,49,2025-03-19,SNS205,Critical
2134,8,2025-11-19,GBX101,Low
2135,21,2025-09-24,SNS205,Medium
2136,124,2025-02-19,GBX101,Critical
2137,26,2025-03-01,GEN401,Medium
2138,113,2025-09-16,GEN401,Critical
2139,103,2025-03-30,SNS205,Low
2140,58,2025-03-13,BLD301,Critical
2141,52,2025-08-09,SNS205,Low
2142,55,2025-03-05,GEN401,Medium
2143,61,2025-02-02,BLD301,Low
2144,97,2025-01-12,BLD301,Medium
2145,22,2025-09-05,GEN401,Critical
2146,119,2025-06-15,GEN401,Medium
2147,41,2025-05-13,BRK501,Medium
2148,11,2025-01-26,BRK501,Low
2149,76,2025-11-30,BLD301,Critical
2150,125,2025-09-01,SNS205,Critical
2151,123,2025-09-06,BRK501,Low
2152,25,2025-12-02,SNS205,Low
2153,58,2025-10-17,GBX101,High
2154,25,2025-12-04,BLD301,Medium
2155,128,2025-12-09,GBX101,High
2156,113,2025-11-30,BLD301,Low
2157,46,2025-12-01,BLD301,Medium
2158,139,2025-07-29,BRK501,High
2159,16,2025-03-09,BRK501,Low
2160,69,2025-12-18,GBX101,Critical
2161,39,2025-10-07,GEN401,High
2162,78,2025-07-19,GEN401,Medium
2163,43,2025-09-09,GBX101,Critical
2164,40,2025-02-27,GBX101,High
2165,37,2025-01-05,BLD301,Critical
2166,43,2025-07-22,GBX101,High
2167,89,2025-12-24,BRK501,Low
2168,69,2025-07-23,BRK501,Medium
2169,113,2025-03-27,BLD301,High
2170,68,2025-08-06,SNS205,High
2171,77,2025-10-21,GEN401,Medium
2172,4,2025-07-04,SNS205,Medium
2173,54,2025-02-18,BRK501,Medium
2174,8,2025-09-11,BRK501,Low
2175,44,2025-11-26,BLD301,Medium
2176,75,2025-10-20,GBX101,Low
2177,83,2025-09-15,BRK501,Low
2178,55,2025-10-12,GBX101,Low
2179,100,2025-05-11,SNS205,Critical
2180,109,2025-09-22,BRK501,Low
2181,137,2025-11-05,GBX101,Critical
2182,43,2025-06-17,SNS205,Low
2183,124,2025-02-18,GEN401,High
2184,76,2025-01-08,GEN401,High
2185,91,2025-08-18,BLD301,Medium
2186,53,2025-07-14,GEN401,Critical
2187,74,2025-01-30,SNS205,Low
2188,21,2025-10-30,BRK501,Critical
2189,136,2025-01-05,GBX101,Medium
2190,80,2025-10-28,SNS205,High
2191,104,2025-04-23,BRK501,Low
2192,120,2025-04-08,SNS205,High
2193,47,2025-10-26,BRK501,Low
2194,136,2025-12-11,BRK501,Low
2195,55,2025-07-17,BRK501,Low
2196,103,2025-11-08,GEN401,High
2197,12,2025-10-14,GBX101,High
2198,1,2025-10-10,SNS205,Medium
2199,32,2025-09-02,BLD301,Medium
2200,36,2025-01-05,GEN401,Medium
2201,50,2025-01-18,GEN401,Low
2202,38,2025-03-04,GEN401,Critical
2203,46,2025-01-22,GEN401,High
2204,130,2025-04-26,BLD301,High
2205,19,2025-04-24,GBX101,Medium
2206,125,2025-05-07,BLD301,Low
2207,10,2025-11-06,BRK501,High
2208,105,2025-08-06,BRK501,Low
2209,15,2025-04-24,SNS205,High
2210,28,2025-10-09,BRK501,Medium
2211,13,2025-11-10,GBX101,Medium
2212,142,2025-12-31,GEN401,Critical
2213,106,2025-07-20,SNS205,High
2214,127,2025-07-31,GBX101,Medium
2215,30,2025-02-14,GEN401,Medium
2216,113,2025-05-25,GEN401,High
2217,72,2025-10-14,BLD301,Low
2218,124,2025-02-23,SNS205,Medium
2219,31,2025-08-01,BLD301,Low
2220,46,2025-02-25,SNS205,High
2221,76,2025-08-09,BRK501,High
2222,133,2025-01-01,BRK501,Low
2223,71,2025-09-22,GEN401,High
2224,33,2025-02-06,SNS205,High
2225,55,2025-04-09,SNS205,Critical
2226,80,2025-03-14,BLD301,Medium
2227,17,2025-10-30,GEN401,High
2228,132,2025-01-24,SNS205,Low
2229,13,2025-02-11,GBX101,Medium
2230,46,2025-06-25,BRK501,High
2231,52,2025-08-06,GEN401,Medium
2232,104,2025-12-31,GEN401,Critical
2233,62,2025-10-30,GEN401,High
2234,34,2025-06-12,BRK501,Critical
2235,81,2025-04-21,BLD301,High
2236,25,2025-10-21,SNS205,Critical
2237,112,2025-12-23,GBX101,Critical
2238,21,2025-11-26,GEN401,Low
2239,5,2025-09-20,GEN401,Low
2240,12,2025-02-23,GEN401,High
2241,145,2025-05-03,GBX101,Low
2242,112,2025-04-15,GEN401,Medium
2243,146,2025-07-14,BRK501,Medium
2244,107,2025-11-03,BLD301,Low
2245,98,2025-02-11,GEN401,Low
2246,41,2025-04-16,SNS205,High
2247,38,2025-09-02,BLD301,Critical
2248,63,2025-06-12,BRK501,Critical
2249,71,2025-07-30,GBX101,Medium
2250,131,2025-02-13,GBX101,Medium
2251,73,2025-09-05,GBX101,Critical
2252,2,2025-09-18,BLD301,High
2253,59,2025-03-19,SNS205,High
2254,52,2025-04-01,SNS205,High
2255,83,2025-11-15,GBX101,High
2256,139,2025-08-31,SNS205,High
2257,72,2025-08-25,GEN401,Medium
2258,105,2025-04-01,GBX101,Critical
2259,110,2025-11-30,GBX101,Medium
2260,73,2025-04-18,BLD301,Low
2261,23,2025-06-04,SNS205,Critical
2262,104,2025-12-03,GBX101,Medium
2263,52,2025-05-20,SNS205,Critical
2264,81,2025-09-05,SNS205,Medium
2265,140,2025-07-12,BRK501,Low
2266,12,2025-12-04,BLD301,Critical
2267,53,2025-01-27,GEN401,High
2268,30,2025-04-27,BLD301,High
2269,47,2025-12-01,SNS205,High
2270,54,2025-07-27,GEN401,Low
2271,100,2025-03-08,BLD301,High
2272,18,2025-01-19,BLD301,Critical
2273,95,2025-02-15,SNS205,Low
2274,33,2025-09-23,SNS205,Critical
2275,125,2025-01-18,BLD301,Medium
2276,132,2025-03-26,BLD301,Critical
2277,93,2025-11-04,BRK501,High
2278,64,2025-04-09,SNS205,Low
2279,111,2025-06-24,GEN401,Low
2280,38,2025-05-31,GEN401,Critical
2281,13,2025-05-17,GBX101,Medium
2282,49,2025-02-03,GBX101,Medium
2283,92,2025-01-11,BRK501,Medium
2284,95,2025-04-21,BRK501,Medium
2285,121,2025-02-20,GEN401,High
2286,6,2025-07-02,BLD301,Low
2287,33,2025-12-16,BRK501,Critical
2288,96,2025-12-15,GEN401,Medium
2289,75,2025-11-18,SNS205,Critical
2290,2,2025-03-06,BRK501,High
2291,32,2025-01-02,GBX101,High
2292,8,2025-07-21,BRK501,High
2293,122,2025-07-26,BLD301,Critical
2294,10,2025-09-04,BRK501,Low
2295,26,2025-03-18,GBX101,Medium
2296,11,2025-09-03,BRK501,High
2297,103,2025-01-01,GEN401,Low
2298,33,2025-01-03,BRK501,Critical
2299,68,2025-11-19,BRK501,Low
2300,13,2025-12-31,BLD301,Low
2301,16,2025-11-29,SNS205,Medium
2302,89,2025-11-12,BRK501,Low
2303,28,2025-11-05,GBX101,Medium
2304,106,2025-04-07,BLD301,Low
2305,143,2025-06-04,GBX101,Medium
2306,29,2025-08-22,SNS205,Critical
2307,50,2025-05-03,GEN401,Critical
2308,149,2025-10-09,GEN401,Medium
2309,24,2025-01-14,BLD301,High
2310,142,2025-10-13,GBX101,Critical
2311,55,2025-01-27,GEN401,High
2312,61,2025-08-29,GEN401,Critical
2313,106,2025-02-01,GBX101,Critical
2314,145,2025-04-03,BLD301,Critical
2315,102,2025-07-06,BLD301,Medium
2316,42,2025-07-07,SNS205,Medium
2317,13,2025-10-16,BRK501,High
2318,74,2025-06-03,BRK501,Critical
2319,68,2025-07-30,BRK501,High
2320,149,2025-04-15,GBX101,Low
2321,61,2025-07-06,GEN401,Low
2322,104,2025-12-23,GEN401,Critical
2323,38,2025-12-31,BLD301,Low
2324,139,2025-04-20,GEN401,Medium
2325,66,2025-04-27,BLD301,High
2326,77,2025-10-28,GBX101,Low
2327,48,2025-02-08,GBX101,Low
2328,37,2025-11-08,GBX101,Medium
2329,52,2025-03-23,BLD301,High
2330,53,2025-02-05,BLD301,Critical
2331,113,2025-07-27,GBX101,Low
2332,149,2025-10-05,SNS205,Medium
2333,22,2025-11-05,GEN401,High
2334,12,2025-11-21,SNS205,High
2335,27,2025-08-16,BLD301,High
2336,103,2025-07-23,BLD301,Medium
2337,100,2025-07-02,BLD301,High
2338,145,2025-06-07,GEN401,Low
2339,146,2025-11-14,GEN401,High
2340,135,2025-12-04,SNS205,Critical
2341,77,2025-04-15,BRK501,Medium
2342,129,2025-04-08,GBX101,Low
2343,101,2025-09-18,GEN401,Medium
2344,16,2025-03-28,GEN401,Medium
2345,106,2025-06-19,GBX101,Low
2346,144,2025-12-14,BLD301,Critical
2347,3,2025-01-02,GEN401,Low
2348,5,2025-12-26,GEN401,High
2349,121,2025-01-06,GBX101,High
2350,47,2025-02-12,GEN401,High
2351,5,2025-09-28,GBX101,High
2352,143,2025-08-13,GBX101,Critical
2353,41,2025-05-15,GEN401,High
2354,115,2025-10-18,BRK501,Low
2355,113,2025-03-02,GEN401,High
2356,145,2025-12-06,SNS205,Low
2357,41,2025-09-01,GEN401,Low
2358,36,2025-03-05,GBX101,High
2359,144,2025-04-26,GBX101,Medium
2360,108,2025-07-21,GBX101,Low
2361,4,2025-03-12,GBX101,Medium
2362,115,2025-07-30,GEN401,Low
2363,75,2025-01-17,GBX101,Medium
2364,126,2025-12-22,GEN401,High
2365,71,2025-08-17,GEN401,Critical
2366,119,2025-09-16,BRK501,High
2367,58,2025-11-21,SNS205,Medium
2368,76,2025-11-11,BRK501,Medium
2369,11,2025-06-17,BRK501,High
2370,3,2025-04-20,BRK501,Critical
2371,34,2025-12-26,GBX101,High
2372,87,2025-07-01,SNS205,Low
2373,97,2025-06-19,GBX101,Critical
2374,125,2025-05-15,SNS205,High
2375,53,2025-03-18,BLD301,Low
2376,64,2025-07-10,SNS205,Medium
2377,117,2025-06-28,SNS205,Medium
2378,48,2025-03-15,BLD301,Medium
2379,84,2025-12-19,GBX101,Medium
2380,54,2025-03-03,GBX101,Critical
2381,117,2025-12-30,SNS205,Critical
2382,98,2025-09-25,SNS205,Critical
2383,131,2025-01-22,GBX101,Low
2384,62,2025-04-29,GBX101,Medium
2385,148,2025-04-22,GEN401,High
2386,69,2025-01-13,SNS205,High
2387,71,2025-10-25,GBX101,Critical
2388,111,2025-02-11,BLD301,Medium
2389,11,2025-09-27,SNS205,High
2390,88,2025-09-24,BRK501,Low
2391,88,2025-04-15,BLD301,Critical
2392,89,2025-09-13,SNS205,Critical
2393,71,2025-06-17,BRK501,Low
2394,105,2025-02-07,BLD301,High
2395,41,2025-10-12,SNS205,Critical
2396,134,2025-04-01,BRK501,High
2397,39,2025-03-18,BRK501,Medium
2398,70,2025-10-31,BRK501,High
2399,149,2025-10-26,GBX101,High
2400,21,2025-01-14,BRK501,Critical
2401,15,2025-08-21,SNS205,Critical
2402,128,2025-04-19,GBX101,Critical
2403,8,2025-06-30,GEN401,High
2404,69,2025-07-14,BRK501,Low
2405,118,2025-06-22,BLD301,Medium
2406,120,2025-10-12,BRK501,Low
2407,45,2025-08-02,GBX101,Medium
2408,116,2025-08-07,BRK501,Medium
2409,39,2025-02-08,GEN401,Medium
2410,50,2025-11-05,BLD301,High
2411,126,2025-12-04,GEN401,High
2412,66,2025-07-12,SNS205,Low
2413,42,2025-06-27,GEN401,Critical
2414,149,2025-04-12,SNS205,Low
2415,55,2025-11-04,GBX101,Medium
2416,84,2025-09-28,BLD301,Low
2417,93,2025-10-17,GBX101,High
2418,55,2025-08-15,GEN401,Critical
2419,34,2025-09-20,BRK501,Critical
2420,149,2025-05-11,SNS205,Low
2421,61,2025-05-28,BRK501,High
2422,118,2025-07-05,GBX101,High
2423,6,2025-07-19,BRK501,Low
2424,6,2025-06-29,GEN401,Medium
2425,110,2025-03-19,SNS205,Medium
2426,48,2025-10-13,GBX101,Critical
2427,84,2025-04-09,SNS205,Critical
2428,106,2025-08-31,GBX101,Medium
2429,42,2025-06-18,BLD301,Medium
2430,84,2025-03-17,SNS205,Low
2431,37,2025-01-03,GBX101,Critical
2432,117,2025-01-17,GBX101,Medium
2433,17,2025-01-10,GEN401,Low
2434,107,2025-11-17,BLD301,High
2435,43,2025-09-24,BRK501,Medium
2436,96,2025-10-04,GEN401,High
2437,123,2025-11-20,SNS205,Low
2438,135,2025-10-10,SNS205,Medium
2439,97,2025-06-25,GEN401,High
2440,101,2025-04-27,BRK501,Critical
2441,136,2025-05-04,GEN401,Critical
2442,104,2025-05-21,GBX101,Critical
2443,143,2025-10-08,GBX101,Low
2444,31,2025-03-05,BRK501,High
2445,125,2025-05-07,BRK501,High
2446,47,2025-07-27,GBX101,High
2447,3,2025-07-27,GEN401,Low
2448,45,2025-09-29,GEN401,Medium
2449,136,2025-09-21,GEN401,Critical
2450,91,2025-12-01,BLD301,High
2451,2,2025-11-05,BLD301,High
2452,26,2025-05-09,BRK501,Medium
2453,108,2025-12-16,SNS205,Medium
2454,27,2025-12-19,SNS205,Critical
2455,111,2025-10-25,SNS205,Critical
2456,102,2025-08-29,SNS205,High
2457,34,2025-10-18,GEN401,Critical
2458,8,2025-02-27,BRK501,High
2459,139,2025-06-13,BRK501,High
2460,32,2025-12-08,SNS205,Medium
2461,116,2025-02-03,GBX101,High
2462,21,2025-03-17,GBX101,High
2463,77,2025-03-06,BRK501,High
2464,117,2025-03-31,BRK501,High
2465,58,2025-10-16,GBX101,Medium
2466,32,2025-12-08,BLD301,Medium
2467,50,2025-11-22,GEN401,Low
2468,87,2025-10-05,BRK501,Medium
2469,126,2025-10-06,GEN401,Critical
2470,33,2025-02-24,BLD301,Critical
2471,29,2025-08-10,BLD301,High
2472,89,2025-11-30,BLD301,High
2473,92,2025-12-06,SNS205,High
2474,58,2025-07-17,BLD301,Critical
2475,46,2025-03-16,SNS205,High
2476,71,2025-12-13,BLD301,Medium
2477,80,2025-02-03,GBX101,Low
2478,63,2025-10-24,GEN401,Low
2479,69,2025-11-30,BLD301,Low
2480,69,2025-11-17,GBX101,High
2481,131,2025-06-26,BLD301,Medium
2482,44,2025-03-18,BLD301,Critical
2483,143,2025-10-14,GBX101,Critical
2484,145,2025-02-11,GBX101,Low
2485,33,2025-02-18,GBX101,High
2486,73,2025-12-01,BLD301,Critical
2487,149,2025-01-10,GBX101,Low
2488,52,2025-05-19,SNS205,Critical
2489,41,2025-08-02,GBX101,Medium
2490,16,2025-05-16,SNS205,Medium
2491,84,2025-01-12,SNS205,Critical
2492,26,2025-02-19,GEN401,Low
2493,43,2025-04-19,BLD301,Low
2494,44,2025-06-03,GBX101,Medium
2495,138,2025-10-10,GBX101,Low
2496,114,2025-09-15,BRK501,Medium
2497,58,2025-02-09,GBX101,Low
2498,15,2025-11-01,BLD301,Critical
2499,107,2025-06-13,GEN401,Critical
2500,11,2025-06-30,GBX101,Critical
2501,12,2025-04-25,SNS205,Critical
2502,142,2025-01-07,SNS205,Critical
2503,140,2025-07-04,GEN401,Low
2504,90,2025-08-29,BLD301,High
2505,40,2025-07-11,BRK501,Critical
2506,115,2025-04-19,GBX101,High
2507,23,2025-07-02,BRK501,Low
2508,62,2025-04-06,BLD301,High
2509,22,2025-06-12,GBX101,Low
2510,103,2025-03-06,BLD301,Low
2511,68,2025-11-05,GBX101,Critical
2512,149,2025-02-25,BLD301,High
2513,4,2025-06-11,BRK501,Critical
2514,110,2025-09-06,GEN401,Low
2515,107,2025-08-12,GBX101,Critical
2516,5,2025-11-12,GEN401,High
2517,121,2025-07-01,GBX101,Critical
2518,112,2025-09-07,SNS205,High
2519,63,2025-12-24,BRK501,Critical
2520,7,2025-12-07,GEN401,High
2521,81,2025-03-28,SNS205,Low
2522,123,2025-11-29,GBX101,Critical
2523,36,2025-10-06,GBX101,Medium
2524,81,2025-01-14,BRK501,Low
2525,140,2025-01-21,GEN401,Medium
2526,3,2025-04-10,BRK501,High
2527,31,2025-06-08,BRK501,Low
2528,92,2025-05-30,BRK501,Critical
2529,91,2025-04-11,SNS205,Low
2530,56,2025-07-23,BRK501,Medium
2531,112,2025-11-13,GBX101,Low
2532,105,2025-10-09,SNS205,Critical
2533,86,2025-08-12,GEN401,Critical
2534,59,2025-03-13,GBX101,High
2535,91,2025-06-02,GEN401,Critical
2536,97,2025-05-03,BRK501,Low
2537,139,2025-03-21,GEN401,High
2538,24,2025-11-20,BRK501,Low
2539,139,2025-07-24,GBX101,Low
2540,3,2025-11-13,SNS205,Medium
2541,131,2025-05-29,GBX101,Low
2542,137,2025-12-14,BLD301,Medium
2543,21,2025-04-29,BRK501,High
2544,114,2025-09-21,BLD301,Low
2545,142,2025-03-23,GBX101,Critical
2546,20,2025-12-07,GBX101,Medium
2547,48,2025-06-09,GBX101,Critical
2548,66,2025-01-08,BRK501,Low
2549,38,2025-04-23,GBX101,Low
2550,5,2025-01-24,BRK501,Low
2551,142,2025-11-02,SNS205,Critical
2552,150,2025-08-02,BRK501,High
2553,145,2025-05-07,SNS205,High
2554,128,2025-01-07,BLD301,Critical
2555,10,2025-05-08,BLD301,Medium
2556,70,2025-01-09,SNS205,Low
2557,136,2025-01-01,SNS205,Medium
2558,2,2025-06-10,BRK501,Low
2559,21,2025-12-02,BLD301,Medium
2560,116,2025-04-01,SNS205,High
2561,60,2025-06-20,BRK501,Medium
2562,27,2025-10-26,BLD301,High
2563,12,2025-11-10,SNS205,Low
2564,95,2025-11-15,GBX101,Medium
2565,16,2025-09-28,BRK501,Critical
2566,85,2025-12-23,BLD301,Medium
2567,97,2025-10-09,BLD301,Critical
2568,79,2025-12-08,GEN401,Critical
2569,55,2025-09-07,BLD301,Medium
2570,60,2025-06-01,GBX101,Critical
2571,123,2025-09-18,GBX101,Critical
2572,116,2025-01-31,SNS205,High
2573,39,2025-07-14,GEN401,Critical
2574,97,2025-05-07,GBX101,Low
2575,108,2025-05-26,BRK501,Critical
2576,16,2025-05-29,BLD301,Medium
2577,59,2025-10-19,SNS205,Low
2578,89,2025-05-02,GBX101,Critical
2579,69,2025-09-19,BLD301,High
2580,64,2025-12-17,SNS205,High
2581,93,2025-12-13,GEN401,Medium
2582,56,2025-04-19,GBX101,Low
2583,5,2025-09-12,BRK501,Medium
2584,54,2025-10-28,GBX101,High
2585,54,2025-01-10,SNS205,High
2586,66,2025-12-31,BLD301,Medium
2587,42,2025-06-18,GBX101,Low
2588,42,2025-12-19,BRK501,Low
2589,119,2025-02-15,GBX101,Critical
2590,60,2025-03-22,GEN401,Critical
2591,136,2025-01-31,BRK501,High
2592,42,2025-10-25,BRK501,High
2593,108,2025-09-12,SNS205,Medium
2594,120,2025-11-11,GEN401,High
2595,32,2025-01-26,GEN401,Critical
2596,13,2025-02-10,GEN401,Critical
2597,116,2025-12-18,BRK501,High
2598,98,2025-07-30,BRK501,Medium
2599,33,2025-08-16,GEN401,Critical
2600,88,2025-08-12,SNS205,Medium
2601,83,2025-01-16,BRK501,High
2602,141,2025-11-23,GEN401,High
2603,111,2025-05-13,BLD301,Critical
2604,94,2025-03-15,BLD301,Critical
2605,20,2025-03-20,BLD301,High
2606,142,2025-09-14,GBX101,High
2607,141,2025-05-15,GBX101,Low
2608,97,2025-01-28,GBX101,Medium
2609,50,2025-12-30,BRK501,Low
2610,142,2025-08-03,SNS205,Critical
2611,61,2025-03-12,GBX101,Medium
2612,9,2025-05-18,SNS205,Medium
2613,72,2025-02-22,GEN401,Medium
2614,111,2025-09-23,SNS205,High
2615,23,2025-03-22,SNS205,Low
2616,69,2025-09-29,BLD301,Critical
2617,5,2025-08-01,BLD301,Critical
2618,51,2025-10-28,GEN401,High
2619,60,2025-06-29,GEN401,High
2620,116,2025-03-25,GEN401,High
2621,7,2025-05-25,BRK501,Critical
2622,12,2025-07-19,SNS205,Medium
2623,23,2025-03-07,SNS205,High
2624,96,2025-04-04,BRK501,Medium
2625,124,2025-10-01,GEN401,Critical
2626,145,2025-01-14,BLD301,Medium
2627,22,2025-03-03,GEN401,Low
2628,19,2025-05-24,SNS205,High
2629,29,2025-12-28,BRK501,High
2630,98,2025-11-19,SNS205,Medium
2631,107,2025-08-26,SNS205,Medium
2632,99,2025-09-26,SNS205,Medium
2633,82,2025-08-20,BLD301,High
2634,59,2025-06-26,GBX101,High
2635,120,2025-09-14,BRK501,Critical
2636,107,2025-12-11,SNS205,Low
2637,113,2025-08-10,GEN401,Critical
2638,66,2025-12-27,GBX101,High
2639,51,2025-04-24,GBX101,Low
2640,53,2025-02-11,GEN401,High
2641,69,2025-08-11,GEN401,High
2642,127,2025-11-05,SNS205,High
2643,77,2025-06-12,BRK501,Medium
2644,42,2025-06-15,BLD301,Medium
2645,82,2025-06-08,BLD301,Medium
2646,129,2025-12-15,BLD301,High
2647,41,2025-09-04,BRK501,Medium
2648,77,2025-08-24,BRK501,High
2649,80,2025-02-12,SNS205,Critical
2650,39,2025-02-06,SNS205,Critical
2651,106,2025-02-06,SNS205,Critical
2652,59,2025-07-17,GEN401,Low
2653,43,2025-09-19,GBX101,High
2654,6,2025-08-03,GBX101,Low
2655,63,2025-10-17,SNS205,Critical
2656,35,2025-10-05,BRK501,Low
2657,108,2025-04-27,BLD301,Medium
2658,120,2025-11-04,GEN401,Medium
2659,70,2025-05-08,GBX101,High
2660,45,2025-10-19,SNS205,Medium
2661,121,2025-01-05,BRK501,Low
2662,77,2025-01-27,SNS205,High
2663,48,2025-12-24,BLD301,Critical
2664,100,2025-10-20,GBX101,Medium
2665,31,2025-01-09,SNS205,High
2666,116,2025-07-13,BRK501,Critical
2667,51,2025-04-11,SNS205,High
2668,1,2025-04-25,BLD301,Low
2669,107,2025-06-25,BLD301,Critical
2670,140,2025-07-22,GEN401,Critical
2671,83,2025-09-28,GEN401,Medium
2672,57,2025-04-18,GEN401,Critical
2673,28,2025-12-11,BRK501,High
2674,59,2025-12-11,GEN401,Medium
2675,93,2025-08-03,GEN401,Medium
2676,135,2025-09-11,GBX101,High
2677,72,2025-09-29,GEN401,Critical
2678,142,2025-05-30,BRK501,High
2679,138,2025-10-25,GEN401,Low
2680,51,2025-04-07,GEN401,Low
2681,22,2025-11-20,BRK501,Medium
2682,49,2025-07-29,GBX101,Critical
2683,68,2025-02-18,BLD301,Low
2684,28,2025-05-01,GBX101,Low
2685,49,2025-10-30,SNS205,Critical
2686,117,2025-03-22,SNS205,Low
2687,4,2025-01-12,BRK501,Medium
2688,13,2025-03-01,SNS205,High
2689,24,2025-05-07,GBX101,Critical
2690,135,2025-01-25,BRK501,Critical
2691,110,2025-08-15,BRK501,High
2692,82,2025-08-16,GBX101,Low
2693,114,2025-03-09,GBX101,High
2694,98,2025-01-09,GBX101,Low
2695,87,2025-01-08,GBX101,Low
2696,127,2025-10-31,BRK501,Low
2697,6,2025-05-29,BRK501,Medium
2698,64,2025-01-27,SNS205,High
2699,44,2025-06-01,SNS205,Medium
2700,11,2025-10-06,BLD301,High
2701,142,2025-07-28,BRK501,Low
2702,120,2025-09-07,GBX101,High
2703,53,2025-03-16,BLD301,Low
2704,18,2025-08-09,BLD301,Low
2705,109,2025-07-22,GEN401,Low
2706,149,2025-03-18,BLD301,High
2707,43,2025-12-18,BRK501,High
2708,55,2025-02-09,GBX101,Medium
2709,30,2025-03-07,GBX101,High
2710,71,2025-01-07,BLD301,Medium
2711,40,2025-05-13,SNS205,Medium
2712,106,2025-12-30,BRK501,Low
2713,8,2025-09-14,GBX101,High
2714,81,2025-12-19,SNS205,High
2715,131,2025-07-25,GEN401,High
2716,61,2025-05-12,BLD301,Medium
2717,101,2025-03-28,BLD301,Low
2718,36,2025-03-15,BLD301,High
2719,146,2025-09-06,BLD301,Low
2720,141,2025-05-03,BRK501,Low
2721,102,2025-02-23,BRK501,Low
2722,47,2025-11-27,BLD301,Low
2723,117,2025-04-14,BRK501,High
2724,117,2025-09-22,BLD301,Critical
2725,83,2025-08-09,BLD301,High
2726,99,2025-11-04,BLD301,Medium
2727,114,2025-07-17,GBX101,Medium
2728,9,2025-02-13,BRK501,Medium
2729,34,2025-02-05,SNS205,Low
2730,7,2025-07-16,BRK501,Critical
2731,78,2025-04-30,SNS205,Medium
2732,67,2025-03-01,GBX101,High
2733,130,2025-02-10,GBX101,Low
2734,97,2025-11-13,GBX101,High
2735,135,2025-06-04,BRK501,Low
2736,119,2025-06-19,BRK501,Medium
2737,14,2025-01-03,GEN401,Low
2738,89,2025-01-18,GBX101,High
2739,89,2025-10-01,GEN401,Medium
2740,30,2025-02-19,SNS205,Low
2741,41,2025-12-09,BRK501,Medium
2742,67,2025-06-24,BLD301,Critical
2743,141,2025-05-31,GBX101,Low
2744,16,2025-04-24,BLD301,High
2745,2,2025-11-08,SNS205,Critical
2746,33,2025-09-14,GEN401,High
2747,12,2025-05-15,GBX101,Low
2748,68,2025-12-21,GEN401,Critical
2749,54,2025-11-01,GBX101,Medium
2750,60,2025-10-07,BLD301,Low
2751,53,2025-09-05,GBX101,High
2752,139,2025-08-06,GBX101,Low
2753,42,2025-06-30,BRK501,Medium
2754,3,2025-08-05,GBX101,Low
2755,146,2025-03-14,GEN401,Critical
2756,15,2025-08-21,BLD301,Low
2757,70,2025-02-07,GBX101,Low
2758,142,2025-01-20,SNS205,Medium
2759,86,2025-03-17,BRK501,Medium
2760,49,2025-02-10,GBX101,High
2761,139,2025-02-22,GEN401,Low
2762,44,2025-09-06,BLD301,Medium
2763,129,2025-06-27,BLD301,High
2764,148,2025-06-06,SNS205,Critical
2765,149,2025-11-23,BLD301,Critical
2766,40,2025-09-28,BLD301,Critical
2767,150,2025-03-25,GBX101,Critical
2768,34,2025-06-10,SNS205,Medium
2769,117,2025-02-04,GBX101,Medium
2770,27,2025-09-29,GBX101,Low
2771,45,2025-01-17,BLD301,Low
2772,93,2025-09-13,SNS205,Medium
2773,66,2025-05-14,GEN401,Medium
2774,91,2025-05-03,SNS205,Medium
2775,121,2025-11-13,SNS205,Low
2776,52,2025-10-06,BRK501,High
2777,23,2025-01-21,BRK501,Medium
2778,72,2025-10-20,GBX101,Critical
2779,124,2025-05-29,BLD301,Critical
2780,107,2025-12-10,GEN401,Low
2781,67,2025-11-22,SNS205,Low
2782,73,2025-02-04,BLD301,High
2783,108,2025-05-31,GBX101,Low
2784,121,2025-03-05,SNS205,Medium
2785,136,2025-02-07,BLD301,Medium
2786,50,2025-11-22,GEN401,Low
2787,145,2025-02-02,BLD301,Medium
2788,3,2025-09-18,GEN401,Critical
2789,127,2025-02-28,SNS205,Low
2790,22,2025-12-24,BRK501,Critical
2791,113,2025-10-10,BLD301,Medium
2792,93,2025-01-07,BRK501,Medium
2793,144,2025-02-09,SNS205,Medium
2794,68,2025-04-19,SNS205,Medium
2795,14,2025-10-15,GEN401,Low
2796,140,2025-01-30,SNS205,Low
2797,120,2025-03-05,SNS205,Medium
2798,30,2025-12-30,BLD301,Medium
2799,18,2025-02-09,GBX101,High
2800,23,2025-11-21,BLD301,Medium
2801,70,2025-06-13,GEN401,Medium
2802,91,2025-01-23,BRK501,High
2803,130,2025-10-27,BLD301,High
2804,120,2025-07-21,GBX101,High
2805,141,2025-04-12,SNS205,High
2806,81,2025-01-23,BRK501,Medium
2807,81,2025-03-10,BLD301,Critical
2808,54,2025-08-27,GBX101,Medium
2809,56,2025-08-09,BRK501,Critical
2810,61,2025-03-13,BLD301,Critical
2811,116,2025-12-07,GEN401,High
2812,70,2025-03-10,SNS205,High
2813,79,2025-10-10,GEN401,Low
2814,142,2025-08-19,GEN401,Medium
2815,113,2025-12-17,GBX101,Low
2816,34,2025-07-22,GBX101,Critical
2817,129,2025-09-16,GBX101,Critical
2818,17,2025-03-26,GBX101,Critical
2819,75,2025-04-21,BLD301,High
2820,82,2025-04-26,BLD301,Medium
2821,45,2025-06-17,GBX101,Critical
2822,91,2025-05-23,SNS205,High
2823,105,2025-04-01,GEN401,Low
2824,122,2025-03-24,GEN401,Critical
2825,52,2025-01-29,GEN401,Medium
2826,122,2025-01-30,BLD301,Low
2827,94,2025-03-24,GEN401,Critical
2828,52,2025-01-15,BRK501,High
2829,147,2025-09-21,GEN401,High
2830,107,2025-12-02,SNS205,Critical
2831,123,2025-05-31,GEN401,Low
2832,91,2025-11-24,BRK501,Medium
2833,98,2025-11-16,GBX101,Medium
2834,146,2025-07-20,BRK501,High
2835,138,2025-02-22,BLD301,High
2836,48,2025-07-02,SNS205,Low
2837,141,2025-07-25,GBX101,Medium
2838,150,2025-10-28,GEN401,High
2839,123,2025-09-30,GBX101,High
2840,53,2025-12-15,BRK501,High
2841,2,2025-07-24,GEN401,Medium
2842,68,2025-02-23,BRK501,Low
2843,149,2025-03-30,BLD301,Medium
2844,14,2025-04-28,GBX101,High
2845,113,2025-07-30,BRK501,High
2846,66,2025-12-23,GBX101,Medium
2847,125,2025-03-30,SNS205,High
2848,3,2025-05-20,BLD301,Low
2849,119,2025-01-29,SNS205,Critical
2850,69,2025-07-13,GBX101,High
2851,37,2025-08-06,BLD301,Medium
2852,18,2025-02-20,GEN401,Medium
2853,120,2025-07-09,GEN401,Medium
2854,55,2025-06-12,BLD301,High
2855,14,2025-06-15,GBX101,Medium
2856,61,2025-10-01,SNS205,Medium
2857,56,2025-09-27,GBX101,Low
2858,132,2025-04-13,SNS205,Low
2859,124,2025-12-17,GBX101,Medium
2860,134,2025-02-17,GBX101,Low
2861,57,2025-05-03,GEN401,High
2862,1,2025-01-05,SNS205,Medium
2863,141,2025-01-10,GBX101,Low
2864,61,2025-05-26,GBX101,Low
2865,73,2025-05-31,GEN401,High
2866,70,2025-05-25,BLD301,Critical
2867,145,2025-01-05,BRK501,Medium
2868,130,2025-06-02,GEN401,High
2869,124,2025-07-10,SNS205,Medium
2870,98,2025-01-20,BLD301,High
2871,84,2025-12-30,GEN401,Low
2872,73,2025-05-22,BRK501,Low
2873,114,2025-09-23,SNS205,High
2874,60,2025-09-10,GBX101,Medium
2875,130,2025-10-20,SNS205,Critical
2876,88,2025-03-21,SNS205,Medium
2877,21,2025-05-11,GEN401,Medium
2878,71,2025-08-27,SNS205,High
2879,20,2025-11-17,GEN401,Medium
2880,69,2025-08-23,GEN401,Low
2881,44,2025-10-24,BRK501,High
2882,64,2025-05-05,BLD301,Low
2883,102,2025-01-14,GBX101,Critical
2884,125,2025-07-29,GEN401,Medium
2885,146,2025-02-26,BRK501,High
2886,19,2025-01-02,GBX101,Low
2887,26,2025-11-12,BRK501,Critical
2888,55,2025-12-13,GEN401,High
2889,114,2025-09-09,GBX101,High
2890,137,2025-03-17,GBX101,Low
2891,48,2025-02-16,SNS205,High
2892,144,2025-12-23,GBX101,Critical
2893,19,2025-11-24,BLD301,High
2894,113,2025-07-23,BRK501,Critical
2895,54,2025-02-06,SNS205,Medium
2896,24,2025-03-30,BRK501,Critical
2897,10,2025-09-30,SNS205,Low
2898,3,2025-10-16,GBX101,Critical
2899,5,2025-05-01,GBX101,Low
2900,144,2025-10-14,BLD301,Low
2901,19,2025-07-20,GEN401,Critical
2902,89,2025-02-25,SNS205,Critical
2903,95,2025-11-27,BRK501,Medium
2904,123,2025-12-19,GBX101,High
2905,1,2025-04-07,BLD301,High
2906,108,2025-03-17,BRK501,Critical
2907,11,2025-03-13,BRK501,High
2908,140,2025-08-31,GBX101,Medium
2909,99,2025-08-17,GBX101,Critical
2910,149,2025-12-29,GBX101,High
2911,137,2025-10-10,SNS205,Critical
2912,42,2025-05-14,SNS205,Critical
2913,33,2025-10-09,BLD301,Critical
2914,136,2025-02-01,GEN401,High
2915,46,2025-10-27,BRK501,High
2916,40,2025-05-09,GEN401,Medium
2917,26,2025-03-06,GEN401,Medium
2918,106,2025-10-23,GBX101,Low
2919,24,2025-07-04,GBX101,Low
2920,85,2025-06-02,SNS205,High
2921,88,2025-11-05,SNS205,Critical
2922,42,2025-08-18,GEN401,Low
2923,28,2025-05-19,BLD301,Low
2924,3,2025-12-28,BLD301,Low
2925,126,2025-08-23,GBX101,Low
2926,45,2025-02-14,GEN401,Medium
2927,118,2025-05-08,GBX101,Medium
2928,97,2025-08-08,GBX101,High
2929,63,2025-11-26,GBX101,Critical
2930,80,2025-02-22,SNS205,Critical
2931,11,2025-06-11,BLD301,Critical
2932,111,2025-11-09,BRK501,Low
2933,133,2025-10-05,GBX101,High
2934,79,2025-08-24,GEN401,Medium
2935,124,2025-07-19,BRK501,Medium
2936,63,2025-04-04,SNS205,Medium
2937,106,2025-09-11,BLD301,Low
2938,131,2025-04-23,BLD301,High
2939,130,2025-06-03,GBX101,Critical
2940,126,2025-07-29,GEN401,Medium
2941,73,2025-10-22,GBX101,High
2942,65,2025-01-19,SNS205,High
2943,1,2025-04-28,SNS205,Medium
2944,112,2025-10-04,GEN401,High
2945,39,2025-09-17,BRK501,Medium
2946,92,2025-03-07,BRK501,Low
2947,60,2025-02-17,BLD301,Low
2948,105,2025-12-11,BLD301,Critical
2949,73,2025-10-14,SNS205,Medium
2950,58,2025-07-27,BRK501,High
2951,48,2025-08-07,GEN401,Low
2952,117,2025-05-07,BRK501,High
2953,53,2025-03-23,SNS205,Medium
2954,80,2025-04-11,BRK501,Medium
2955,66,2025-08-24,GEN401,High
2956,142,2025-03-31,GEN401,High
2957,111,2025-10-19,BLD301,Critical
2958,23,2025-07-19,GEN401,Medium
2959,10,2025-02-26,SNS205,High
2960,2,2025-03-05,GBX101,Medium
2961,10,2025-05-19,GEN401,Critical
2962,140,2025-02-22,BLD301,Critical
2963,97,2025-06-06,BRK501,Medium
2964,112,2025-10-14,GBX101,High
2965,57,2025-02-11,GBX101,Critical
2966,131,2025-02-06,BRK501,Critical
2967,59,2025-06-24,BRK501,Critical
2968,22,2025-11-26,BRK501,Medium
2969,86,2025-04-21,GEN401,Medium
2970,88,2025-02-24,BLD301,Medium
2971,114,2025-09-27,BLD301,High
2972,130,2025-01-12,SNS205,Critical
2973,76,2025-10-16,BRK501,Critical
2974,102,2025-04-09,GEN401,Low
2975,131,2025-02-03,BRK501,Medium
2976,149,2025-08-02,SNS205,Critical
2977,137,2025-04-04,GEN401,Medium
2978,133,2025-12-05,BLD301,Low
2979,140,2025-03-28,BRK501,Critical
2980,148,2025-01-12,GEN401,Critical
2981,64,2025-01-29,BRK501,High
2982,117,2025-08-22,GEN401,Low
2983,92,2025-03-09,GBX101,Low
2984,6,2025-04-24,SNS205,Medium
2985,104,2025-02-08,GEN401,Medium
2986,36,2025-01-14,BLD301,Low
2987,11,2025-03-24,GEN401,Low
2988,90,2025-12-24,BRK501,Critical
2989,61,2025-11-23,BRK501,Low
2990,58,2025-06-17,SNS205,High
2991,60,2025-12-11,SNS205,High
2992,105,2025-09-25,GEN401,High
2993,4,2025-06-08,BRK501,Medium
2994,135,2025-05-24,GEN401,Medium
2995,139,2025-07-23,SNS205,High
2996,4,2025-02-19,SNS205,High
2997,88,2025-10-15,BLD301,High
2998,17,2025-11-09,GBX101,Critical
2999,1,2025-09-03,BRK501,Critical
3000,36,2025-03-31,GEN401,Medium
3001,116,2025-10-06,GEN401,Low
3002,12,2025-07-08,GBX101,High
3003,98,2025-06-13,GBX101,Low
3004,36,2025-02-19,GEN401,Medium
3005,96,2025-03-04,BRK501,Critical
3006,29,2025-02-24,GEN401,High
3007,143,2025-04-22,GBX101,Medium
3008,106,2025-12-21,BLD301,High
3009,8,2025-02-17,GEN401,Low
3010,36,2025-05-20,BRK501,Critical
3011,47,2025-02-28,GEN401,High
3012,88,2025-12-13,GBX101,Low
3013,42,2025-05-17,GBX101,Low
3014,118,2025-02-17,BLD301,High
3015,75,2025-07-13,GEN401,Low
3016,44,2025-06-15,GBX101,Low
3017,133,2025-03-12,SNS205,Low
3018,149,2025-03-27,SNS205,Critical
3019,11,2025-06-26,GEN401,High
3020,35,2025-05-11,BLD301,Low
3021,60,2025-12-04,SNS205,Low
3022,59,2025-07-20,SNS205,Low
3023,65,2025-12-29,GEN401,Low
3024,103,2025-10-20,SNS205,Medium
3025,129,2025-07-10,SNS205,Low
3026,25,2025-04-26,BRK501,High
3027,129,2025-10-06,BRK501,Low
3028,49,2025-08-16,GEN401,Critical
3029,23,2025-02-23,BRK501,Low
3030,97,2025-04-03,GEN401,High
3031,13,2025-04-17,BLD301,Low
3032,119,2025-08-12,GEN401,Critical
3033,123,2025-02-20,BLD301,Critical
3034,132,2025-06-12,GEN401,Low
3035,22,2025-11-15,SNS205,Low
3036,40,2025-01-04,GEN401,Critical
3037,113,2025-04-11,GBX101,Low
3038,13,2025-02-01,SNS205,High
3039,36,2025-11-09,BRK501,Low
3040,122,2025-05-15,GEN401,High
3041,147,2025-02-01,BLD301,Critical
3042,93,2025-10-26,GBX101,Medium
3043,16,2025-03-23,GEN401,Low
3044,112,2025-10-13,BLD301,Low
3045,118,2025-04-29,BRK501,Low
3046,6,2025-10-22,GEN401,Low
3047,67,2025-09-20,SNS205,High
3048,117,2025-11-26,BLD301,Low
3049,45,2025-12-20,BRK501,Low
3050,144,2025-03-23,BRK501,Critical
3051,133,2025-11-05,GBX101,Low
3052,142,2025-02-06,GEN401,Low
3053,72,2025-01-07,BLD301,High
3054,29,2025-08-04,GBX101,Low
3055,141,2025-01-26,GBX101,High
3056,148,2025-09-21,GEN401,Medium
3057,19,2025-02-22,GBX101,Critical
3058,55,2025-09-21,GBX101,Low
3059,50,2025-01-28,GEN401,Low
3060,112,2025-11-04,BRK501,Low
3061,65,2025-10-30,SNS205,Medium
3062,107,2025-06-24,BLD301,Low
3063,87,2025-05-02,SNS205,Low
3064,45,2025-11-21,BRK501,Low
3065,61,2025-03-07,BLD301,Low
3066,107,2025-08-06,SNS205,Critical
3067,101,2025-07-08,SNS205,Medium
3068,113,2025-11-26,GEN401,High
3069,87,2025-11-02,GEN401,Medium
3070,150,2025-10-06,SNS205,High
3071,74,2025-03-19,GBX101,Medium
3072,30,2025-10-19,BRK501,High
3073,129,2025-03-19,BLD301,Critical
3074,141,2025-05-19,GBX101,Medium
3075,25,2025-05-18,SNS205,High
3076,116,2025-10-02,BLD301,Low
3077,52,2025-09-02,SNS205,Low
3078,6,2025-07-12,GEN401,Critical
3079,82,2025-09-27,SNS205,Medium
3080,97,2025-02-22,GBX101,High
3081,44,2025-05-06,GBX101,High
3082,90,2025-08-22,GEN401,Critical
3083,136,2025-09-16,SNS205,High
3084,29,2025-12-01,GBX101,Critical
3085,91,2025-11-25,GBX101,Low
3086,147,2025-07-02,GBX101,Low
3087,69,2025-08-20,BRK501,Critical
3088,129,2025-10-13,BRK501,Critical
3089,56,2025-02-16,SNS205,High
3090,57,2025-03-08,GEN401,High
3091,22,2025-12-16,GBX101,High
3092,128,2025-12-04,BLD301,High
3093,74,2025-05-04,GBX101,Critical
3094,71,2025-07-09,GBX101,High
3095,79,2025-06-08,BLD301,High
3096,54,2025-09-02,BRK501,Low
3097,139,2025-04-12,BRK501,Medium
3098,8,2025-05-18,BRK501,Critical
3099,141,2025-05-10,GEN401,Critical
3100,101,2025-10-02,SNS205,Medium
3101,94,2025-10-03,GEN401,Critical
3102,95,2025-07-18,GEN401,Low
3103,69,2025-09-02,GEN401,Low
3104,134,2025-06-13,SNS205,Critical
3105,68,2025-12-09,BLD301,Medium
3106,56,2025-01-30,BRK501,Critical
3107,37,2025-05-08,GEN401,High
3108,73,2025-10-23,GBX101,Low
3109,108,2025-09-15,SNS205,High
3110,64,2025-01-18,SNS205,Low
3111,117,2025-12-03,BLD301,Low
3112,90,2025-08-25,BRK501,High
3113,9,2025-11-25,GBX101,Critical
3114,83,2025-12-17,GEN401,High
3115,21,2025-04-27,BLD301,Low
3116,69,2025-07-04,GBX101,Critical
3117,50,2025-08-04,GBX101,Low
3118,55,2025-02-15,BLD301,Medium
3119,25,2025-03-03,GEN401,Critical
3120,53,2025-02-26,BLD301,Medium
3121,135,2025-07-01,GBX101,Medium
3122,37,2025-07-28,SNS205,High
3123,115,2025-07-08,SNS205,Critical
3124,53,2025-03-28,SNS205,Medium
3125,110,2025-10-01,SNS205,Low
3126,104,2025-03-23,GBX101,Low
3127,63,2025-08-04,GBX101,Medium
3128,85,2025-12-24,BRK501,Critical
3129,11,2025-12-10,SNS205,Medium
3130,15,2025-07-30,GEN401,High
3131,26,2025-11-23,SNS205,Medium
3132,147,2025-10-13,BRK501,High
3133,22,2025-10-05,GEN401,High
3134,102,2025-07-29,GBX101,High
3135,31,2025-07-24,GBX101,High
3136,82,2025-08-25,BLD301,Critical
3137,125,2025-03-04,GBX101,Critical
3138,12,2025-01-26,GEN401,Critical
3139,7,2025-07-31,SNS205,High
3140,135,2025-11-23,BLD301,High
3141,99,2025-04-25,GBX101,High
3142,106,2025-12-28,BLD301,Medium
3143,12,2025-06-28,BLD301,High
3144,120,2025-11-10,SNS205,Low
3145,56,2025-04-24,BLD301,Medium
3146,34,2025-06-20,GBX101,Critical
3147,4,2025-03-29,GBX101,Medium
3148,22,2025-05-22,GEN401,High
3149,34,2025-10-28,BRK501,High
3150,121,2025-04-14,GEN401,Low
3151,91,2025-09-13,GEN401,High
3152,38,2025-06-18,BRK501,High
3153,44,2025-01-04,BRK501,Critical
3154,37,2025-04-30,SNS205,Low
3155,7,2025-08-15,GBX101,Critical
3156,86,2025-09-04,GEN401,Low
3157,101,2025-07-18,SNS205,Low
3158,94,2025-12-28,BRK501,High
3159,137,2025-09-17,BLD301,Critical
3160,91,2025-03-07,BRK501,Critical
3161,103,2025-10-01,GBX101,Low
3162,129,2025-06-26,GEN401,High
3163,22,2025-02-02,BLD301,High
3164,124,2025-10-18,SNS205,High
3165,20,2025-02-12,BRK501,Low
3166,150,2025-07-04,GEN401,High
3167,113,2025-07-08,GEN401,High
3168,94,2025-07-25,SNS205,High
3169,49,2025-03-24,SNS205,Medium
3170,74,2025-11-20,BRK501,High
3171,87,2025-08-25,GEN401,Critical
3172,36,2025-10-06,SNS205,Critical
3173,6,2025-01-19,GBX101,Critical
3174,90,2025-01-22,SNS205,Critical
3175,76,2025-07-15,BRK501,Medium
3176,68,2025-01-15,SNS205,High
3177,41,2025-09-10,GBX101,Low
3178,4,2025-03-10,BRK501,High
3179,74,2025-08-14,GEN401,Low
3180,17,2025-06-18,BLD301,Critical
3181,55,2025-10-29,BLD301,Critical
3182,61,2025-04-15,BLD301,High
3183,40,2025-07-25,GBX101,Medium
3184,115,2025-03-18,BLD301,Critical
3185,137,2025-05-19,BLD301,Critical
3186,70,2025-10-23,BLD301,Medium
3187,96,2025-03-11,GEN401,Critical
3188,18,2025-07-13,GEN401,Medium
3189,46,2025-05-15,GBX101,Low
3190,131,2025-12-19,BLD301,High
3191,20,2025-07-20,BRK501,Low
3192,129,2025-10-21,BLD301,Medium
3193,80,2025-09-11,GBX101,High
3194,117,2025-12-29,BRK501,Low
3195,111,2025-09-15,BRK501,Medium
3196,113,2025-05-23,GEN401,Critical
3197,51,2025-12-20,GEN401,Medium
3198,139,2025-01-27,BRK501,Medium
3199,54,2025-02-24,GBX101,High
3200,92,2025-10-16,SNS205,Medium
3201,47,2025-12-10,GBX101,Low
3202,60,2025-06-04,BRK501,High
3203,24,2025-05-21,GEN401,High
3204,138,2025-03-26,GBX101,Low
3205,23,2025-07-05,GBX101,Medium
3206,49,2025-06-26,GBX101,Critical
3207,46,2025-05-29,SNS205,Low
3208,60,2025-11-29,GEN401,Low
3209,48,2025-10-12,BLD301,Low
3210,112,2025-05-01,GEN401,Medium
3211,37,2025-07-16,GBX101,Low
3212,103,2025-08-11,GEN401,High
3213,19,2025-11-11,SNS205,Low
3214,15,2025-05-11,BLD301,Critical
3215,27,2025-08-28,GEN401,Critical
3216,52,2025-11-22,GBX101,Low
3217,20,2025-05-01,BRK501,Critical
3218,119,2025-09-17,GEN401,High
3219,115,2025-09-16,GBX101,Low
3220,82,2025-06-27,GBX101,Critical
3221,135,2025-06-10,BRK501,Critical
3222,35,2025-08-13,GEN401,Low
3223,3,2025-06-22,GBX101,Medium
3224,106,2025-01-03,BLD301,Medium
3225,110,2025-09-22,SNS205,Medium
3226,8,2025-03-06,GEN401,High
3227,146,2025-06-15,SNS205,Medium
3228,90,2025-09-16,BLD301,High
3229,48,2025-09-21,GBX101,High
3230,63,2025-01-10,BLD301,Critical
3231,57,2025-03-30,GBX101,Low
3232,117,2025-04-04,BLD301,Low
3233,41,2025-02-27,BLD301,Medium
3234,135,2025-03-19,BLD301,Critical
3235,112,2025-10-28,GBX101,Critical
3236,68,2025-09-20,BLD301,Critical
3237,1,2025-08-06,SNS205,Low
3238,4,2025-01-25,BLD301,Low
3239,95,2025-05-19,SNS205,Critical
3240,60,2025-08-14,GBX101,Low
3241,69,2025-07-05,SNS205,High
3242,73,2025-07-22,BRK501,Medium
3243,117,2025-01-31,GEN401,High
3244,45,2025-05-08,BRK501,High
3245,78,2025-01-29,GEN401,Low
3246,132,2025-04-09,GEN401,Medium
3247,102,2025-06-24,GEN401,Critical
3248,73,2025-02-04,GBX101,High
3249,72,2025-03-29,BRK501,Critical
3250,47,2025-10-16,GBX101,Medium
3251,71,2025-02-14,SNS205,Medium
3252,59,2025-09-01,BRK501,High
3253,85,2025-07-26,SNS205,Medium
3254,20,2025-06-21,GEN401,Critical
3255,131,2025-11-17,BLD301,Low
3256,62,2025-02-06,SNS205,High
3257,95,2025-02-09,SNS205,Medium
3258,16,2025-05-26,SNS205,Critical
3259,71,2025-07-19,SNS205,Low
3260,60,2025-01-16,SNS205,Medium
3261,114,2025-07-27,BLD301,Medium
3262,103,2025-07-12,BRK501,High
3263,150,2025-06-16,BRK501,Critical
3264,18,2025-01-09,GBX101,High
3265,42,2025-11-27,BRK501,Critical
3266,66,2025-08-16,BRK501,Critical
3267,19,2025-03-28,BRK501,Medium
3268,114,2025-07-26,GBX101,Medium
3269,44,2025-01-19,BRK501,Low
3270,23,2025-10-15,GBX101,Medium
3271,71,2025-10-25,GEN401,High
3272,132,2025-09-30,BLD301,Medium
3273,130,2025-07-19,SNS205,Critical
3274,128,2025-11-25,SNS205,High
3275,107,2025-06-09,GBX101,Low
3276,126,2025-12-04,GEN401,Low
3277,96,2025-05-17,GEN401,Low
3278,138,2025-12-13,BLD301,Critical
3279,100,2025-01-14,GEN401,High
3280,125,2025-10-04,BLD301,Medium
3281,126,2025-12-30,SNS205,Medium
3282,86,2025-06-24,GEN401,Medium
3283,60,2025-12-07,BLD301,Critical
3284,24,2025-09-26,BLD301,High
3285,8,2025-11-15,BLD301,Critical
3286,141,2025-03-05,SNS205,Medium
3287,57,2025-11-11,BRK501,Critical
3288,10,2025-05-06,GEN401,Medium
3289,98,2025-01-01,GEN401,Low
3290,55,2025-07-15,BLD301,Low
3291,35,2025-12-28,GEN401,Low
3292,142,2025-05-26,GBX101,Low
3293,46,2025-07-20,BLD301,Medium
3294,124,2025-01-25,GBX101,Medium
3295,97,2025-02-18,SNS205,High
3296,73,2025-06-08,GBX101,Low
3297,83,2025-06-25,BLD301,Critical
3298,31,2025-05-31,BLD301,Medium
3299,131,2025-04-30,BLD301,Low
3300,109,2025-07-28,BLD301,Low
3301,88,2025-04-24,SNS205,Medium
3302,135,2025-04-08,BLD301,Medium
3303,114,2025-04-21,GEN401,Critical
3304,56,2025-12-18,SNS205,Medium
3305,146,2025-02-07,GEN401,High
3306,112,2025-04-20,GBX101,Critical
3307,35,2025-03-31,SNS205,Critical
3308,3,2025-01-15,BRK501,Critical
3309,110,2025-02-04,BLD301,High
3310,65,2025-08-12,GBX101,Critical
3311,102,2025-02-21,GEN401,Medium
3312,90,2025-01-02,GEN401,Low
3313,132,2025-04-27,BLD301,Critical
3314,49,2025-10-11,GBX101,Critical
3315,36,2025-02-12,GEN401,Critical
3316,56,2025-10-10,BLD301,Low
3317,79,2025-12-05,SNS205,High
3318,77,2025-03-30,GEN401,Medium
3319,62,2025-07-25,GEN401,Low
3320,126,2025-05-20,GBX101,Low
3321,108,2025-10-06,BRK501,Low
3322,130,2025-07-12,BRK501,Medium
3323,127,2025-01-04,BLD301,Critical
3324,46,2025-06-27,GEN401,High
3325,5,2025-11-23,BRK501,High
3326,86,2025-07-02,SNS205,High
3327,108,2025-07-30,GBX101,High
3328,147,2025-05-18,GBX101,High
3329,73,2025-10-05,BLD301,Critical
3330,116,2025-02-12,BLD301,Low
3331,116,2025-03-20,SNS205,Low
3332,13,2025-02-18,BLD301,Critical
3333,72,2025-07-23,GEN401,Medium
3334,21,2025-06-10,SNS205,Medium
3335,135,2025-10-08,BRK501,Critical
3336,101,2025-08-26,SNS205,Low
3337,79,2025-06-10,BRK501,Medium
3338,4,2025-08-07,BLD301,Low
3339,70,2025-06-03,BLD301,Critical
3340,79,2025-03-03,BRK501,Critical
3341,58,2025-05-29,GBX101,Low
3342,95,2025-12-14,BRK501,Medium
3343,48,2025-01-09,GBX101,Medium
3344,27,2025-02-06,BRK501,High
3345,136,2025-02-02,BLD301,High
3346,150,2025-09-23,SNS205,Medium
3347,121,2025-10-31,BRK501,Critical
3348,140,2025-08-18,BRK501,Medium
3349,73,2025-01-28,GBX101,High
3350,76,2025-11-27,SNS205,Medium
3351,28,2025-09-11,BRK501,Low
3352,125,2025-12-29,GBX101,Medium
3353,129,2025-07-17,BRK501,High
3354,100,2025-01-01,SNS205,Medium
3355,40,2025-06-14,GBX101,High
3356,52,2025-05-24,BLD301,High
3357,108,2025-12-08,GBX101,Medium
3358,33,2025-01-18,GEN401,Critical
3359,117,2025-08-08,BRK501,Critical
3360,11,2025-10-12,BLD301,Low
3361,11,2025-01-09,BRK501,Low
3362,100,2025-07-14,GEN401,High
3363,123,2025-11-05,GEN401,Medium
3364,95,2025-06-13,GBX101,Low
3365,18,2025-10-12,SNS205,Medium
3366,126,2025-04-15,BRK501,High
3367,132,2025-10-15,BLD301,Low
3368,76,2025-07-16,GEN401,Critical
3369,30,2025-04-30,BLD301,Critical
3370,76,2025-01-06,BLD301,High
3371,129,2025-04-24,GEN401,Critical
3372,117,2025-07-30,GBX101,Low
3373,10,2025-06-20,GEN401,Low
3374,34,2025-02-07,BRK501,Critical
3375,142,2025-08-19,SNS205,Critical
3376,138,2025-09-27,BRK501,Low
3377,64,2025-03-11,SNS205,Low
3378,31,2025-12-05,SNS205,Critical
3379,67,2025-11-28,BRK501,High
3380,128,2025-01-29,GBX101,High
3381,66,2025-04-22,SNS205,Low
3382,114,2025-03-05,GBX101,Critical
3383,122,2025-06-13,GEN401,Medium
3384,23,2025-06-22,SNS205,High
3385,123,2025-08-16,GEN401,Medium
3386,109,2025-03-25,GBX101,Critical
3387,25,2025-10-31,GEN401,Medium
3388,11,2025-03-04,BRK501,Critical
3389,55,2025-08-28,GBX101,High
3390,92,2025-01-19,GBX101,Medium
3391,125,2025-08-09,GEN401,High
3392,68,2025-06-26,GBX101,High
3393,52,2025-08-04,BLD301,High
3394,123,2025-01-09,GEN401,Critical
3395,14,2025-06-12,SNS205,Critical
3396,136,2025-12-08,BRK501,Low
3397,41,2025-09-13,BRK501,Medium
3398,56,2025-07-13,GEN401,Critical
3399,118,2025-12-23,GEN401,Low
3400,142,2025-03-31,SNS205,Critical
3401,85,2025-05-26,BRK501,Low
3402,128,2025-07-06,GEN401,High
3403,39,2025-07-01,GBX101,Medium
3404,118,2025-05-09,BRK501,Low
3405,59,2025-10-03,SNS205,Medium
3406,18,2025-01-13,BLD301,Critical
3407,29,2025-09-30,GBX101,Medium
3408,69,2025-01-09,BRK501,Medium
3409,137,2025-11-25,GEN401,Critical
3410,121,2025-03-28,GEN401,Medium
3411,23,2025-01-11,BLD301,Low
3412,65,2025-05-19,BLD301,Critical
3413,142,2025-06-28,GBX101,Critical
3414,129,2025-12-06,GEN401,Low
3415,101,2025-01-05,GEN401,Critical
3416,136,2025-09-11,GBX101,Low
3417,35,2025-07-20,BLD301,Critical
3418,92,2025-03-14,GEN401,Medium
3419,87,2025-02-04,GBX101,Low
3420,6,2025-11-06,BLD301,Low
3421,39,2025-03-13,BLD301,High
3422,70,2025-12-26,SNS205,Medium
3423,82,2025-06-11,BRK501,Low
3424,39,2025-07-31,GEN401,High
3425,140,2025-05-26,BLD301,Critical
3426,79,2025-03-04,BLD301,Low
3427,20,2025-08-07,GBX101,Medium
3428,76,2025-05-13,BLD301,Medium
3429,57,2025-09-25,SNS205,Low
3430,119,2025-07-22,GEN401,Medium
3431,4,2025-11-22,BLD301,Medium
3432,8,2025-07-25,SNS205,High
3433,23,2025-12-21,GBX101,Medium
3434,2,2025-07-12,BLD301,Low
3435,27,2025-08-08,GBX101,Low
3436,115,2025-09-21,SNS205,Medium
3437,125,2025-12-25,GEN401,Medium
3438,137,2025-02-13,BRK501,Medium
3439,95,2025-02-05,GBX101,High
3440,34,2025-06-04,BRK501,High
3441,145,2025-07-08,GEN401,High
3442,52,2025-11-04,BLD301,Medium
3443,135,2025-04-03,GEN401,Low
3444,115,2025-02-27,BLD301,Medium
3445,109,2025-10-28,GBX101,High
3446,77,2025-12-15,GEN401,Low
3447,42,2025-04-24,GBX101,High
3448,92,2025-05-19,SNS205,Low
3449,23,2025-03-23,GEN401,High
3450,5,2025-06-04,SNS205,Low
3451,126,2025-01-22,BLD301,High
3452,132,2025-08-21,BRK501,Medium
3453,124,2025-06-18,SNS205,High
3454,24,2025-11-07,BLD301,High
3455,3,2025-12-09,BLD301,High
3456,111,2025-02-14,GBX101,Critical
3457,108,2025-10-23,BRK501,Critical
3458,10,2025-05-10,GEN401,Low
3459,54,2025-11-15,BLD301,High
3460,150,2025-12-29,GEN401,Critical
3461,11,2025-06-25,SNS205,Medium
3462,136,2025-05-08,BLD301,Critical
3463,51,2025-09-06,BRK501,Low
3464,134,2025-04-13,BRK501,Critical
3465,45,2025-11-09,GBX101,Critical
3466,5,2025-10-08,GEN401,Low
3467,81,2025-11-13,BRK501,Medium
3468,39,2025-04-30,BRK501,Critical
3469,70,2025-02-06,BLD301,Low
3470,149,2025-12-19,GBX101,Medium
3471,113,2025-03-19,GBX101,High
3472,95,2025-09-05,BRK501,High
3473,148,2025-11-07,SNS205,Critical
3474,22,2025-03-11,BRK501,High
3475,70,2025-12-05,BRK501,Critical
3476,84,2025-08-11,GBX101,Medium
3477,123,2025-12-02,GBX101,High
3478,140,2025-10-13,GBX101,Critical
3479,101,2025-01-24,BLD301,Medium
3480,140,2025-04-13,SNS205,Low
3481,81,2025-08-15,BLD301,Medium
3482,32,2025-07-17,BLD301,Medium
3483,69,2025-08-23,BRK501,High
3484,63,2025-12-05,GEN401,High
3485,93,2025-09-13,GBX101,High
3486,46,2025-06-10,GBX101,Medium
3487,41,2025-04-14,GEN401,Medium
3488,8,2025-03-25,GEN401,High
3489,117,2025-11-14,GBX101,Critical
3490,142,2025-11-08,BLD301,Critical
3491,31,2025-05-04,GEN401,Low
3492,103,2025-06-08,GEN401,High
3493,146,2025-04-01,GEN401,Low
3494,110,2025-04-10,GEN401,Low
3495,77,2025-10-16,BRK501,Critical
3496,19,2025-01-18,SNS205,Critical
3497,9,2025-08-21,SNS205,Low
3498,47,2025-02-06,BLD301,Critical
3499,84,2025-05-30,GBX101,Critical
3500,82,2025-04-11,BLD301,High
3501,41,2025-08-04,SNS205,High
3502,59,2025-03-16,BLD301,High
3503,132,2025-09-13,BRK501,Low
3504,142,2025-01-31,GBX101,Critical
3505,32,2025-03-08,GBX101,High
3506,116,2025-12-01,GBX101,Low
3507,99,2025-03-21,BRK501,Critical
3508,58,2025-05-06,GEN401,Low
3509,135,2025-12-02,BLD301,Medium
3510,121,2025-02-11,GEN401,Medium
3511,103,2025-04-13,BRK501,Critical
3512,96,2025-11-21,BRK501,High
3513,96,2025-12-22,BRK501,Critical
3514,141,2025-08-08,GEN401,Critical
3515,53,2025-07-04,SNS205,Medium
3516,66,2025-11-26,GEN401,High
3517,145,2025-08-26,BLD301,Low
3518,98,2025-04-28,GEN401,Medium
3519,128,2025-12-30,SNS205,Low
3520,139,2025-08-07,GEN401,Critical
3521,95,2025-10-14,GBX101,Medium
3522,134,2025-01-20,SNS205,Low
3523,142,2025-12-19,GBX101,Medium
3524,103,2025-07-15,GEN401,Critical
3525,23,2025-08-26,BRK501,High
3526,139,2025-03-02,BLD301,Critical
3527,16,2025-05-25,BLD301,Medium
3528,96,2025-02-27,SNS205,Critical
3529,16,2025-06-22,BLD301,High
3530,31,2025-02-23,GEN401,Low
3531,61,2025-08-13,BRK501,Medium
3532,11,2025-02-21,GBX101,Low
3533,144,2025-12-01,GBX101,High
3534,17,2025-01-30,GBX101,Low
3535,63,2025-04-05,SNS205,Medium
3536,28,2025-03-16,BRK501,High
3537,59,2025-05-29,BRK501,Critical
3538,102,2025-01-15,SNS205,Medium
3539,18,2025-09-03,GEN401,Medium
3540,36,2025-05-27,BLD301,Critical
3541,112,2025-02-01,BLD301,Low
3542,8,2025-04-03,SNS205,Critical
3543,8,2025-07-24,SNS205,Critical
3544,15,2025-05-29,BRK501,High
3545,21,2025-06-01,SNS205,Critical
3546,90,2025-04-02,SNS205,Medium
3547,147,2025-01-04,SNS205,Low
3548,84,2025-01-14,BLD301,Critical
3549,8,2025-09-11,SNS205,Low
3550,52,2025-08-05,SNS205,High
3551,98,2025-06-28,GBX101,Critical
3552,133,2025-08-02,BRK501,Medium
3553,59,2025-12-26,SNS205,Critical
3554,59,2025-05-22,GBX101,Low
3555,92,2025-03-31,SNS205,Low
3556,127,2025-12-10,BRK501,Low
3557,93,2025-05-16,SNS205,Critical
3558,145,2025-08-13,BRK501,Low
3559,133,2025-09-05,GBX101,Critical
3560,119,2025-10-08,GEN401,High
3561,81,2025-05-30,SNS205,Medium
3562,145,2025-11-08,GEN401,Low
3563,17,2025-09-05,GBX101,Medium
3564,86,2025-11-06,SNS205,Critical
3565,129,2025-05-23,GEN401,Critical
3566,136,2025-06-01,SNS205,Critical
3567,27,2025-09-04,SNS205,Critical
3568,17,2025-04-29,GBX101,Low
3569,120,2025-03-23,SNS205,Low
3570,61,2025-04-30,GEN401,Low
3571,41,2025-07-14,BRK501,High
3572,110,2025-11-22,BLD301,High
3573,59,2025-02-28,GEN401,Low
3574,104,2025-01-23,GEN401,Low
3575,69,2025-01-04,SNS205,Medium
3576,35,2025-09-19,BRK501,Medium
3577,116,2025-07-01,GBX101,High
3578,136,2025-09-15,SNS205,Medium
3579,45,2025-11-13,GEN401,High
3580,47,2025-02-24,GBX101,Medium
3581,120,2025-07-16,GEN401,Critical
3582,37,2025-04-15,GBX101,High
3583,134,2025-09-24,SNS205,Medium
3584,135,2025-05-29,GBX101,Low
3585,141,2025-08-26,GEN401,Medium
3586,141,2025-08-25,GBX101,Critical
3587,126,2025-01-07,GEN401,Low
3588,39,2025-10-16,GBX101,Medium
3589,8,2025-07-30,BLD301,High
3590,104,2025-04-11,GBX101,High
3591,71,2025-02-04,GBX101,Medium
3592,106,2025-01-22,BRK501,Medium
3593,23,2025-01-08,SNS205,Medium
3594,34,2025-10-28,BLD301,Critical
3595,66,2025-03-01,SNS205,Critical
3596,77,2025-06-04,GEN401,Medium
3597,134,2025-09-25,BLD301,High
3598,145,2025-01-30,SNS205,Critical
3599,141,2025-11-11,GBX101,Critical
3600,39,2025-04-09,BRK501,High
3601,29,2025-08-26,BLD301,High
3602,120,2025-05-08,GBX101,Critical
3603,26,2025-07-10,GBX101,Critical
3604,150,2025-02-09,GBX101,Low
3605,122,2025-05-04,BLD301,Low
3606,120,2025-07-10,BLD301,High
3607,103,2025-06-19,GBX101,High
3608,54,2025-11-24,SNS205,Medium
3609,115,2025-12-24,BRK501,Low
3610,30,2025-02-01,SNS205,Critical
3611,123,2025-10-05,BLD301,High
3612,29,2025-07-26,GEN401,Low
3613,14,2025-12-27,SNS205,Critical
3614,145,2025-02-21,BRK501,High
3615,120,2025-03-08,GEN401,Critical
3616,131,2025-04-10,GBX101,Critical
3617,5,2025-07-07,SNS205,Low
3618,38,2025-10-19,BLD301,Critical
3619,95,2025-04-04,BLD301,Critical
3620,70,2025-04-04,GBX101,Medium
3621,26,2025-01-13,GEN401,Critical
3622,110,2025-10-24,GEN401,Low
3623,65,2025-09-07,GEN401,Low
3624,127,2025-06-13,BLD301,Critical
3625,78,2025-05-27,BRK501,High
3626,137,2025-02-07,BRK501,Low
3627,98,2025-08-27,GBX101,Medium
3628,131,2025-12-28,BRK501,High
3629,132,2025-01-15,BRK501,Medium
3630,128,2025-01-11,GBX101,Medium
3631,95,2025-03-26,SNS205,Medium
3632,47,2025-10-08,SNS205,Critical
3633,106,2025-11-11,GEN401,High
3634,148,2025-07-02,GEN401,High
3635,108,2025-03-12,BLD301,Low
3636,65,2025-07-01,BLD301,Medium
3637,26,2025-05-04,BLD301,Critical
3638,108,2025-03-10,BLD301,Low
3639,48,2025-02-08,SNS205,Critical
3640,19,2025-11-28,BRK501,Critical
3641,55,2025-04-06,BLD301,Critical
3642,3,2025-04-23,BLD301,Low
3643,26,2025-11-04,GEN401,High
3644,24,2025-02-16,BLD301,Critical
3645,63,2025-11-16,GEN401,Critical
3646,74,2025-10-01,GBX101,Critical
3647,95,2025-05-09,SNS205,Critical
3648,9,2025-10-25,GEN401,Low
3649,15,2025-05-09,GEN401,High
3650,104,2025-08-05,BLD301,Medium
3651,112,2025-10-05,GEN401,Low
3652,93,2025-09-24,BRK501,Medium
3653,12,2025-10-04,GBX101,Critical
3654,68,2025-12-16,BRK501,High
3655,29,2025-03-11,GEN401,Low
3656,60,2025-08-27,GEN401,High
3657,110,2025-05-06,SNS205,High
3658,97,2025-02-27,SNS205,Medium
3659,51,2025-11-14,BLD301,Medium
3660,5,2025-09-29,SNS205,Critical
3661,131,2025-02-08,BLD301,Medium
3662,15,2025-11-18,BRK501,Medium
3663,130,2025-06-15,GBX101,Medium
3664,7,2025-04-17,GEN401,Critical
3665,80,2025-07-09,GEN401,Critical
3666,147,2025-04-24,GBX101,Low
3667,40,2025-11-28,SNS205,Medium
3668,147,2025-02-24,BLD301,Low
3669,94,2025-04-09,GBX101,Low
3670,49,2025-03-02,GBX101,High
3671,136,2025-06-27,SNS205,High
3672,22,2025-06-06,GBX101,High
3673,144,2025-03-24,SNS205,High
3674,90,2025-09-23,GEN401,Low
3675,73,2025-01-20,SNS205,Low
3676,93,2025-11-06,SNS205,Low
3677,39,2025-09-25,GBX101,High
3678,110,2025-04-13,BLD301,Low
3679,123,2025-09-29,GEN401,High
3680,62,2025-01-04,GBX101,Critical
3681,27,2025-09-26,BLD301,Low
3682,88,2025-11-18,GBX101,Medium
3683,69,2025-06-27,BLD301,Low
3684,50,2025-11-27,BLD301,Low
3685,103,2025-03-29,BLD301,High
3686,6,2025-01-12,SNS205,Medium
3687,17,2025-03-22,BLD301,Critical
3688,27,2025-11-18,BLD301,Medium
3689,57,2025-11-12,GBX101,Critical
3690,6,2025-06-11,GEN401,Low
3691,126,2025-03-12,GEN401,Critical
3692,14,2025-01-29,GEN401,Medium
3693,38,2025-05-26,GBX101,Low
3694,29,2025-09-07,SNS205,Medium
3695,53,2025-01-18,BRK501,High
3696,25,2025-04-05,SNS205,Critical
3697,37,2025-05-27,BRK501,Low
3698,28,2025-02-24,GBX101,Low
3699,82,2025-12-12,BLD301,High
3700,112,2025-09-09,GBX101,Medium
3701,70,2025-04-01,GEN401,High
3702,150,2025-02-22,BRK501,Medium
3703,78,2025-08-10,BRK501,Low
3704,146,2025-07-26,BRK501,High
3705,93,2025-05-19,GBX101,Critical
3706,26,2025-04-12,SNS205,Medium
3707,145,2025-11-02,BRK501,Medium
3708,131,2025-07-08,BLD301,Critical
3709,58,2025-04-12,BRK501,High
3710,119,2025-06-26,GBX101,Critical
3711,39,2025-02-27,BRK501,High
3712,55,2025-11-24,GBX101,Low
3713,84,2025-09-08,BRK501,High
3714,109,2025-12-06,BRK501,High
3715,131,2025-03-08,SNS205,Low
3716,9,2025-08-12,BLD301,Medium
3717,100,2025-08-14,BRK501,Low
3718,25,2025-02-18,BLD301,Medium
3719,34,2025-12-08,GBX101,High
3720,21,2025-03-17,GBX101,Low
3721,111,2025-08-02,BRK501,Medium
3722,34,2025-07-21,BLD301,Low
3723,17,2025-03-24,GEN401,Medium
3724,99,2025-09-23,BLD301,Low
3725,65,2025-07-25,GEN401,Critical
3726,84,2025-01-30,GEN401,High
3727,107,2025-04-10,BLD301,High
3728,68,2025-08-21,GEN401,Critical
3729,45,2025-05-15,GBX101,Low
3730,73,2025-02-28,BLD301,High
3731,73,2025-10-13,GEN401,Medium
3732,129,2025-12-18,BRK501,Medium
3733,41,2025-02-04,BRK501,Critical
3734,23,2025-01-25,SNS205,Low
3735,121,2025-07-10,GEN401,Low
3736,104,2025-06-17,SNS205,High
3737,7,2025-06-21,GBX101,Critical
3738,26,2025-02-22,SNS205,Low
3739,122,2025-04-04,GEN401,Medium
3740,83,2025-12-20,GEN401,Critical
3741,83,2025-02-19,GBX101,Critical
3742,28,2025-08-20,GBX101,Medium
3743,9,2025-02-21,SNS205,Medium
3744,77,2025-06-06,GEN401,Low
3745,19,2025-12-17,BLD301,High
3746,7,2025-03-19,BLD301,Medium
3747,90,2025-03-22,SNS205,Low
3748,100,2025-02-21,BRK501,High
3749,110,2025-11-21,SNS205,High
3750,77,2025-10-06,BLD301,Critical
3751,17,2025-02-27,GEN401,Medium
3752,10,2025-02-19,SNS205,Medium
3753,123,2025-01-12,SNS205,Critical
3754,8,2025-03-04,SNS205,High
3755,24,2025-01-11,BLD301,Critical
3756,100,2025-09-09,BLD301,Medium
3757,142,2025-08-20,BLD301,High
3758,24,2025-11-09,GBX101,Critical
3759,66,2025-07-18,BRK501,Low
3760,44,2025-04-22,GBX101,Critical
3761,43,2025-11-16,BLD301,Critical
3762,130,2025-08-11,GEN401,Low
3763,140,2025-05-12,GBX101,Medium
3764,117,2025-09-23,BRK501,Low
3765,95,2025-02-03,BLD301,Medium
3766,92,2025-09-14,SNS205,Medium
3767,117,2025-03-06,BRK501,Low
3768,138,2025-07-12,BRK501,High
3769,96,2025-06-19,BRK501,Low
3770,88,2025-02-08,BLD301,Medium
3771,44,2025-03-19,BLD301,Low
3772,18,2025-07-20,GEN401,Low
3773,95,2025-08-06,BLD301,Low
3774,75,2025-03-20,BLD301,Critical
3775,6,2025-02-10,BRK501,High
3776,17,2025-02-09,BRK501,Low
3777,23,2025-08-20,GEN401,Critical
3778,130,2025-12-03,SNS205,Critical
3779,64,2025-06-26,GEN401,Low
3780,148,2025-05-29,BLD301,Critical
3781,110,2025-10-10,BLD301,Low
3782,72,2025-02-17,BRK501,Critical
3783,122,2025-03-06,BRK501,High
3784,143,2025-12-11,BLD301,High
3785,62,2025-06-26,BRK501,Critical
3786,147,2025-02-19,BRK501,Critical
3787,131,2025-05-21,SNS205,Low
3788,46,2025-12-25,SNS205,Critical
3789,68,2025-10-15,GBX101,High
3790,74,2025-02-07,BRK501,Low
3791,62,2025-05-29,GEN401,Critical
3792,33,2025-02-12,BRK501,High
3793,132,2025-08-10,GBX101,Low
3794,136,2025-11-30,BRK501,Medium
3795,112,2025-06-08,SNS205,High
3796,116,2025-02-12,GEN401,Low
3797,78,2025-01-23,BRK501,Medium
3798,67,2025-11-03,BRK501,High
3799,7,2025-07-18,BLD301,Low
3800,128,2025-03-29,SNS205,Low
3801,134,2025-11-21,GBX101,Critical
3802,98,2025-12-17,GEN401,High
3803,86,2025-08-06,SNS205,High
3804,11,2025-02-04,GEN401,High
3805,57,2025-11-05,BRK501,Low
3806,65,2025-10-24,GEN401,Critical
3807,49,2025-01-18,BRK501,Low
3808,53,2025-12-25,GEN401,Low
3809,110,2025-09-08,BRK501,Medium
3810,45,2025-03-06,BRK501,Critical
3811,69,2025-07-28,GBX101,Critical
3812,112,2025-07-26,BLD301,Medium
3813,91,2025-02-10,BRK501,High
3814,134,2025-09-20,SNS205,Medium
3815,14,2025-02-26,GBX101,Critical
3816,69,2025-01-28,SNS205,High
3817,111,2025-09-17,SNS205,Medium
3818,91,2025-08-31,SNS205,Medium
3819,4,2025-05-27,SNS205,High
3820,7,2025-10-16,GBX101,Medium
3821,63,2025-07-29,GEN401,High
3822,17,2025-04-10,BLD301,Low
3823,56,2025-12-24,BRK501,High
3824,81,2025-03-24,GEN401,High
3825,23,2025-06-17,BRK501,Medium
3826,65,2025-12-13,SNS205,Critical
3827,129,2025-01-20,BRK501,Low
3828,45,2025-09-12,GEN401,Low
3829,112,2025-12-15,BRK501,Medium
3830,101,2025-07-02,GBX101,Critical
3831,122,2025-03-14,BRK501,Critical
3832,16,2025-09-30,SNS205,Medium
3833,10,2025-12-08,GEN401,High
3834,126,2025-07-02,GEN401,Medium
3835,130,2025-02-27,BLD301,Medium
3836,138,2025-12-10,SNS205,Critical
3837,45,2025-04-30,GBX101,High
3838,74,2025-12-21,BLD301,Critical
3839,133,2025-05-30,GBX101,Medium
3840,90,2025-05-28,SNS205,High
3841,51,2025-09-10,BLD301,High
3842,97,2025-03-14,GBX101,Critical
3843,69,2025-12-14,BRK501,High
3844,139,2025-03-11,GEN401,Low
3845,1,2025-09-09,GBX101,High
3846,30,2025-04-22,GEN401,Low
3847,98,2025-08-06,BRK501,Medium
3848,51,2025-09-23,GEN401,High
3849,141,2025-05-10,GBX101,Critical
3850,118,2025-01-04,GBX101,High
3851,13,2025-11-28,SNS205,Medium
3852,41,2025-03-20,GEN401,High
3853,28,2025-12-21,GEN401,Low
3854,134,2025-09-18,GEN401,Low
3855,141,2025-12-12,SNS205,Low
3856,146,2025-12-06,GEN401,Low
3857,38,2025-01-20,BRK501,High
3858,125,2025-12-27,SNS205,High
3859,49,2025-05-21,GEN401,Low
3860,130,2025-01-25,SNS205,Medium
3861,89,2025-08-21,GEN401,Medium
3862,135,2025-08-22,GBX101,Low
3863,99,2025-08-24,GEN401,Critical
3864,90,2025-12-09,BLD301,Low
3865,25,2025-08-21,SNS205,Low
3866,64,2025-03-12,GEN401,Medium
3867,79,2025-03-22,GBX101,Medium
3868,28,2025-08-23,GBX101,Critical
3869,33,2025-08-24,SNS205,Medium
3870,112,2025-11-18,SNS205,Low
3871,67,2025-05-18,BRK501,Low
3872,122,2025-03-01,GEN401,Low
3873,1,2025-09-15,GEN401,Low
3874,34,2025-02-01,GBX101,Critical
3875,137,2025-08-27,BRK501,High
3876,55,2025-02-26,GBX101,Medium
3877,135,2025-08-04,BRK501,High
3878,54,2025-03-07,GBX101,Low
3879,19,2025-05-02,GBX101,Critical
3880,24,2025-11-19,BLD301,Medium
3881,130,2025-06-07,SNS205,Low
3882,72,2025-02-20,GBX101,High
3883,3,2025-06-05,GEN401,Low
3884,148,2025-02-25,BRK501,Critical
3885,17,2025-09-11,GBX101,Critical
3886,128,2025-05-20,BLD301,High
3887,70,2025-06-24,BRK501,High
3888,13,2025-05-17,GBX101,High
3889,85,2025-06-14,BLD301,Critical
3890,61,2025-04-15,BRK501,High
3891,74,2025-07-22,GBX101,High
3892,137,2025-04-01,BRK501,Medium
3893,63,2025-01-01,GBX101,Low
3894,17,2025-08-17,GBX101,Low
3895,117,2025-09-07,SNS205,Low
3896,2,2025-06-23,SNS205,Medium
3897,137,2025-02-16,SNS205,Medium
3898,101,2025-06-02,GEN401,Medium
3899,12,2025-01-03,GEN401,Low
3900,110,2025-11-30,GBX101,Medium
3901,104,2025-12-16,GEN401,Critical
3902,100,2025-08-28,GEN401,High
3903,101,2025-09-15,BRK501,Critical
3904,114,2025-02-18,GEN401,Low
3905,53,2025-07-28,BRK501,Low
3906,78,2025-05-26,GEN401,Low
3907,88,2025-02-24,SNS205,Critical
3908,41,2025-07-13,SNS205,High
3909,48,2025-09-27,BRK501,High
3910,44,2025-06-15,GBX101,Medium
3911,50,2025-02-23,BRK501,Low
3912,43,2025-11-16,BRK501,Medium
3913,109,2025-08-10,GBX101,Low
3914,60,2025-02-02,BLD301,Medium
3915,28,2025-05-02,BRK501,Critical
3916,34,2025-02-27,GEN401,Critical
3917,69,2025-10-04,GEN401,Low
3918,50,2025-11-13,BRK501,Critical
3919,144,2025-09-30,SNS205,Low
3920,51,2025-08-20,GEN401,Critical
3921,141,2025-07-22,BRK501,Low
3922,106,2025-01-16,GBX101,High
3923,77,2025-02-17,GBX101,Low
3924,38,2025-07-31,BRK501,High
3925,127,2025-07-05,BLD301,High
3926,140,2025-12-20,BRK501,Low
3927,113,2025-10-12,BLD301,Medium
3928,147,2025-09-16,BRK501,Medium
3929,54,2025-11-30,BLD301,Low
3930,129,2025-02-26,SNS205,Medium
3931,119,2025-12-19,BLD301,Critical
3932,79,2025-05-01,GBX101,High
3933,149,2025-04-03,GBX101,Low
3934,75,2025-07-08,GEN401,High
3935,64,2025-12-25,GBX101,Critical
3936,48,2025-01-23,GEN401,Medium
3937,62,2025-02-04,GBX101,Low
3938,86,2025-03-04,GBX101,Low
3939,137,2025-09-13,GEN401,High
3940,46,2025-05-14,GBX101,High
3941,93,2025-05-09,SNS205,Critical
3942,79,2025-09-23,SNS205,Medium
3943,6,2025-02-22,GEN401,High
3944,94,2025-03-09,GEN401,Critical
3945,68,2025-05-20,GEN401,High
3946,132,2025-06-14,BLD301,Medium
3947,48,2025-02-13,GEN401,Medium
3948,125,2025-07-13,GEN401,Critical
3949,18,2025-06-14,BLD301,High
3950,123,2025-07-15,GEN401,Medium
3951,140,2025-10-02,GBX101,Critical
3952,142,2025-11-30,SNS205,High
3953,17,2025-12-16,GBX101,Low
3954,101,2025-09-12,BRK501,Medium
3955,139,2025-07-20,BRK501,High
3956,106,2025-11-09,BRK501,Medium
3957,51,2025-01-02,GEN401,High
3958,97,2025-12-18,BLD301,Low
3959,115,2025-05-25,GEN401,Medium
3960,84,2025-12-02,GBX101,Low
3961,82,2025-01-21,GEN401,Low
3962,18,2025-11-06,SNS205,High
3963,64,2025-10-26,BRK501,High
3964,55,2025-07-29,GBX101,Low
3965,102,2025-02-04,BRK501,Low
3966,18,2025-03-02,GEN401,Medium
3967,35,2025-08-04,GBX101,Low
3968,92,2025-03-10,BLD301,Medium
3969,3,2025-06-29,BRK501,Low
3970,34,2025-07-19,GBX101,Medium
3971,92,2025-07-11,BRK501,Critical
3972,109,2025-07-01,SNS205,Low
3973,67,2025-05-23,BRK501,Critical
3974,44,2025-06-30,GBX101,Critical
3975,41,2025-09-09,GBX101,Low
3976,27,2025-02-09,BLD301,High
3977,23,2025-02-01,GEN401,High
3978,43,2025-09-02,BLD301,Critical
3979,121,2025-07-10,GBX101,Critical
3980,85,2025-10-18,GEN401,Low
3981,67,2025-12-11,SNS205,High
3982,72,2025-08-02,BRK501,Critical
3983,143,2025-05-18,SNS205,High
3984,147,2025-09-04,GEN401,Critical
3985,126,2025-11-06,GBX101,Critical
3986,3,2025-06-28,SNS205,Critical
3987,149,2025-10-23,GEN401,High
3988,145,2025-08-03,BRK501,Medium
3989,48,2025-09-01,GBX101,Medium
3990,25,2025-02-18,SNS205,Critical
3991,123,2025-06-29,SNS205,Medium
3992,30,2025-02-10,BLD301,Medium
3993,91,2025-04-03,BLD301,Low
3994,1,2025-04-24,BRK501,Low
3995,31,2025-02-28,SNS205,Low
3996,72,2025-06-21,BRK501,Medium
3997,134,2025-09-08,SNS205,High
3998,101,2025-04-07,BLD301,Low
3999,116,2025-07-15,GBX101,Low
4000,26,2025-10-04,GBX101,High
4001,32,2025-08-29,SNS205,Medium
4002,41,2025-09-07,SNS205,Critical
4003,102,2025-05-13,GEN401,Medium
4004,121,2025-06-07,BLD301,Medium
4005,70,2025-11-22,GBX101,High
4006,148,2025-03-30,BLD301,Medium
4007,118,2025-10-13,BRK501,High
4008,23,2025-04-19,BRK501,Low
4009,28,2025-06-18,GBX101,Critical
4010,6,2025-02-20,BRK501,Critical
4011,4,2025-05-22,BRK501,Low
4012,125,2025-01-20,GEN401,Critical
4013,51,2025-07-26,GBX101,Critical
4014,10,2025-01-22,BLD301,Medium
4015,127,2025-12-17,BLD301,Low
4016,14,2025-01-09,GEN401,Medium
4017,104,2025-07-27,GBX101,Critical
4018,95,2025-10-05,BRK501,High
4019,3,2025-05-14,BRK501,Critical
4020,94,2025-02-06,GBX101,High
4021,29,2025-08-04,GEN401,Medium
4022,143,2025-07-19,GBX101,Critical
4023,112,2025-04-22,BRK501,Low
4024,89,2025-04-09,GBX101,Medium
4025,3,2025-05-15,SNS205,High
4026,97,2025-01-11,BLD301,Critical
4027,20,2025-06-05,GEN401,Medium
4028,5,2025-11-06,BLD301,Medium
4029,140,2025-08-12,SNS205,Critical
4030,47,2025-12-16,SNS205,Critical
4031,83,2025-09-12,BRK501,Low
4032,89,2025-10-01,BLD301,High
4033,42,2025-06-26,BLD301,Low
4034,74,2025-10-18,GEN401,High
4035,79,2025-05-16,GBX101,Medium
4036,22,2025-11-10,SNS205,Medium
4037,39,2025-08-06,BLD301,High
4038,25,2025-02-03,GEN401,High
4039,138,2025-06-22,GBX101,Medium
4040,63,2025-07-05,GEN401,High
4041,19,2025-10-03,SNS205,Critical
4042,84,2025-06-16,BRK501,Critical
4043,111,2025-08-05,SNS205,High
4044,21,2025-11-08,BLD301,Medium
4045,41,2025-07-25,GBX101,High
4046,32,2025-02-01,BLD301,Medium
4047,50,2025-02-09,GBX101,Low
4048,145,2025-04-24,GBX101,Critical
4049,9,2025-02-10,SNS205,Low
4050,23,2025-11-11,BRK501,Medium
4051,140,2025-06-17,GBX101,Medium
4052,85,2025-12-27,SNS205,Low
4053,56,2025-05-22,GBX101,Low
4054,3,2025-03-13,GEN401,Critical
4055,149,2025-12-19,GBX101,Low
4056,1,2025-02-26,GEN401,Low
4057,91,2025-03-24,BLD301,Low
4058,93,2025-04-14,BLD301,Medium
4059,97,2025-03-08,BRK501,High
4060,121,2025-09-16,SNS205,Low
4061,49,2025-10-13,BLD301,Low
4062,25,2025-07-26,SNS205,Low
4063,27,2025-10-30,BLD301,Low
4064,49,2025-02-21,BLD301,Low
4065,49,2025-07-23,BRK501,Medium
4066,102,2025-04-12,GEN401,Critical
4067,64,2025-09-30,BLD301,Low
4068,17,2025-03-28,SNS205,Medium
4069,5,2025-03-04,GEN401,Medium
4070,18,2025-07-02,SNS205,Medium
4071,109,2025-10-10,BLD301,Medium
4072,124,2025-03-03,GBX101,Low
4073,75,2025-07-16,BRK501,Low
4074,132,2025-09-22,SNS205,Critical
4075,92,2025-04-04,GEN401,Critical
4076,31,2025-01-07,GBX101,Low
4077,45,2025-05-03,BLD301,High
4078,101,2025-02-06,BRK501,Low
4079,2,2025-02-06,GBX101,Critical
4080,96,2025-04-15,GEN401,Low
4081,91,2025-09-18,GEN401,Critical
4082,127,2025-05-07,GEN401,Low
4083,138,2025-10-21,BRK501,Critical
4084,66,2025-04-07,BLD301,Critical
4085,69,2025-01-16,BLD301,High
4086,79,2025-08-20,SNS205,High
4087,72,2025-07-17,GBX101,Low
4088,40,2025-03-22,BRK501,Low
4089,98,2025-01-01,SNS205,High
4090,118,2025-01-27,BLD301,High
4091,10,2025-08-01,SNS205,Low
4092,147,2025-03-02,SNS205,High
4093,52,2025-06-04,GBX101,Critical
4094,50,2025-05-11,GBX101,Medium
4095,148,2025-05-03,GBX101,Low
4096,16,2025-04-23,GEN401,High
4097,90,2025-02-04,SNS205,Low
4098,67,2025-03-17,GEN401,Medium
4099,128,2025-12-11,BRK501,Critical
4100,2,2025-04-18,BRK501,Low
4101,60,2025-07-04,GBX101,Critical
4102,107,2025-01-28,BLD301,Low
4103,54,2025-03-24,SNS205,Medium
4104,93,2025-05-02,GBX101,Low
4105,134,2025-07-02,BLD301,Medium
4106,41,2025-11-29,SNS205,Critical
4107,133,2025-04-17,GEN401,Low
4108,116,2025-09-07,BLD301,Critical
4109,37,2025-07-29,GEN401,Critical
4110,112,2025-03-07,BLD301,Critical
4111,119,2025-08-20,BRK501,Medium
4112,72,2025-09-01,SNS205,High
4113,106,2025-09-26,SNS205,Low
4114,74,2025-11-14,SNS205,Medium
4115,22,2025-03-01,BLD301,High
4116,95,2025-08-09,BLD301,Critical
4117,26,2025-06-14,GBX101,High
4118,141,2025-05-27,GEN401,High
4119,80,2025-12-19,BLD301,Critical
4120,14,2025-01-10,GEN401,Medium
4121,88,2025-03-07,GEN401,Low
4122,126,2025-07-04,GEN401,Medium
4123,125,2025-08-17,SNS205,Low
4124,47,2025-08-24,BLD301,High
4125,80,2025-06-11,GEN401,Medium
4126,84,2025-09-20,BRK501,Critical
4127,46,2025-03-17,BRK501,Medium
4128,64,2025-05-08,SNS205,High
4129,51,2025-11-02,BLD301,Low
4130,1,2025-06-09,BRK501,Low
4131,30,2025-11-01,SNS205,High
4132,55,2025-01-28,BRK501,High
4133,133,2025-06-18,BLD301,Critical
4134,142,2025-08-16,BRK501,Critical
4135,96,2025-12-12,BLD301,Critical
4136,36,2025-10-26,BRK501,Medium
4137,105,2025-08-06,BRK501,High
4138,110,2025-02-05,BLD301,High
4139,16,2025-06-03,BRK501,Medium
4140,4,2025-11-21,GEN401,Critical
4141,75,2025-06-19,SNS205,High
4142,36,2025-03-05,GBX101,High
4143,97,2025-06-02,BLD301,High
4144,75,2025-06-21,GEN401,Critical
4145,17,2025-02-09,BRK501,Low
4146,74,2025-09-30,GEN401,High
4147,73,2025-09-21,GBX101,Low
4148,150,2025-03-26,BLD301,Low
4149,122,2025-08-26,GBX101,High
4150,102,2025-12-26,SNS205,High
4151,139,2025-09-27,SNS205,Critical
4152,87,2025-12-22,GBX101,Critical
4153,43,2025-01-11,BRK501,Low
4154,107,2025-10-18,BLD301,High
4155,27,2025-01-07,GBX101,Medium
4156,148,2025-11-08,BRK501,Critical
4157,24,2025-11-22,BRK501,High
4158,63,2025-04-03,GBX101,High
4159,66,2025-10-11,SNS205,Low
4160,109,2025-12-28,BRK501,Critical
4161,76,2025-04-05,BLD301,Critical
4162,78,2025-03-22,BLD301,Low
4163,97,2025-12-19,SNS205,High
4164,97,2025-05-30,BLD301,Critical
4165,105,2025-07-08,BLD301,Medium
4166,37,2025-03-11,BRK501,Medium
4167,17,2025-06-24,GBX101,Critical
4168,122,2025-07-09,GEN401,Low
4169,90,2025-11-11,GEN401,Critical
4170,71,2025-12-29,GEN401,Low
4171,4,2025-01-29,BLD301,Medium
4172,76,2025-09-08,SNS205,Medium
4173,40,2025-08-12,BLD301,Low
4174,128,2025-09-15,BLD301,Medium
4175,39,2025-09-04,BLD301,Low
4176,25,2025-07-20,BRK501,Critical
4177,132,2025-12-13,GBX101,Low
4178,94,2025-04-04,BLD301,Medium
4179,9,2025-10-01,SNS205,Medium
4180,11,2025-01-03,GEN401,High
4181,29,2025-09-01,SNS205,Low
4182,21,2025-08-15,GEN401,Low
4183,27,2025-06-30,BLD301,Low
4184,18,2025-03-31,SNS205,Low
4185,54,2025-05-24,BRK501,High
4186,108,2025-02-04,GEN401,Low
4187,138,2025-02-25,SNS205,High
4188,53,2025-10-18,SNS205,High
4189,105,2025-01-23,BLD301,Low
4190,150,2025-10-02,GEN401,High
4191,92,2025-08-16,GBX101,Medium
4192,9,2025-07-05,GBX101,Critical
4193,31,2025-06-24,GEN401,Low
4194,2,2025-10-03,GBX101,Medium
4195,29,2025-10-29,SNS205,High
4196,123,2025-08-20,SNS205,Low
4197,19,2025-10-29,GEN401,High
4198,78,2025-09-04,SNS205,Low
4199,25,2025-10-15,GEN401,High
4200,111,2025-05-20,GBX101,Medium
4201,8,2025-10-11,SNS205,Low
4202,123,2025-08-18,BRK501,High
4203,116,2025-06-09,SNS205,Low
4204,115,2025-08-31,BLD301,High
4205,17,2025-11-22,BLD301,Critical
4206,112,2025-02-22,GEN401,Medium
4207,88,2025-03-17,SNS205,Medium
4208,52,2025-11-21,GEN401,Critical
4209,127,2025-05-21,BRK501,High
4210,93,2025-08-22,GBX101,Medium
4211,18,2025-06-10,SNS205,High
4212,75,2025-05-09,SNS205,Critical
4213,31,2025-07-01,GEN401,High
4214,147,2025-06-03,BRK501,Medium
4215,138,2025-07-03,SNS205,Critical
4216,23,2025-05-05,BRK501,Medium
4217,22,2025-02-22,GBX101,Critical
4218,38,2025-10-20,BLD301,Medium
4219,67,2025-04-12,GBX101,High
4220,67,2025-05-02,BRK501,High
4221,112,2025-01-12,BRK501,Medium
4222,28,2025-09-04,SNS205,Medium
4223,43,2025-12-20,SNS205,Low
4224,102,2025-01-18,GBX101,Critical
4225,124,2025-06-15,BLD301,Low
4226,7,2025-07-11,GBX101,Critical
4227,90,2025-10-23,GBX101,Critical
4228,88,2025-06-24,SNS205,Low
4229,24,2025-12-09,SNS205,Critical
4230,94,2025-03-01,GEN401,High
4231,41,2025-03-06,BRK501,High
4232,38,2025-07-28,BRK501,Low
4233,141,2025-04-06,GEN401,Low
4234,29,2025-11-17,GEN401,High
4235,26,2025-10-28,GEN401,Critical
4236,54,2025-04-30,BLD301,High
4237,27,2025-09-25,GBX101,High
4238,23,2025-03-17,SNS205,High
4239,39,2025-08-25,BRK501,High
4240,50,2025-09-04,SNS205,Low
4241,14,2025-10-21,SNS205,Low
4242,148,2025-12-20,BLD301,Critical
4243,36,2025-11-08,BRK501,Low
4244,81,2025-12-31,GEN401,Critical
4245,117,2025-08-31,GEN401,Low
4246,31,2025-07-20,BLD301,Low
4247,5,2025-06-02,GBX101,High
4248,7,2025-02-12,SNS205,Critical
4249,51,2025-01-25,SNS205,Medium
4250,63,2025-08-01,BLD301,High
4251,5,2025-06-11,GBX101,High
4252,126,2025-11-13,GBX101,High
4253,13,2025-07-12,BRK501,High
4254,30,2025-06-27,BLD301,Medium
4255,146,2025-10-11,BLD301,High
4256,39,2025-01-30,GEN401,High
4257,21,2025-01-07,GEN401,Medium
4258,70,2025-11-01,GBX101,Medium
4259,149,2025-12-27,GBX101,High
4260,4,2025-11-20,BRK501,Low
4261,90,2025-11-12,BRK501,Low
4262,97,2025-12-04,BLD301,Critical
4263,138,2025-08-14,BLD301,High
4264,91,2025-06-04,SNS205,High
4265,132,2025-10-16,SNS205,Critical
4266,70,2025-02-02,BRK501,Low
4267,33,2025-08-05,GEN401,High
4268,24,2025-12-06,BRK501,Critical
4269,55,2025-07-24,GEN401,Low
4270,60,2025-11-06,GEN401,Critical
4271,15,2025-01-12,BRK501,High
4272,142,2025-02-24,SNS205,Medium
4273,106,2025-05-03,SNS205,Medium
4274,14,2025-11-02,GBX101,Low
4275,148,2025-03-23,BRK501,Medium
4276,81,2025-02-20,SNS205,Low
4277,128,2025-01-23,BRK501,High
4278,92,2025-05-19,SNS205,Low
4279,113,2025-03-01,BRK501,Medium
4280,66,2025-08-29,GBX101,Medium
4281,21,2025-06-05,GBX101,Low
4282,74,2025-10-10,GEN401,High
4283,66,2025-12-25,BLD301,Critical
4284,124,2025-02-15,GEN401,Medium
4285,121,2025-10-21,BLD301,Critical
4286,62,2025-12-26,BRK501,Low
4287,70,2025-04-24,GEN401,High
4288,8,2025-12-21,GBX101,Critical
4289,40,2025-01-08,SNS205,Medium
4290,118,2025-02-09,SNS205,Medium
4291,85,2025-09-28,SNS205,Low
4292,8,2025-02-09,SNS205,Medium
4293,85,2025-11-04,SNS205,Critical
4294,75,2025-09-27,GBX101,Low
4295,41,2025-02-10,SNS205,Low
4296,91,2025-03-19,GBX101,Low
4297,142,2025-11-24,BRK501,Low
4298,3,2025-11-12,BRK501,Critical
4299,122,2025-09-14,SNS205,Medium
4300,21,2025-11-13,SNS205,High
4301,100,2025-12-17,SNS205,Critical
4302,38,2025-09-13,GEN401,Low
4303,125,2025-09-29,GEN401,Critical
4304,150,2025-10-26,BLD301,Critical
4305,131,2025-01-16,SNS205,Low
4306,24,2025-07-04,BLD301,Medium
4307,147,2025-02-26,SNS205,High
4308,135,2025-05-29,BRK501,Low
4309,62,2025-02-10,BLD301,Critical
4310,136,2025-07-10,BLD301,High
4311,88,2025-05-14,SNS205,Low
4312,134,2025-07-02,GEN401,High
4313,145,2025-11-09,SNS205,Low
4314,65,2025-02-09,BRK501,High
4315,121,2025-03-11,GBX101,Low
4316,45,2025-09-08,BLD301,High
4317,135,2025-09-05,GBX101,Critical
4318,89,2025-06-14,SNS205,Medium
4319,16,2025-09-11,GBX101,Low
4320,127,2025-02-26,SNS205,Low
4321,67,2025-12-07,SNS205,Medium
4322,136,2025-03-13,BRK501,High
4323,18,2025-12-13,GEN401,Critical
4324,80,2025-01-01,SNS205,Low
4325,42,2025-12-22,GBX101,High
4326,109,2025-10-26,GEN401,Medium
4327,87,2025-11-20,SNS205,Critical
4328,133,2025-09-06,GBX101,Medium
4329,60,2025-12-06,GEN401,Medium
4330,97,2025-03-13,SNS205,Low
4331,59,2025-01-09,GBX101,Critical
4332,76,2025-03-07,BRK501,Low
4333,50,2025-08-08,BRK501,Medium
4334,33,2025-08-30,GEN401,Medium
4335,121,2025-01-06,GEN401,Low
4336,119,2025-02-11,BLD301,Low
4337,139,2025-04-28,BRK501,Medium
4338,149,2025-07-25,BLD301,Medium
4339,27,2025-11-23,BRK501,Low
4340,144,2025-04-09,BLD301,High
4341,135,2025-10-26,BRK501,Low
4342,31,2025-03-28,SNS205,High
4343,149,2025-12-22,GEN401,Medium
4344,120,2025-11-04,GEN401,Critical
4345,42,2025-11-09,BRK501,Critical
4346,29,2025-12-19,BLD301,Low
4347,105,2025-03-21,BLD301,Critical
4348,131,2025-04-02,BLD301,Medium
4349,11,2025-05-16,GEN401,Critical
4350,118,2025-12-04,GEN401,Medium
4351,20,2025-08-25,SNS205,Critical
4352,134,2025-12-01,SNS205,Medium
4353,135,2025-02-28,GEN401,Medium
4354,1,2025-12-07,GEN401,Critical
4355,54,2025-11-17,BLD301,Low
4356,46,2025-02-20,BLD301,Low
4357,61,2025-01-27,BLD301,Critical
4358,135,2025-12-21,GBX101,Critical
4359,119,2025-01-28,BRK501,Low
4360,40,2025-04-09,GEN401,Low
4361,100,2025-11-20,GBX101,Medium
4362,46,2025-01-28,BRK501,Medium
4363,107,2025-10-21,SNS205,Low
4364,36,2025-07-05,GBX101,Low
4365,37,2025-05-21,GBX101,Medium
4366,50,2025-01-13,BLD301,Low
4367,21,2025-06-17,GBX101,Low
4368,104,2025-01-22,SNS205,Medium
4369,121,2025-04-23,GBX101,Medium
4370,121,2025-09-25,SNS205,High
4371,22,2025-11-24,SNS205,Critical
4372,100,2025-03-21,GBX101,Medium
4373,17,2025-12-20,BLD301,Low
4374,117,2025-11-25,BRK501,Critical
4375,17,2025-03-17,GEN401,High
4376,27,2025-10-20,SNS205,Critical
4377,148,2025-07-14,SNS205,Medium
4378,103,2025-06-23,BRK501,Low
4379,119,2025-12-02,GBX101,Low
4380,61,2025-11-25,BLD301,Medium
4381,92,2025-10-01,BLD301,Critical
4382,38,2025-12-25,BLD301,Low
4383,118,2025-06-23,GEN401,Medium
4384,115,2025-07-02,GBX101,High
4385,128,2025-07-31,GEN401,Medium
4386,63,2025-01-08,GEN401,Critical
4387,117,2025-11-01,SNS205,Medium
4388,100,2025-03-07,BRK501,High
4389,10,2025-11-04,GBX101,Medium
4390,53,2025-03-02,SNS205,Critical
4391,114,2025-01-06,SNS205,High
4392,110,2025-01-02,GBX101,Low
4393,131,2025-02-14,GBX101,Medium
4394,84,2025-04-24,GEN401,Critical
4395,60,2025-09-09,SNS205,Low
4396,59,2025-07-23,GBX101,Medium
4397,121,2025-09-14,GEN401,Medium
4398,13,2025-08-02,SNS205,Critical
4399,128,2025-04-27,GBX101,Low
4400,103,2025-06-20,SNS205,Medium
4401,77,2025-03-26,BRK501,Critical
4402,81,2025-12-23,GBX101,Medium
4403,69,2025-09-24,BLD301,High
4404,100,2025-07-29,BRK501,High
4405,22,2025-12-09,BRK501,Critical
4406,139,2025-04-12,GBX101,Critical
4407,114,2025-12-10,SNS205,Critical
4408,37,2025-05-24,GEN401,High
4409,85,2025-01-14,GEN401,Low
4410,118,2025-04-03,SNS205,Critical
4411,72,2025-05-08,GEN401,Medium
4412,89,2025-04-14,GBX101,Low
4413,49,2025-02-23,GBX101,Low
4414,94,2025-04-13,GBX101,High
4415,127,2025-05-13,BRK501,High
4416,67,2025-01-18,BLD301,High
4417,106,2025-09-09,BLD301,Medium
4418,100,2025-06-14,GEN401,Low
4419,18,2025-12-31,GBX101,High
4420,60,2025-03-16,GEN401,High
4421,55,2025-04-13,GEN401,High
4422,83,2025-11-29,BRK501,Medium
4423,127,2025-05-31,GEN401,Low
4424,35,2025-09-18,GBX101,Low
4425,2,2025-12-03,BLD301,Medium
4426,51,2025-10-26,SNS205,Critical
4427,74,2025-07-17,BLD301,Medium
4428,83,2025-06-19,GBX101,Critical
4429,46,2025-03-14,SNS205,High
4430,59,2025-01-02,BRK501,Medium
4431,53,2025-11-16,SNS205,Critical
4432,84,2025-03-11,SNS205,High
4433,44,2025-12-25,GEN401,High
4434,15,2025-04-21,GEN401,High
4435,110,2025-11-06,BRK501,Low
4436,76,2025-05-29,SNS205,Critical
4437,29,2025-02-17,BRK501,Low
4438,73,2025-05-12,BLD301,Low
4439,141,2025-04-16,GEN401,Low
4440,67,2025-11-12,BLD301,Low
4441,131,2025-07-22,BLD301,High
4442,87,2025-05-02,BLD301,Low
4443,20,2025-12-17,BLD301,Medium
4444,113,2025-01-30,BLD301,Medium
4445,9,2025-02-08,SNS205,Critical
4446,150,2025-04-30,SNS205,High
4447,132,2025-05-31,BLD301,Medium
4448,56,2025-02-24,GBX101,High
4449,79,2025-09-11,BRK501,High
4450,143,2025-11-28,SNS205,Medium
4451,54,2025-04-03,GEN401,Medium
4452,145,2025-08-08,SNS205,Medium
4453,124,2025-12-28,BRK501,Low
4454,4,2025-01-16,BRK501,Low
4455,118,2025-10-05,SNS205,Low
4456,125,2025-01-11,SNS205,Critical
4457,98,2025-08-11,GBX101,High
4458,53,2025-11-11,BRK501,Low
4459,112,2025-03-27,GEN401,High
4460,66,2025-11-19,GBX101,Medium
4461,94,2025-04-11,BLD301,High
4462,37,2025-07-24,GEN401,Critical
4463,8,2025-09-03,BLD301,Low
4464,146,2025-05-08,GBX101,Low
4465,88,2025-12-08,BRK501,High
4466,69,2025-12-13,GEN401,Medium
4467,84,2025-09-28,BRK501,Medium
4468,128,2025-04-13,SNS205,Critical
4469,113,2025-02-21,BRK501,Medium
4470,36,2025-07-19,BLD301,High
4471,135,2025-02-12,GBX101,Low
4472,54,2025-01-27,SNS205,Low
4473,27,2025-05-25,SNS205,Critical
4474,79,2025-11-24,GEN401,Critical
4475,144,2025-01-03,BRK501,Critical
4476,126,2025-12-24,BRK501,Low
4477,33,2025-02-27,GBX101,Medium
4478,105,2025-08-02,GEN401,Critical
4479,126,2025-02-14,BLD301,Medium
4480,104,2025-11-13,GBX101,Medium
4481,133,2025-11-11,BRK501,High
4482,27,2025-06-04,SNS205,Low
4483,40,2025-03-01,BRK501,Low
4484,48,2025-08-31,GEN401,Low
4485,22,2025-06-30,BLD301,High
4486,61,2025-04-19,GBX101,Medium
4487,29,2025-11-25,GBX101,Critical
4488,105,2025-06-02,GBX101,High
4489,91,2025-07-29,GBX101,Critical
4490,117,2025-03-06,GEN401,Medium
4491,65,2025-02-18,SNS205,High
4492,77,2025-08-02,SNS205,Low
4493,138,2025-12-22,GEN401,Low
4494,87,2025-02-18,BLD301,Low
4495,88,2025-01-18,SNS205,High
4496,6,2025-12-24,BRK501,Medium
4497,25,2025-08-27,GEN401,Critical
4498,124,2025-01-08,BLD301,Critical
4499,99,2025-12-30,GBX101,Critical
4500,143,2025-02-08,GBX101,High
4501,126,2025-07-28,SNS205,Low
4502,104,2025-04-12,GBX101,Low
4503,16,2025-05-10,BRK501,High
4504,48,2025-02-18,GEN401,Critical
4505,30,2025-08-18,SNS205,High
4506,68,2025-12-26,GBX101,Medium
4507,82,2025-11-23,GBX101,Critical
4508,129,2025-06-10,GEN401,High
4509,125,2025-06-07,SNS205,Low
4510,45,2025-09-03,BLD301,Critical
4511,33,2025-10-12,BLD301,High
4512,74,2025-12-28,BRK501,Critical
4513,148,2025-03-29,BRK501,Medium
4514,30,2025-12-02,GBX101,High
4515,37,2025-01-31,GEN401,Low
4516,32,2025-01-21,BRK501,Critical
4517,4,2025-09-11,SNS205,Low
4518,1,2025-06-25,GBX101,Critical
4519,37,2025-11-22,GBX101,Critical
4520,52,2025-01-07,SNS205,Medium
4521,145,2025-01-26,BLD301,Critical
4522,118,2025-04-12,GEN401,Low
4523,20,2025-01-04,GEN401,Medium
4524,104,2025-08-18,BLD301,High
4525,128,2025-03-21,GEN401,Critical
4526,106,2025-02-16,BLD301,Low
4527,111,2025-08-07,BLD301,Medium
4528,7,2025-10-12,GEN401,Medium
4529,135,2025-07-23,BRK501,High
4530,63,2025-10-07,GBX101,Medium
4531,120,2025-02-18,GEN401,Low
4532,75,2025-03-26,BLD301,Critical
4533,44,2025-10-17,BLD301,Medium
4534,7,2025-04-06,BRK501,Low
4535,37,2025-12-09,BRK501,Medium
4536,99,2025-10-30,GEN401,Medium
4537,25,2025-05-22,BRK501,High
4538,50,2025-08-25,SNS205,Low
4539,69,2025-08-15,GEN401,Critical
4540,78,2025-06-28,BRK501,Medium
4541,71,2025-06-18,BRK501,Low
4542,10,2025-03-26,GBX101,Low
4543,2,2025-03-14,SNS205,Low
4544,98,2025-01-15,GBX101,Medium
4545,100,2025-04-16,SNS205,Critical
4546,83,2025-11-15,BLD301,High
4547,83,2025-05-15,BRK501,Critical
4548,126,2025-12-27,GBX101,Critical
4549,6,2025-12-26,GBX101,Low
4550,40,2025-02-11,GEN401,Medium
4551,127,2025-11-09,BLD301,Low
4552,43,2025-12-08,GEN401,Critical
4553,143,2025-02-19,BRK501,Medium
4554,135,2025-06-08,GBX101,Critical
4555,139,2025-09-07,GBX101,Critical
4556,21,2025-09-25,SNS205,Medium
4557,144,2025-08-14,SNS205,Critical
4558,26,2025-09-14,BLD301,High
4559,148,2025-05-17,GBX101,Critical
4560,9,2025-07-07,GBX101,High
4561,39,2025-04-16,GBX101,Medium
4562,20,2025-01-21,GBX101,Critical
4563,13,2025-11-26,SNS205,Critical
4564,86,2025-06-15,GEN401,Medium
4565,126,2025-07-20,GBX101,Medium
4566,63,2025-01-19,GBX101,Medium
4567,121,2025-11-28,GBX101,Critical
4568,75,2025-07-15,BRK501,High
4569,141,2025-05-10,BLD301,Medium
4570,35,2025-07-18,BRK501,Medium
4571,119,2025-10-17,GBX101,Medium
4572,7,2025-06-17,BLD301,Medium
4573,68,2025-08-08,SNS205,Medium
4574,33,2025-05-26,GBX101,High
4575,115,2025-07-27,BLD301,High
4576,55,2025-04-08,BRK501,Low
4577,68,2025-10-21,GEN401,Medium
4578,114,2025-08-11,GEN401,Medium
4579,39,2025-03-13,SNS205,High
4580,18,2025-08-23,SNS205,Critical
4581,104,2025-08-13,BRK501,Critical
4582,6,2025-10-21,GEN401,Critical
4583,106,2025-02-11,GEN401,Medium
4584,140,2025-11-14,GEN401,Critical
4585,106,2025-01-02,GEN401,Low
4586,38,2025-09-30,BRK501,Low
4587,110,2025-10-26,SNS205,High
4588,105,2025-12-29,BRK501,High
4589,25,2025-01-09,GBX101,Low
4590,68,2025-10-16,BRK501,Low
4591,130,2025-04-04,BRK501,Critical
4592,59,2025-12-31,BLD301,Medium
4593,21,2025-10-08,SNS205,Critical
4594,74,2025-10-31,BRK501,Medium
4595,113,2025-09-18,GBX101,High
4596,13,2025-02-07,SNS205,Medium
4597,67,2025-09-24,GBX101,Medium
4598,144,2025-02-02,SNS205,Critical
4599,80,2025-11-03,BLD301,Medium
4600,64,2025-01-28,BLD301,Critical
4601,117,2025-11-15,BRK501,Critical
4602,66,2025-02-02,GBX101,Critical
4603,6,2025-02-28,SNS205,High
4604,5,2025-08-17,GEN401,Critical
4605,75,2025-11-25,SNS205,Critical
4606,139,2025-10-16,SNS205,Critical
4607,142,2025-11-03,BLD301,Low
4608,106,2025-03-16,BLD301,High
4609,117,2025-02-11,SNS205,Medium
4610,4,2025-12-25,GEN401,Medium
4611,118,2025-02-20,BRK501,Medium
4612,91,2025-01-11,BRK501,Low
4613,38,2025-09-01,GBX101,Critical
4614,91,2025-05-12,BRK501,Low
4615,47,2025-12-18,SNS205,Medium
4616,76,2025-01-18,BRK501,Low
4617,62,2025-12-16,GEN401,Medium
4618,60,2025-10-24,BLD301,Critical
4619,104,2025-02-10,BRK501,Low
4620,45,2025-05-27,SNS205,Medium
4621,65,2025-08-07,GBX101,Critical
4622,102,2025-08-27,BRK501,High
4623,110,2025-02-14,GEN401,Low
4624,107,2025-10-11,SNS205,Low
4625,120,2025-05-27,BLD301,High
4626,3,2025-02-25,GBX101,Low
4627,74,2025-10-10,GBX101,Medium
4628,120,2025-10-19,GEN401,Medium
4629,90,2025-08-03,GEN401,Low
4630,89,2025-12-27,SNS205,Low
4631,62,2025-03-07,GBX101,Low
4632,113,2025-08-11,BRK501,Medium
4633,25,2025-05-19,GEN401,Low
4634,58,2025-02-04,BRK501,Medium
4635,25,2025-10-21,BRK501,Critical
4636,76,2025-12-25,BRK501,Low
4637,11,2025-03-27,BLD301,High
4638,37,2025-04-11,SNS205,Medium
4639,118,2025-06-18,GEN401,Critical
4640,114,2025-04-09,GEN401,High
4641,72,2025-08-04,BLD301,Low
4642,50,2025-09-11,GBX101,Low
4643,25,2025-11-12,SNS205,Low
4644,51,2025-12-04,SNS205,Critical
4645,148,2025-03-26,SNS205,Low
4646,99,2025-05-14,BRK501,Medium
4647,142,2025-02-05,GEN401,Medium
4648,92,2025-05-05,BRK501,High
4649,5,2025-08-23,GBX101,Critical
4650,65,2025-08-25,GEN401,Critical
4651,19,2025-01-26,SNS205,High
4652,111,2025-02-17,BRK501,Low
4653,38,2025-10-13,BLD301,Low
4654,129,2025-12-09,SNS205,High
4655,89,2025-10-22,GEN401,Medium
4656,52,2025-07-31,BLD301,Medium
4657,117,2025-10-16,GEN401,Medium
4658,42,2025-03-12,BRK501,Medium
4659,111,2025-06-05,GEN401,High
4660,57,2025-11-17,GBX101,Critical
4661,61,2025-12-20,GBX101,Critical
4662,53,2025-05-24,SNS205,High
4663,114,2025-09-10,GEN401,Medium
4664,114,2025-10-11,GEN401,Medium
4665,66,2025-02-23,BRK501,Medium
4666,70,2025-06-23,GEN401,High
4667,120,2025-05-05,BLD301,Low
4668,17,2025-02-11,GEN401,High
4669,139,2025-05-19,BRK501,Critical
4670,19,2025-10-11,GBX101,Critical
4671,133,2025-01-02,GEN401,Medium
4672,23,2025-06-09,SNS205,Low
4673,45,2025-10-26,GBX101,Medium
4674,45,2025-04-03,SNS205,Critical
4675,150,2025-04-20,SNS205,Medium
4676,93,2025-04-06,BLD301,Low
4677,10,2025-08-31,SNS205,High
4678,55,2025-04-16,GBX101,Low
4679,133,2025-07-26,BLD301,Critical
4680,62,2025-05-21,GEN401,High
4681,57,2025-11-20,GBX101,Critical
4682,91,2025-07-03,SNS205,High
4683,130,2025-09-13,BRK501,Critical
4684,103,2025-05-11,GEN401,Low
4685,138,2025-08-14,SNS205,Medium
4686,80,2025-03-06,BLD301,High
4687,52,2025-12-14,BRK501,Low
4688,134,2025-09-03,BLD301,Medium
4689,145,2025-09-14,GBX101,High
4690,48,2025-08-14,BLD301,Medium
4691,86,2025-02-27,GEN401,Low
4692,57,2025-08-24,BLD301,Critical
4693,116,2025-09-13,SNS205,Critical
4694,82,2025-11-10,BRK501,High
4695,19,2025-01-21,BRK501,High
4696,33,2025-01-10,GEN401,Medium
4697,22,2025-12-17,SNS205,High
4698,87,2025-07-05,BLD301,Critical
4699,143,2025-10-09,GBX101,High
4700,33,2025-11-21,BRK501,Critical
4701,46,2025-03-08,GBX101,Low
4702,28,2025-09-01,SNS205,Critical
4703,26,2025-05-31,GEN401,Low
4704,6,2025-09-02,BLD301,Medium
4705,120,2025-10-07,BLD301,High
4706,40,2025-09-20,SNS205,High
4707,138,2025-11-25,BLD301,High
4708,141,2025-12-19,GEN401,High
4709,69,2025-08-22,SNS205,Medium
4710,23,2025-11-13,SNS205,Low
4711,23,2025-08-01,GEN401,Critical
4712,63,2025-04-06,GEN401,Medium
4713,32,2025-04-02,GEN401,Medium
4714,67,2025-10-13,SNS205,High
4715,11,2025-06-24,SNS205,Low
4716,44,2025-03-03,SNS205,High
4717,131,2025-08-16,GBX101,Medium
4718,119,2025-05-16,GEN401,Low
4719,17,2025-06-06,GBX101,High
4720,57,2025-06-15,GEN401,Low
4721,111,2025-01-24,BLD301,High
4722,70,2025-09-08,GBX101,Medium
4723,88,2025-12-17,BLD301,Critical
4724,113,2025-03-04,GBX101,Medium
4725,93,2025-10-13,BLD301,Critical
4726,142,2025-12-21,GBX101,Low
4727,90,2025-04-06,BLD301,Low
4728,68,2025-09-22,GEN401,Low
4729,107,2025-04-15,GBX101,Critical
4730,87,2025-05-03,GEN401,Medium
4731,68,2025-10-08,GBX101,Low
4732,53,2025-11-25,BLD301,Low
4733,149,2025-04-07,BLD301,High
4734,28,2025-06-19,BRK501,Low
4735,113,2025-09-26,GBX101,Medium
4736,15,2025-07-10,BRK501,Critical
4737,15,2025-08-29,SNS205,Critical
4738,115,2025-03-10,SNS205,Low
4739,103,2025-05-02,BLD301,Critical
4740,127,2025-12-27,BRK501,High
4741,58,2025-09-19,GBX101,Medium
4742,125,2025-04-28,BRK501,Low
4743,11,2025-03-09,BLD301,Critical
4744,123,2025-05-24,BLD301,Low
4745,137,2025-02-08,BLD301,High
4746,44,2025-08-07,BRK501,High
4747,16,2025-07-12,GBX101,Medium
4748,140,2025-03-14,GEN401,Critical
4749,20,2025-05-06,BRK501,Critical
4750,83,2025-10-29,GBX101,Medium
4751,126,2025-12-20,GEN401,High
4752,96,2025-10-22,BLD301,Medium
4753,84,2025-07-01,SNS205,Medium
4754,108,2025-01-30,BLD301,Critical
4755,72,2025-12-21,GEN401,Medium
4756,5,2025-01-24,GEN401,Critical
4757,5,2025-07-11,SNS205,Critical
4758,40,2025-08-12,GEN401,Low
4759,135,2025-08-13,BLD301,Low
4760,41,2025-08-03,SNS205,Medium
4761,39,2025-07-21,SNS205,Medium
4762,88,2025-11-28,GBX101,High
4763,115,2025-10-13,SNS205,Medium
4764,87,2025-07-20,BRK501,Medium
4765,102,2025-10-01,BLD301,High
4766,117,2025-12-22,BRK501,Critical
4767,108,2025-07-20,BRK501,Low
4768,96,2025-11-19,GBX101,High
4769,107,2025-04-30,BRK501,Low
4770,103,2025-07-15,BLD301,Low
4771,114,2025-07-09,SNS205,High
4772,1,2025-01-23,BLD301,High
4773,120,2025-03-28,BRK501,Medium
4774,50,2025-10-02,GBX101,Low
4775,102,2025-12-01,GEN401,Medium
4776,15,2025-11-17,GBX101,Critical
4777,93,2025-04-22,BLD301,High
4778,144,2025-01-01,BRK501,High
4779,3,2025-08-21,GBX101,High
4780,23,2025-02-24,SNS205,Medium
4781,121,2025-11-11,GBX101,High
4782,14,2025-08-08,GEN401,Critical
4783,41,2025-10-18,GBX101,Low
4784,128,2025-01-17,BRK501,Low
4785,133,2025-07-01,SNS205,Low
4786,12,2025-09-13,GBX101,High
4787,99,2025-07-26,BLD301,High
4788,137,2025-04-10,SNS205,Low
4789,71,2025-11-14,BRK501,Critical
4790,127,2025-08-29,GEN401,Critical
4791,8,2025-01-26,GEN401,Low
4792,16,2025-02-01,GBX101,Low
4793,112,2025-05-02,SNS205,Critical
4794,43,2025-10-08,BRK501,Critical
4795,94,2025-04-06,GBX101,Low
4796,75,2025-01-24,GBX101,Medium
4797,16,2025-10-02,GBX101,High
4798,17,2025-07-21,BLD301,High
4799,139,2025-10-17,SNS205,High
4800,10,2025-07-19,SNS205,High
4801,47,2025-10-04,BLD301,High
4802,107,2025-04-01,SNS205,High
4803,10,2025-07-08,GBX101,Low
4804,97,2025-06-04,SNS205,Critical
4805,111,2025-07-10,BRK501,Critical
4806,51,2025-04-30,BLD301,Critical
4807,15,2025-01-02,GBX101,Critical
4808,48,2025-12-23,BLD301,High
4809,14,2025-08-17,BLD301,Low
4810,46,2025-12-24,BLD301,High
4811,58,2025-02-04,GBX101,Low
4812,32,2025-07-27,BRK501,Critical
4813,90,2025-08-25,BLD301,Medium
4814,109,2025-04-07,GBX101,Medium
4815,55,2025-02-25,GBX101,Medium
4816,12,2025-04-25,BRK501,High
4817,36,2025-06-05,GBX101,High
4818,12,2025-09-03,SNS205,Medium
4819,22,2025-05-03,BRK501,Low
4820,73,2025-06-27,GEN401,Critical
4821,2,2025-06-12,GBX101,Medium
4822,56,2025-06-09,BLD301,High
4823,54,2025-06-02,SNS205,Medium
4824,93,2025-10-13,BLD301,Medium
4825,89,2025-05-19,GEN401,Critical
4826,42,2025-07-25,BLD301,Critical
4827,72,2025-11-13,GBX101,Low
4828,112,2025-11-13,GEN401,High
4829,33,2025-09-12,BRK501,Low
4830,97,2025-05-06,BRK501,Low
4831,73,2025-03-24,BRK501,Medium
4832,144,2025-07-19,GBX101,High
4833,4,2025-09-23,GEN401,High
4834,124,2025-10-13,GBX101,High
4835,112,2025-11-11,GEN401,High
4836,4,2025-07-26,GEN401,Critical
4837,146,2025-03-18,GBX101,High
4838,3,2025-03-06,BLD301,Critical
4839,134,2025-04-30,BRK501,Critical
4840,18,2025-11-03,GEN401,High
4841,31,2025-06-15,GEN401,Medium
4842,21,2025-03-07,GBX101,Medium
4843,42,2025-01-13,BLD301,Critical
4844,76,2025-03-01,BRK501,Low
4845,73,2025-06-08,BRK501,Medium
4846,32,2025-08-28,BLD301,High
4847,37,2025-12-25,SNS205,Low
4848,102,2025-05-07,GBX101,Critical
4849,126,2025-02-26,BRK501,Low
4850,135,2025-03-13,GEN401,High
4851,55,2025-07-24,GBX101,High
4852,56,2025-10-02,GBX101,Low
4853,38,2025-10-17,SNS205,Medium
4854,18,2025-07-19,GBX101,Medium
4855,41,2025-08-06,GEN401,Medium
4856,26,2025-06-27,BRK501,Low
4857,150,2025-11-01,BLD301,Critical
4858,137,2025-03-24,BLD301,High
4859,104,2025-04-27,GBX101,High
4860,110,2025-03-30,GEN401,Low
4861,122,2025-02-25,GBX101,Critical
4862,69,2025-11-21,BRK501,Medium
4863,32,2025-01-16,SNS205,Critical
4864,97,2025-02-08,GBX101,Low
4865,19,2025-11-06,SNS205,High
4866,89,2025-07-16,SNS205,Low
4867,87,2025-10-04,SNS205,High
4868,47,2025-08-21,SNS205,Medium
4869,33,2025-05-19,BRK501,Low
4870,17,2025-06-08,GBX101,Critical
4871,37,2025-10-11,SNS205,Medium
4872,42,2025-01-31,SNS205,Low
4873,137,2025-01-05,BRK501,Medium
4874,91,2025-10-10,BRK501,High
4875,45,2025-12-31,GEN401,Low
4876,80,2025-11-23,SNS205,Critical
4877,32,2025-06-13,SNS205,Medium
4878,85,2025-11-19,SNS205,Critical
4879,96,2025-05-29,GBX101,High
4880,21,2025-01-29,BLD301,Low
4881,127,2025-02-02,SNS205,Low
4882,42,2025-05-22,GEN401,Medium
4883,47,2025-04-21,BLD301,Medium
4884,60,2025-03-24,GBX101,Medium
4885,16,2025-02-22,BLD301,Low
4886,12,2025-12-08,GBX101,High
4887,121,2025-08-15,BRK501,High
4888,145,2025-07-26,SNS205,Critical
4889,63,2025-08-07,GBX101,High
4890,19,2025-10-19,SNS205,Low
4891,102,2025-06-03,SNS205,Critical
4892,21,2025-09-01,SNS205,Critical
4893,123,2025-08-14,BRK501,Critical
4894,97,2025-10-26,BLD301,Low
4895,148,2025-11-12,GBX101,Low
4896,85,2025-05-18,GEN401,High
4897,30,2025-02-13,SNS205,Critical
4898,80,2025-11-04,GEN401,High
4899,126,2025-05-01,GBX101,Low
4900,74,2025-10-04,GBX101,Low
4901,107,2025-04-04,SNS205,High
4902,122,2025-09-05,GBX101,Low
4903,27,2025-02-14,BLD301,Low
4904,6,2025-03-10,GEN401,High
4905,133,2025-11-16,BLD301,Medium
4906,101,2025-09-26,GBX101,Low
4907,18,2025-02-19,SNS205,High
4908,92,2025-12-10,BRK501,Low
4909,146,2025-11-21,BLD301,Medium
4910,60,2025-02-23,BRK501,Critical
4911,13,2025-12-12,GEN401,High
4912,20,2025-11-14,BRK501,Low
4913,111,2025-05-02,SNS205,Medium
4914,23,2025-01-08,SNS205,Critical
4915,143,2025-07-20,SNS205,Medium
4916,75,2025-05-01,BLD301,Medium
4917,66,2025-01-27,BLD301,High
4918,91,2025-03-03,GBX101,Critical
4919,16,2025-10-09,BLD301,High
4920,108,2025-02-28,GEN401,Critical
4921,115,2025-01-17,BRK501,Low
4922,46,2025-04-02,BRK501,Medium
4923,37,2025-03-17,SNS205,Medium
4924,138,2025-08-01,GBX101,Low
4925,59,2025-04-15,BLD301,Critical
4926,85,2025-12-22,BLD301,Low
4927,130,2025-10-30,BLD301,Low
4928,114,2025-06-04,SNS205,High
4929,45,2025-03-21,GBX101,Critical
4930,129,2025-10-02,GBX101,High
4931,139,2025-02-10,GEN401,Critical
4932,87,2025-11-15,GBX101,Critical
4933,11,2025-12-23,GBX101,Low
4934,138,2025-11-27,GBX101,Medium
4935,47,2025-11-20,BLD301,High
4936,17,2025-09-25,SNS205,High
4937,100,2025-09-13,BRK501,Medium
4938,88,2025-01-04,GEN401,Critical
4939,122,2025-06-09,SNS205,Low
4940,149,2025-09-27,BLD301,Low
4941,35,2025-03-08,GBX101,High
4942,35,2025-05-07,GBX101,High
4943,40,2025-10-12,GEN401,High
4944,24,2025-08-13,GEN401,Low
4945,150,2025-11-22,GEN401,Medium
4946,84,2025-09-14,BRK501,Critical
4947,113,2025-11-15,SNS205,Medium
4948,37,2025-02-01,GEN401,Medium
4949,92,2025-01-15,SNS205,High
4950,8,2025-11-02,BRK501,Low
4951,121,2025-12-23,GEN401,Low
4952,57,2025-02-13,SNS205,Low
4953,15,2025-03-15,BRK501,Critical
4954,44,2025-01-07,BRK501,High
4955,112,2025-05-17,BRK501,High
4956,49,2025-06-15,BRK501,Medium
4957,127,2025-12-13,GBX101,Low
4958,116,2025-02-09,SNS205,Medium
4959,69,2025-03-20,GEN401,High
4960,119,2025-09-19,BLD301,Medium
4961,95,2025-07-21,SNS205,High
4962,34,2025-09-17,GEN401,Medium
4963,137,2025-04-17,BRK501,Critical
4964,17,2025-03-03,GEN401,Medium
4965,17,2025-06-24,BRK501,Critical
4966,50,2025-09-13,BRK501,Low
4967,120,2025-08-13,GEN401,High
4968,112,2025-08-21,BLD301,Medium
4969,99,2025-03-30,BRK501,High
4970,102,2025-09-26,GBX101,Low
4971,136,2025-07-24,BLD301,High
4972,57,2025-08-28,GEN401,Critical
4973,24,2025-11-10,BRK501,Medium
4974,72,2025-12-18,GBX101,Medium
4975,34,2025-09-23,SNS205,Critical
4976,74,2025-07-21,BRK501,Low
4977,89,2025-06-03,GBX101,Critical
4978,114,2025-08-23,BRK501,Critical
4979,45,2025-08-09,BRK501,Low
4980,130,2025-08-09,BRK501,Low
4981,23,2025-09-23,GEN401,High
4982,130,2025-01-11,GBX101,High
4983,41,2025-03-16,BLD301,Low
4984,99,2025-07-26,BRK501,Low
4985,33,2025-05-31,BRK501,Critical
4986,67,2025-06-13,SNS205,Critical
4987,69,2025-12-31,GEN401,Medium
4988,66,2025-03-23,GEN401,Critical
4989,3,2025-06-13,BRK501,Critical
4990,105,2025-07-16,BLD301,Critical
4991,48,2025-09-01,SNS205,Medium
4992,17,2025-12-16,BLD301,Critical
4993,144,2025-12-23,SNS205,Low
4994,24,2025-12-12,SNS205,Low
4995,13,2025-05-01,BLD301,Low
4996,128,2025-10-06,BRK501,Critical
4997,129,2025-07-03,BLD301,Medium
4998,124,2025-02-19,GEN401,Low
4999,138,2025-04-09,GEN401,Medium
5000,101,2025-06-15,BLD301,Critical
5001,27,2025-11-16,GEN401,Medium
5002,125,2025-07-27,GBX101,Critical
5003,48,2025-01-14,GBX101,High
5004,86,2025-02-16,BLD301,Medium
5005,106,2025-08-12,SNS205,Low
5006,76,2025-04-16,SNS205,Low
5007,112,2025-03-13,BRK501,Low
5008,58,2025-09-29,GBX101,High
5009,33,2025-08-28,SNS205,Low
5010,29,2025-11-01,GEN401,Critical
5011,98,2025-05-24,GEN401,High
5012,72,2025-01-19,BLD301,High
5013,149,2025-08-26,GBX101,Critical
5014,136,2025-09-14,BLD301,Low
5015,79,2025-05-19,BLD301,Medium
5016,44,2025-12-13,BLD301,Low
5017,96,2025-08-18,GEN401,High
5018,2,2025-12-13,SNS205,Critical
5019,9,2025-03-17,GBX101,High
5020,91,2025-11-11,GEN401,Medium
5021,11,2025-11-25,BRK501,Medium
5022,108,2025-12-25,BLD301,Critical
5023,32,2025-04-28,SNS205,Medium
5024,98,2025-09-06,GEN401,Critical
5025,24,2025-04-11,GBX101,Critical
5026,24,2025-07-30,SNS205,Critical
5027,53,2025-09-27,BLD301,Medium
5028,74,2025-07-03,BLD301,Medium
5029,40,2025-06-28,BRK501,High
5030,51,2025-03-10,BRK501,Critical
5031,102,2025-01-31,BLD301,Medium
5032,149,2025-05-26,GEN401,Low
5033,59,2025-11-07,SNS205,Medium
5034,95,2025-09-08,GBX101,Critical
5035,1,2025-03-10,BLD301,High
5036,88,2025-11-12,GEN401,Low
5037,101,2025-11-14,GBX101,Critical
5038,148,2025-11-07,GEN401,High
5039,12,2025-04-24,BLD301,Low
5040,82,2025-04-13,SNS205,Medium
5041,126,2025-08-25,BLD301,Low
5042,6,2025-05-11,BLD301,Critical
5043,132,2025-11-10,SNS205,High
5044,58,2025-03-13,BRK501,Low
5045,21,2025-06-13,BRK501,Low
5046,118,2025-09-18,GBX101,Medium
5047,130,2025-10-30,GEN401,Medium
5048,129,2025-05-14,GEN401,Low
5049,92,2025-04-20,GBX101,Low
5050,38,2025-08-07,BRK501,High
5051,100,2025-07-24,GBX101,High
5052,37,2025-03-17,BRK501,High
5053,27,2025-08-28,SNS205,Low
5054,122,2025-09-01,BRK501,Medium
5055,48,2025-01-19,BRK501,High
5056,85,2025-10-15,SNS205,Critical
5057,90,2025-03-23,GEN401,Medium
5058,17,2025-12-13,SNS205,High
5059,119,2025-11-05,BRK501,Low
5060,22,2025-04-24,GEN401,Low
5061,52,2025-03-27,SNS205,Critical
5062,16,2025-12-01,GEN401,Medium
5063,139,2025-06-28,SNS205,Low
5064,53,2025-10-12,SNS205,Medium
5065,140,2025-12-18,SNS205,Critical
5066,65,2025-08-14,SNS205,Critical
5067,132,2025-07-25,SNS205,High
5068,140,2025-07-01,GEN401,Medium
5069,16,2025-11-05,GEN401,Medium
5070,147,2025-12-18,GEN401,Low
5071,30,2025-08-11,SNS205,High
5072,58,2025-01-15,BRK501,High
5073,128,2025-01-12,BRK501,Critical
5074,135,2025-11-01,BLD301,Critical
5075,137,2025-09-19,SNS205,Medium
5076,21,2025-12-06,GEN401,High
5077,42,2025-05-16,BRK501,Critical
5078,95,2025-08-14,BRK501,Medium
5079,118,2025-01-24,SNS205,Low
5080,24,2025-07-16,GEN401,High
5081,84,2025-12-02,BRK501,Low
5082,108,2025-07-03,BRK501,Low
5083,92,2025-10-19,BLD301,Medium
5084,46,2025-06-16,GBX101,High
5085,102,2025-09-06,BLD301,Critical
5086,116,2025-12-11,BRK501,High
5087,138,2025-11-29,GEN401,High
5088,148,2025-04-22,BLD301,Medium
5089,92,2025-01-04,BLD301,Low
5090,73,2025-01-27,BRK501,Low
5091,130,2025-05-22,BRK501,Low
5092,132,2025-09-23,BRK501,High
5093,52,2025-11-29,GBX101,Medium
5094,20,2025-09-04,SNS205,Medium
5095,43,2025-02-07,GEN401,High
5096,43,2025-09-28,GEN401,High
5097,147,2025-05-23,BRK501,High
5098,142,2025-08-21,GEN401,Medium
5099,92,2025-01-15,GEN401,High
5100,2,2025-08-17,BRK501,Low
5101,43,2025-05-11,BRK501,Low
5102,83,2025-10-20,BLD301,Low
5103,137,2025-10-01,GEN401,High
5104,10,2025-09-19,GEN401,Critical
5105,94,2025-11-07,BLD301,High
5106,135,2025-11-04,BLD301,Medium
5107,145,2025-12-24,GEN401,Low
5108,21,2025-02-22,SNS205,Medium
5109,106,2025-02-25,BRK501,Medium
5110,95,2025-03-15,GEN401,Medium
5111,39,2025-11-01,BRK501,Medium
5112,66,2025-11-16,GEN401,High
5113,21,2025-07-25,SNS205,Low
5114,101,2025-07-21,BRK501,Medium
5115,1,2025-12-25,SNS205,Low
5116,40,2025-12-29,BLD301,Low
5117,98,2025-07-26,GEN401,High
5118,72,2025-05-15,SNS205,High
5119,121,2025-03-27,BRK501,Low
5120,114,2025-05-08,BLD301,Medium
5121,123,2025-12-09,GBX101,Critical
5122,7,2025-07-11,GEN401,Medium
5123,4,2025-11-14,BRK501,Medium
5124,131,2025-07-25,GEN401,Low
5125,69,2025-10-28,BLD301,Medium
5126,42,2025-07-25,BRK501,Critical
5127,86,2025-11-09,SNS205,Low
5128,77,2025-11-15,GBX101,High
5129,118,2025-11-18,GBX101,High
5130,92,2025-04-04,SNS205,Medium
5131,72,2025-05-18,BRK501,Low
5132,34,2025-06-04,BLD301,High
5133,127,2025-08-05,SNS205,Medium
5134,1,2025-03-10,GBX101,High
5135,118,2025-03-19,SNS205,Low
5136,65,2025-10-08,GBX101,Medium
5137,147,2025-03-04,GEN401,Medium
5138,138,2025-03-03,GEN401,Critical
5139,21,2025-10-30,GBX101,Medium
5140,61,2025-02-01,GBX101,Low
5141,54,2025-06-14,GBX101,Medium
5142,108,2025-06-09,BLD301,Critical
5143,127,2025-10-26,GBX101,Critical
5144,110,2025-06-18,BRK501,Critical
5145,147,2025-12-06,GBX101,Critical
5146,136,2025-05-29,BRK501,Medium
5147,141,2025-01-22,BLD301,High
5148,123,2025-05-20,BLD301,Medium
5149,13,2025-01-08,SNS205,Critical
5150,67,2025-02-12,BRK501,Medium
5151,147,2025-11-07,GBX101,High
5152,53,2025-01-18,GBX101,High
5153,77,2025-02-02,BRK501,High
5154,117,2025-10-08,BLD301,Medium
5155,20,2025-10-21,BLD301,Critical
5156,38,2025-11-08,GBX101,Low
5157,10,2025-02-16,SNS205,Low
5158,88,2025-03-24,SNS205,Medium
5159,145,2025-07-06,BLD301,Low
5160,9,2025-03-20,SNS205,Low
5161,77,2025-03-27,BRK501,Medium
5162,29,2025-09-10,BRK501,Medium
5163,62,2025-11-08,BRK501,Low
5164,49,2025-04-29,GEN401,Medium
5165,112,2025-09-17,GEN401,Critical
5166,125,2025-05-10,SNS205,High
5167,19,2025-04-23,BRK501,Medium
5168,6,2025-03-04,SNS205,High
5169,63,2025-01-30,GEN401,Low
5170,55,2025-08-29,BRK501,High
5171,55,2025-01-09,GBX101,Critical
5172,54,2025-12-27,GEN401,Critical
5173,63,2025-06-11,GBX101,Low
5174,147,2025-01-19,BLD301,Low
5175,121,2025-07-08,BLD301,Critical
5176,76,2025-09-26,GBX101,Medium
5177,90,2025-11-23,GEN401,Low
5178,68,2025-01-11,BRK501,High
5179,104,2025-03-14,GBX101,High
5180,36,2025-07-18,BLD301,Medium
5181,109,2025-06-01,BLD301,Critical
5182,64,2025-02-18,BLD301,Critical
5183,72,2025-05-06,GEN401,High
5184,52,2025-09-24,GBX101,Critical
5185,103,2025-09-04,GBX101,High
5186,144,2025-11-30,BRK501,Critical
5187,144,2025-04-29,GEN401,Critical
5188,30,2025-08-14,SNS205,Medium
5189,53,2025-06-11,BRK501,High
5190,93,2025-11-11,GBX101,Medium
5191,80,2025-02-25,GBX101,Critical
5192,24,2025-08-29,SNS205,Medium
5193,143,2025-03-10,BLD301,High
5194,37,2025-04-07,BLD301,High
5195,120,2025-07-03,SNS205,Low
5196,150,2025-11-15,GEN401,High
5197,51,2025-12-01,SNS205,Low
5198,48,2025-05-30,GBX101,High
5199,20,2025-07-03,BLD301,High
5200,85,2025-04-10,BRK501,Critical
5201,122,2025-09-20,SNS205,High
5202,44,2025-07-16,BLD301,Medium
5203,45,2025-12-27,GBX101,Critical
5204,10,2025-10-24,BLD301,High
5205,39,2025-10-04,GBX101,High
5206,99,2025-12-26,GBX101,Low
5207,104,2025-02-25,SNS205,Low
5208,118,2025-04-23,SNS205,High
5209,61,2025-02-21,GBX101,Low
5210,93,2025-07-08,BLD301,High
5211,148,2025-07-19,BLD301,Medium
5212,98,2025-12-30,BRK501,Low
5213,102,2025-01-09,BRK501,Medium
5214,69,2025-07-06,BLD301,Low
5215,111,2025-04-27,GBX101,Low
5216,16,2025-01-10,BLD301,Medium
5217,53,2025-11-30,SNS205,Medium
5218,113,2025-09-06,GEN401,Medium
5219,124,2025-07-02,BLD301,Low
5220,83,2025-09-27,BLD301,Critical
5221,2,2025-05-02,GEN401,High
5222,23,2025-11-03,BRK501,Critical
5223,81,2025-08-01,SNS205,Critical
5224,124,2025-11-08,GBX101,Low
5225,100,2025-10-25,BRK501,Critical
5226,80,2025-07-15,GEN401,Medium
5227,3,2025-03-14,GEN401,Critical
5228,87,2025-10-06,GBX101,High
5229,13,2025-02-13,BLD301,Critical
5230,131,2025-03-28,BRK501,High
5231,131,2025-06-18,BRK501,Critical
5232,82,2025-01-03,GBX101,Medium
5233,128,2025-05-02,GEN401,High
5234,4,2025-02-19,SNS205,Medium
5235,20,2025-01-10,BLD301,Low
5236,56,2025-12-01,GBX101,Low
5237,86,2025-01-30,GEN401,High
5238,62,2025-11-05,BRK501,High
5239,2,2025-04-10,SNS205,Low
5240,111,2025-02-02,GBX101,Low
5241,49,2025-10-20,BRK501,High
5242,143,2025-06-23,GBX101,Critical
5243,122,2025-02-14,BRK501,Critical
5244,16,2025-11-05,BRK501,High
5245,72,2025-08-07,SNS205,Critical
5246,141,2025-01-14,SNS205,High
5247,18,2025-10-30,SNS205,Medium
5248,58,2025-11-03,GEN401,Medium
5249,66,2025-05-31,BLD301,Critical
5250,47,2025-10-01,BRK501,High
5251,112,2025-08-13,SNS205,High
5252,23,2025-06-10,SNS205,Medium
5253,4,2025-08-11,BRK501,Medium
5254,125,2025-09-09,SNS205,High
5255,73,2025-06-25,BLD301,Critical
5256,61,2025-10-06,SNS205,Medium
5257,10,2025-09-18,BRK501,Critical
5258,8,2025-08-25,GEN401,Medium
5259,148,2025-04-03,GEN401,Medium
5260,130,2025-03-09,SNS205,Low
5261,52,2025-02-14,GEN401,Medium
5262,62,2025-07-11,BRK501,Low
5263,134,2025-11-29,GEN401,Critical
5264,104,2025-01-25,SNS205,Medium
5265,15,2025-08-08,GBX101,High
5266,150,2025-08-25,SNS205,High
5267,54,2025-03-23,SNS205,High
5268,5,2025-09-19,SNS205,High
5269,84,2025-05-02,BLD301,Medium
5270,14,2025-05-04,GEN401,Low
5271,129,2025-03-26,GBX101,High
5272,89,2025-04-08,GBX101,High
5273,83,2025-01-21,GBX101,Low
5274,141,2025-08-02,BLD301,Low
5275,10,2025-01-26,GEN401,High
5276,133,2025-10-26,SNS205,Medium
5277,62,2025-08-01,BRK501,Low
5278,41,2025-08-01,GBX101,Critical
5279,19,2025-03-11,GBX101,Medium
5280,39,2025-03-03,BRK501,Medium
5281,146,2025-04-06,BRK501,Medium
5282,33,2025-05-18,BRK501,High
5283,69,2025-04-28,GEN401,Low
5284,146,2025-02-21,GBX101,Critical
5285,149,2025-09-23,SNS205,Critical
5286,144,2025-01-20,SNS205,High
5287,69,2025-12-11,GBX101,Low
5288,147,2025-02-12,SNS205,Medium
5289,122,2025-02-09,BLD301,Medium
5290,81,2025-11-24,SNS205,Critical
5291,17,2025-05-09,GEN401,Critical
5292,81,2025-07-05,BRK501,Low
5293,16,2025-03-15,BRK501,Low
5294,23,2025-04-23,GBX101,High
5295,52,2025-04-13,BLD301,High
5296,80,2025-04-26,BLD301,Low
5297,8,2025-02-12,SNS205,Critical
5298,49,2025-02-08,GBX101,Low
5299,144,2025-03-02,GBX101,Medium
5300,17,2025-06-29,SNS205,Low
5301,68,2025-12-11,BRK501,High
5302,118,2025-12-01,GBX101,High
5303,66,2025-06-29,GBX101,Low
5304,79,2025-06-02,SNS205,Critical
5305,26,2025-08-02,BLD301,Critical
5306,63,2025-07-02,BLD301,Low
5307,138,2025-11-04,BRK501,Medium
5308,112,2025-01-10,BLD301,Medium
5309,54,2025-06-18,SNS205,Medium
5310,107,2025-02-05,BLD301,Medium
5311,29,2025-10-26,BRK501,Critical
5312,150,2025-01-23,GEN401,High
5313,130,2025-04-20,GBX101,High
5314,140,2025-07-01,BRK501,Medium
5315,55,2025-11-22,BLD301,Low
5316,103,2025-06-13,BRK501,Low
5317,95,2025-08-10,BRK501,Critical
5318,118,2025-01-01,GEN401,Critical
5319,15,2025-04-08,GEN401,Low
5320,83,2025-11-27,SNS205,High
5321,121,2025-03-30,GEN401,Medium
5322,47,2025-08-16,BRK501,Medium
5323,20,2025-07-19,GEN401,High
5324,92,2025-05-07,GBX101,Critical
5325,120,2025-01-13,SNS205,Medium
5326,86,2025-06-10,SNS205,Medium
5327,54,2025-07-24,BRK501,Low
5328,147,2025-12-31,GBX101,Critical
5329,27,2025-09-24,SNS205,Medium
5330,150,2025-06-24,GEN401,Medium
5331,81,2025-05-14,GBX101,High
5332,85,2025-10-14,GBX101,Medium
5333,8,2025-12-12,BLD301,High
5334,31,2025-06-01,BRK501,Medium
5335,116,2025-05-31,SNS205,Medium
5336,103,2025-07-09,SNS205,Low
5337,96,2025-05-13,BRK501,Critical
5338,43,2025-09-16,GEN401,Low
5339,63,2025-08-04,GBX101,Medium
5340,38,2025-04-12,SNS205,Medium
5341,68,2025-04-11,GEN401,High
5342,96,2025-11-11,SNS205,Critical
5343,106,2025-03-27,SNS205,Critical
5344,16,2025-04-14,GBX101,Low
5345,145,2025-11-11,SNS205,Critical
5346,20,2025-10-05,GBX101,Medium
5347,56,2025-02-17,GEN401,Critical
5348,106,2025-10-09,BRK501,Low
5349,43,2025-02-15,SNS205,Low
5350,106,2025-01-14,BRK501,Critical
5351,42,2025-08-26,GBX101,Medium
5352,81,2025-06-13,SNS205,Low
5353,63,2025-01-03,GBX101,High
5354,79,2025-11-16,BRK501,Medium
5355,87,2025-07-26,GBX101,High
5356,94,2025-11-26,SNS205,High
5357,104,2025-02-09,GEN401,Critical
5358,103,2025-03-26,BRK501,Medium
5359,104,2025-12-11,GEN401,Medium
5360,121,2025-08-05,BLD301,High
5361,102,2025-03-01,BRK501,Critical
5362,58,2025-02-26,SNS205,Low
5363,82,2025-06-22,GEN401,Medium
5364,38,2025-10-14,SNS205,Medium
5365,38,2025-06-15,GEN401,Low
5366,138,2025-02-09,GBX101,Critical
5367,68,2025-04-11,GBX101,Critical
5368,25,2025-11-20,SNS205,High
5369,16,2025-10-08,BRK501,Medium
5370,48,2025-10-05,GBX101,High
5371,10,2025-05-12,SNS205,High
5372,30,2025-06-20,GEN401,Low
5373,71,2025-04-18,GEN401,Critical
5374,40,2025-07-24,BLD301,Medium
5375,116,2025-03-30,BLD301,Critical
5376,95,2025-07-05,BLD301,Low
5377,38,2025-07-19,GBX101,High
5378,13,2025-03-13,BLD301,High
5379,133,2025-05-20,BRK501,High
5380,29,2025-06-03,BLD301,High
5381,106,2025-11-05,GBX101,Low
5382,75,2025-07-16,GBX101,Critical
5383,66,2025-04-11,SNS205,Medium
5384,85,2025-02-07,SNS205,Medium
5385,119,2025-04-05,GBX101,Low
5386,88,2025-01-14,BRK501,Low
5387,139,2025-09-12,BLD301,Critical
5388,145,2025-03-13,BRK501,Critical
5389,99,2025-07-03,BLD301,Critical
5390,26,2025-11-23,BRK501,High
5391,15,2025-05-30,GBX101,Low
5392,11,2025-04-05,BRK501,Medium
5393,148,2025-04-12,BRK501,High
5394,75,2025-08-24,BLD301,Critical
5395,3,2025-10-05,GBX101,Critical
5396,61,2025-11-13,BLD301,Critical
5397,110,2025-07-25,SNS205,Low
5398,120,2025-03-18,BRK501,Critical
5399,129,2025-06-05,SNS205,High
5400,1,2025-09-25,SNS205,Medium
5401,74,2025-04-11,BLD301,Medium
5402,21,2025-08-03,BLD301,Critical
5403,105,2025-08-20,GEN401,Critical
5404,112,2025-11-28,SNS205,Critical
5405,94,2025-05-28,GEN401,Medium
5406,69,2025-05-23,BLD301,Low
5407,83,2025-10-23,SNS205,Critical
5408,119,2025-01-19,GEN401,Critical
5409,79,2025-11-16,SNS205,Low
5410,104,2025-11-26,SNS205,Medium
5411,6,2025-03-18,SNS205,Critical
5412,30,2025-12-03,BLD301,High
5413,115,2025-06-23,SNS205,Critical
5414,33,2025-04-07,BRK501,Critical
5415,82,2025-09-28,GBX101,Medium
5416,51,2025-06-03,BRK501,Low
5417,35,2025-02-09,BLD301,Medium
5418,142,2025-06-14,BLD301,Critical
5419,93,2025-08-06,GEN401,High
5420,70,2025-01-20,BRK501,Medium
5421,66,2025-02-20,BRK501,High
5422,29,2025-06-08,BLD301,Low
5423,15,2025-05-02,SNS205,Low
5424,29,2025-03-02,GBX101,Low
5425,149,2025-12-10,GEN401,High
5426,148,2025-05-31,GBX101,Low
5427,78,2025-12-02,BLD301,Medium
5428,141,2025-06-09,BLD301,High
5429,68,2025-02-03,BLD301,Critical
5430,121,2025-06-03,BRK501,Medium
5431,101,2025-06-02,BRK501,High
5432,147,2025-08-08,GBX101,Critical
5433,140,2025-05-12,GBX101,Medium
5434,138,2025-09-24,BRK501,Medium
5435,80,2025-07-16,BLD301,Critical
5436,25,2025-05-17,GBX101,Medium
5437,98,2025-10-01,GBX101,High
5438,54,2025-10-11,BLD301,Medium
5439,47,2025-03-05,BLD301,Medium
5440,40,2025-11-02,BRK501,Medium
5441,150,2025-12-08,SNS205,High
5442,42,2025-04-30,BLD301,High
5443,12,2025-11-05,GBX101,Critical
5444,60,2025-03-07,BLD301,Critical
5445,59,2025-09-02,BRK501,Critical
5446,103,2025-06-16,GBX101,Critical
5447,33,2025-03-27,GEN401,Medium
5448,115,2025-05-10,SNS205,High
5449,113,2025-03-22,BLD301,Medium
5450,111,2025-04-14,GEN401,Medium
5451,66,2025-01-30,BLD301,High
5452,95,2025-10-22,BRK501,High
5453,81,2025-03-19,GEN401,High
5454,80,2025-12-10,GEN401,Critical
5455,70,2025-12-07,BLD301,Medium
5456,73,2025-06-16,BRK501,Medium
5457,19,2025-04-13,GBX101,Medium
5458,60,2025-01-26,SNS205,Medium
5459,38,2025-06-25,BRK501,Medium
5460,141,2025-06-05,SNS205,High
5461,128,2025-02-06,SNS205,High
5462,136,2025-05-01,SNS205,Low
5463,145,2025-10-05,GEN401,High
5464,145,2025-07-30,BRK501,Critical
5465,67,2025-11-21,BRK501,Medium
5466,74,2025-03-28,SNS205,Medium
5467,148,2025-12-19,GBX101,Low
5468,34,2025-09-13,GEN401,Low
5469,17,2025-04-19,BRK501,Low
5470,29,2025-12-18,SNS205,Low
5471,127,2025-04-05,SNS205,High
5472,55,2025-03-19,SNS205,High
5473,12,2025-10-16,GEN401,Medium
5474,87,2025-06-07,BRK501,Critical
5475,118,2025-11-01,GEN401,Medium
5476,87,2025-09-30,BRK501,Low
5477,145,2025-03-15,BRK501,Critical
5478,6,2025-04-11,BLD301,Low
5479,66,2025-11-14,SNS205,Critical
5480,149,2025-09-19,SNS205,High
5481,150,2025-12-23,BLD301,Critical
5482,77,2025-07-15,GBX101,High
5483,79,2025-09-30,BLD301,Medium
5484,144,2025-08-02,SNS205,Medium
5485,91,2025-12-17,BRK501,Medium
5486,76,2025-05-06,BLD301,High
5487,19,2025-12-06,GEN401,Medium
5488,136,2025-02-28,BLD301,Low
5489,47,2025-07-12,GBX101,Low
5490,75,2025-07-29,GEN401,Critical
5491,99,2025-05-30,BLD301,Low
5492,64,2025-06-28,GBX101,High
5493,2,2025-09-07,SNS205,High
5494,135,2025-05-13,GBX101,Low
5495,63,2025-03-02,BRK501,High
5496,11,2025-11-24,BLD301,Low
5497,43,2025-04-25,BRK501,Medium
5498,3,2025-10-16,GBX101,Critical
5499,82,2025-08-01,GEN401,Low
5500,72,2025-02-06,BLD301,Low
5501,46,2025-03-26,GEN401,Critical
5502,101,2025-10-03,GBX101,Low
5503,146,2025-03-12,SNS205,Medium
5504,106,2025-09-20,GEN401,Low
5505,46,2025-03-26,GEN401,Low
5506,92,2025-10-06,BRK501,Medium
5507,87,2025-07-31,BLD301,Medium
5508,16,2025-10-25,GEN401,Critical
5509,25,2025-08-19,BLD301,High
5510,124,2025-01-30,GEN401,Critical
5511,14,2025-10-12,GEN401,Critical
5512,76,2025-12-31,BLD301,Critical
5513,115,2025-05-28,GEN401,Critical
5514,42,2025-11-28,GBX101,Critical
5515,62,2025-05-24,GEN401,High
5516,18,2025-03-24,GEN401,Low
5517,61,2025-11-09,GBX101,High
5518,110,2025-04-23,SNS205,Medium
5519,118,2025-03-20,SNS205,Low
5520,25,2025-04-25,BRK501,High
5521,12,2025-07-24,SNS205,High
5522,85,2025-09-01,SNS205,Critical
5523,114,2025-11-12,GBX101,High
5524,13,2025-09-09,BRK501,Low
5525,29,2025-10-07,BLD301,Low
5526,109,2025-01-27,SNS205,Critical
5527,128,2025-02-13,BRK501,Critical
5528,26,2025-03-24,SNS205,High
5529,60,2025-09-08,BLD301,Critical
5530,89,2025-09-16,SNS205,High
5531,121,2025-09-15,BRK501,High
5532,33,2025-05-16,BLD301,Low
5533,144,2025-01-10,SNS205,Critical
5534,134,2025-06-07,BLD301,High
5535,116,2025-12-06,GEN401,Low
5536,143,2025-07-14,SNS205,Low
5537,55,2025-09-04,BRK501,Medium
5538,150,2025-01-04,GEN401,Low
5539,67,2025-10-25,BRK501,Low
5540,87,2025-06-07,SNS205,Low
5541,139,2025-02-02,BLD301,Low
5542,43,2025-10-31,SNS205,Low
5543,114,2025-11-18,GEN401,Medium
5544,49,2025-09-07,BRK501,High
5545,121,2025-06-11,GEN401,High
5546,142,2025-07-19,SNS205,Critical
5547,102,2025-01-02,GEN401,High
5548,117,2025-03-22,GBX101,Critical
5549,38,2025-05-22,SNS205,Medium
5550,70,2025-11-16,BRK501,Medium
5551,121,2025-09-22,BLD301,Low
5552,113,2025-04-03,GBX101,Medium
5553,79,2025-08-23,BRK501,Critical
5554,48,2025-11-08,SNS205,Low
5555,95,2025-08-30,BLD301,Critical
5556,94,2025-01-09,BLD301,High
5557,33,2025-11-28,SNS205,Medium
5558,16,2025-06-03,GEN401,Medium
5559,80,2025-03-16,GBX101,Critical
5560,26,2025-03-26,SNS205,Low
5561,106,2025-03-12,GBX101,High
5562,111,2025-05-08,GEN401,Low
5563,54,2025-12-06,GEN401,High
5564,39,2025-03-25,GEN401,Critical
5565,78,2025-06-30,SNS205,Medium
5566,69,2025-02-08,BRK501,High
5567,21,2025-04-22,BRK501,Medium
5568,39,2025-05-10,BRK501,Critical
5569,36,2025-07-23,BLD301,Critical
5570,42,2025-11-13,BLD301,High
5571,54,2025-09-12,BRK501,Low
5572,35,2025-12-01,BLD301,Critical
5573,27,2025-08-25,GBX101,Critical
5574,50,2025-05-16,SNS205,Critical
5575,68,2025-12-16,GEN401,Critical
5576,145,2025-08-28,GBX101,Low
5577,75,2025-08-04,GBX101,High
5578,9,2025-06-20,BRK501,Critical
5579,100,2025-12-26,BRK501,Critical
5580,119,2025-03-04,GBX101,Critical
5581,69,2025-10-23,SNS205,Critical
5582,129,2025-03-29,SNS205,Medium
5583,98,2025-12-11,BLD301,Critical
5584,100,2025-11-18,BRK501,Critical
5585,132,2025-03-13,BLD301,Low
5586,42,2025-04-11,GBX101,Critical
5587,113,2025-09-19,BRK501,Medium
5588,45,2025-08-16,BLD301,High
5589,48,2025-11-11,BRK501,Medium
5590,19,2025-04-07,GEN401,Critical
5591,129,2025-04-27,SNS205,Low
5592,107,2025-11-30,GEN401,High
5593,60,2025-11-05,BLD301,Critical
5594,50,2025-10-23,GBX101,Medium
5595,84,2025-09-21,BLD301,Medium
5596,129,2025-11-03,GBX101,Medium
5597,47,2025-05-28,GBX101,High
5598,126,2025-09-27,GEN401,Low
5599,101,2025-06-14,BRK501,Critical
5600,87,2025-09-18,GBX101,High
5601,43,2025-10-18,BLD301,Low
5602,71,2025-02-10,GEN401,Critical
5603,113,2025-05-05,BLD301,High
5604,43,2025-02-27,GBX101,Medium
5605,67,2025-08-23,GBX101,Critical
5606,109,2025-01-25,GBX101,Low
5607,57,2025-02-03,SNS205,High
5608,143,2025-12-07,BLD301,High
5609,44,2025-12-28,SNS205,Low
5610,113,2025-04-29,SNS205,High
5611,100,2025-05-29,SNS205,Low
5612,88,2025-10-17,GBX101,Medium
5613,49,2025-07-22,SNS205,High
5614,32,2025-12-27,BRK501,Medium
5615,26,2025-03-28,BRK501,Medium
5616,127,2025-03-26,GBX101,Low
5617,101,2025-12-19,BLD301,High
5618,101,2025-07-27,BRK501,Critical
5619,28,2025-01-26,GBX101,Critical
5620,110,2025-02-04,GEN401,Medium
5621,56,2025-08-24,BLD301,Low
5622,33,2025-04-18,GEN401,Medium
5623,98,2025-09-12,BLD301,Medium
5624,62,2025-05-21,BRK501,High
5625,50,2025-09-17,GEN401,High
5626,13,2025-07-06,SNS205,Medium
5627,87,2025-07-06,SNS205,Low
5628,30,2025-04-23,BLD301,Low
5629,71,2025-08-26,BRK501,Low
5630,25,2025-07-08,GBX101,Medium
5631,60,2025-10-24,GBX101,Medium
5632,17,2025-03-31,GBX101,Low
5633,101,2025-04-26,BRK501,Critical
5634,149,2025-08-13,BRK501,High
5635,74,2025-02-07,GEN401,Critical
5636,45,2025-12-21,GEN401,High
5637,11,2025-10-13,SNS205,Critical
5638,98,2025-06-24,GEN401,Low
5639,143,2025-08-10,BLD301,Critical
5640,117,2025-07-15,SNS205,Low
5641,25,2025-06-29,BRK501,Low
5642,92,2025-07-13,SNS205,Low
5643,53,2025-03-30,BRK501,High
5644,102,2025-04-16,BRK501,Low
5645,43,2025-02-22,BRK501,Low
5646,39,2025-08-16,GBX101,Low
5647,103,2025-09-12,GBX101,High
5648,20,2025-03-15,SNS205,Low
5649,66,2025-07-25,GBX101,Critical
5650,110,2025-07-30,GBX101,Low
5651,57,2025-02-06,SNS205,Medium
5652,54,2025-12-02,GBX101,Low
5653,128,2025-09-20,SNS205,Critical
5654,148,2025-04-15,GEN401,Critical
5655,148,2025-12-19,BLD301,Medium
5656,78,2025-03-26,BRK501,Critical
5657,73,2025-01-07,SNS205,High
5658,18,2025-11-25,GBX101,Low
5659,60,2025-12-18,SNS205,Medium
5660,84,2025-01-10,SNS205,Critical
5661,128,2025-05-17,SNS205,Low
5662,146,2025-07-21,GBX101,Critical
5663,120,2025-04-16,GBX101,Medium
5664,75,2025-04-02,SNS205,High
5665,30,2025-03-05,SNS205,Critical
5666,57,2025-12-31,GBX101,Critical
5667,58,2025-02-24,SNS205,Low
5668,6,2025-08-17,BRK501,Critical
5669,1,2025-10-02,GBX101,Low
5670,58,2025-12-29,GBX101,Medium
5671,70,2025-12-16,GEN401,Medium
5672,58,2025-02-19,SNS205,High
5673,127,2025-09-30,SNS205,Critical
5674,96,2025-10-13,SNS205,Low
5675,148,2025-05-26,SNS205,Low
5676,147,2025-06-08,BLD301,Low
5677,39,2025-04-26,BRK501,Low
5678,10,2025-02-14,GEN401,High
5679,85,2025-04-11,BRK501,High
5680,23,2025-05-27,SNS205,Low
5681,78,2025-09-01,BLD301,Critical
5682,17,2025-07-02,GEN401,Critical
5683,82,2025-04-12,BLD301,Medium
5684,53,2025-05-20,GEN401,Medium
5685,1,2025-10-01,BLD301,Low
5686,37,2025-07-17,BLD301,Medium
5687,126,2025-12-28,BLD301,Medium
5688,120,2025-04-14,BRK501,High
5689,26,2025-12-18,BLD301,Medium
5690,83,2025-03-12,SNS205,Medium
5691,12,2025-11-27,BRK501,Critical
5692,13,2025-03-24,GBX101,Critical
5693,80,2025-09-29,GBX101,Critical
5694,116,2025-09-19,BLD301,High
5695,138,2025-09-29,GEN401,Low
5696,6,2025-05-15,GBX101,High
5697,72,2025-12-26,BRK501,Medium
5698,79,2025-05-29,SNS205,High
5699,93,2025-06-15,SNS205,Low
5700,83,2025-05-08,SNS205,Critical
5701,127,2025-10-02,GBX101,Low
5702,113,2025-02-02,GEN401,Critical
5703,32,2025-05-23,GBX101,Low
5704,26,2025-12-16,GBX101,Medium
5705,65,2025-09-18,SNS205,Low
5706,142,2025-04-27,GBX101,Critical
5707,31,2025-03-27,BRK501,Medium
5708,13,2025-09-27,BLD301,Critical
5709,147,2025-05-01,SNS205,Medium
5710,141,2025-06-03,BRK501,High
5711,86,2025-06-25,GEN401,High
5712,46,2025-11-19,GEN401,Critical
5713,19,2025-02-22,SNS205,High
5714,97,2025-06-16,GBX101,Low
5715,116,2025-10-27,BRK501,Low
5716,98,2025-11-25,BLD301,Medium
5717,131,2025-09-18,GBX101,Low
5718,44,2025-06-12,GBX101,Low
5719,46,2025-05-07,SNS205,Low
5720,114,2025-04-03,GBX101,High
5721,6,2025-11-21,BRK501,Critical
5722,50,2025-02-25,SNS205,High
5723,85,2025-03-21,BLD301,High
5724,90,2025-06-26,BLD301,Medium
5725,108,2025-05-28,GBX101,High
5726,140,2025-07-20,BRK501,Critical
5727,62,2025-01-12,GEN401,Low
5728,93,2025-10-15,BRK501,Low
5729,104,2025-02-19,GBX101,Low
5730,112,2025-09-02,BLD301,Critical
5731,145,2025-09-29,GBX101,High
5732,148,2025-06-06,GEN401,High
5733,111,2025-02-12,SNS205,Low
5734,74,2025-12-22,BLD301,High
5735,5,2025-05-19,GEN401,High
5736,95,2025-10-28,BLD301,Medium
5737,79,2025-05-24,SNS205,High
5738,5,2025-10-27,BRK501,High
5739,98,2025-03-24,GBX101,Critical
5740,109,2025-01-02,GEN401,Critical
5741,84,2025-02-09,BLD301,High
5742,127,2025-03-14,BRK501,Medium
5743,39,2025-06-01,BLD301,High
5744,42,2025-05-31,BLD301,Low
5745,87,2025-07-16,SNS205,Critical
5746,7,2025-10-12,SNS205,Low
5747,70,2025-04-14,GEN401,High
5748,35,2025-12-21,GBX101,Low
5749,61,2025-05-27,BRK501,Critical
5750,21,2025-12-15,GBX101,Critical
5751,20,2025-05-20,SNS205,Low
5752,119,2025-07-21,SNS205,Low
5753,21,2025-09-18,GEN401,High
5754,84,2025-02-04,GBX101,Critical
5755,114,2025-06-16,GEN401,Medium
5756,29,2025-10-07,GBX101,Critical
5757,47,2025-09-24,SNS205,High
5758,29,2025-10-24,SNS205,Critical
5759,149,2025-06-18,SNS205,Medium
5760,49,2025-03-25,GEN401,Medium
5761,68,2025-06-30,BLD301,Medium
5762,63,2025-04-16,BLD301,Medium
5763,139,2025-08-28,GEN401,Medium
5764,71,2025-11-30,SNS205,Low
5765,77,2025-04-15,BLD301,High
5766,6,2025-11-28,GBX101,Critical
5767,112,2025-02-22,GBX101,High
5768,82,2025-10-01,BLD301,Medium
5769,125,2025-11-13,BLD301,Low
5770,115,2025-09-10,GEN401,Critical
5771,6,2025-07-26,GBX101,Low
5772,29,2025-12-19,GBX101,Medium
5773,131,2025-04-27,SNS205,Low
5774,62,2025-07-31,BLD301,Low
5775,4,2025-11-20,GBX101,Low
5776,115,2025-03-18,GEN401,Medium
5777,59,2025-05-21,BLD301,High
5778,112,2025-08-01,GEN401,Medium
5779,133,2025-11-25,BRK501,High
5780,103,2025-11-21,BRK501,Critical
5781,146,2025-08-15,GEN401,Low
5782,121,2025-12-28,GBX101,Low
5783,78,2025-08-07,BLD301,Low
5784,57,2025-11-05,BLD301,Medium
5785,53,2025-12-18,SNS205,Medium
5786,22,2025-10-20,GBX101,High
5787,70,2025-10-08,GEN401,Low
5788,48,2025-09-21,GBX101,Critical
5789,9,2025-05-05,GBX101,Medium
5790,43,2025-03-18,BLD301,Critical
5791,149,2025-03-15,GBX101,High
5792,42,2025-07-06,BLD301,Medium
5793,87,2025-01-05,GEN401,Low
5794,56,2025-11-28,GBX101,Critical
5795,81,2025-05-28,BRK501,Medium
5796,9,2025-11-29,BLD301,Critical
5797,67,2025-03-14,BRK501,Critical
5798,48,2025-12-17,BLD301,Medium
5799,43,2025-06-06,SNS205,High
5800,12,2025-04-16,GEN401,Low
5801,92,2025-04-09,GBX101,Medium
5802,145,2025-11-11,BRK501,Medium
5803,109,2025-01-17,GBX101,High
5804,90,2025-01-16,GEN401,Medium
5805,27,2025-09-30,GEN401,High
5806,19,2025-08-25,SNS205,Low
5807,91,2025-05-04,BLD301,Critical
5808,40,2025-05-16,GBX101,Critical
5809,70,2025-09-03,SNS205,High
5810,94,2025-12-15,GBX101,Medium
5811,150,2025-12-22,BRK501,High
5812,72,2025-03-23,BRK501,High
5813,41,2025-06-17,BLD301,Medium
5814,55,2025-05-07,BRK501,Low
5815,77,2025-11-27,BLD301,Low
5816,131,2025-01-26,GBX101,Critical
5817,28,2025-12-28,SNS205,High
5818,31,2025-01-24,BLD301,Medium
5819,132,2025-03-31,BRK501,Low
5820,89,2025-04-01,GBX101,Critical
5821,139,2025-12-25,BRK501,Critical
5822,103,2025-10-03,BRK501,Critical
5823,92,2025-05-28,GBX101,Critical
5824,150,2025-02-13,BLD301,High
5825,129,2025-05-21,BRK501,High
5826,6,2025-07-14,GEN401,Critical
5827,1,2025-12-11,GEN401,Medium
5828,85,2025-10-11,BRK501,Critical
5829,34,2025-11-26,BLD301,Low
5830,7,2025-04-16,SNS205,Low
5831,65,2025-04-01,GEN401,Medium
5832,15,2025-08-10,BLD301,Medium
5833,39,2025-04-22,SNS205,High
5834,58,2025-07-22,BRK501,Low
5835,29,2025-08-09,SNS205,Critical
5836,118,2025-11-03,BRK501,Low
5837,23,2025-08-04,BLD301,Critical
5838,2,2025-02-17,BRK501,Critical
5839,71,2025-05-10,GEN401,Medium
5840,78,2025-02-04,BLD301,Low
5841,121,2025-11-15,BRK501,Medium
5842,112,2025-11-28,BLD301,Low
5843,1,2025-02-13,SNS205,Critical
5844,126,2025-11-28,SNS205,Critical
5845,32,2025-05-16,BRK501,Medium
5846,34,2025-02-27,GBX101,Low
5847,37,2025-04-23,GEN401,Low
5848,12,2025-04-01,GBX101,High
5849,60,2025-10-21,GBX101,Low
5850,118,2025-05-23,BRK501,Critical
5851,121,2025-01-29,GEN401,Critical
5852,102,2025-09-16,BLD301,Medium
5853,23,2025-07-28,BRK501,High
5854,75,2025-09-23,BRK501,Critical
5855,32,2025-10-16,BRK501,Medium
5856,94,2025-11-04,GEN401,Medium
5857,45,2025-07-07,BRK501,High
5858,129,2025-01-10,BLD301,Medium
5859,56,2025-05-05,GBX101,Critical
5860,94,2025-02-08,GEN401,Critical
5861,42,2025-01-14,BRK501,Critical
5862,33,2025-07-18,SNS205,Medium
5863,125,2025-06-21,GBX101,Low
5864,90,2025-10-02,BLD301,Low
5865,64,2025-05-14,GBX101,Low
5866,137,2025-08-11,GEN401,Critical
5867,135,2025-08-04,GEN401,Low
5868,42,2025-10-15,SNS205,Low
5869,132,2025-07-18,GEN401,Low
5870,48,2025-09-20,SNS205,Critical
5871,25,2025-05-09,BLD301,Low
5872,142,2025-04-22,BLD301,Low
5873,118,2025-08-27,GEN401,Low
5874,148,2025-07-15,BLD301,High
5875,39,2025-05-16,BRK501,Critical
5876,75,2025-12-03,BRK501,High
5877,83,2025-04-29,SNS205,Medium
5878,32,2025-11-19,SNS205,Critical
5879,67,2025-03-09,SNS205,Low
5880,75,2025-12-16,GBX101,High
5881,42,2025-03-18,GEN401,High
5882,134,2025-09-24,BLD301,Low
5883,102,2025-05-14,BLD301,Medium
5884,62,2025-04-09,BRK501,Medium
5885,35,2025-12-30,GBX101,Critical
5886,29,2025-06-01,BLD301,Medium
5887,101,2025-01-02,GBX101,Critical
5888,144,2025-09-13,SNS205,Medium
5889,123,2025-07-19,BLD301,Low
5890,79,2025-05-13,BLD301,High
5891,4,2025-03-02,BLD301,Low
5892,7,2025-01-10,SNS205,High
5893,114,2025-09-20,GBX101,Low
5894,39,2025-03-19,SNS205,Medium
5895,143,2025-06-11,GBX101,Low
5896,47,2025-04-11,BRK501,Medium
5897,11,2025-01-21,BRK501,Medium
5898,131,2025-10-29,BLD301,Medium
5899,93,2025-09-12,BRK501,Medium
5900,25,2025-02-21,BLD301,Low
5901,75,2025-11-10,GEN401,Medium
5902,101,2025-10-20,BRK501,Low
5903,27,2025-02-22,BRK501,Low
5904,43,2025-04-27,BLD301,Low
5905,119,2025-01-13,SNS205,High
5906,55,2025-03-19,GBX101,Critical
5907,89,2025-08-19,BLD301,Low
5908,29,2025-05-27,SNS205,High
5909,48,2025-06-02,SNS205,Medium
5910,130,2025-10-18,SNS205,Low
5911,4,2025-07-27,BRK501,High
5912,47,2025-10-08,BLD301,Low
5913,50,2025-11-02,GEN401,High
5914,134,2025-07-31,BLD301,Medium
5915,80,2025-09-01,GEN401,Medium
5916,148,2025-03-07,BRK501,Critical
5917,8,2025-06-18,GEN401,High
5918,87,2025-10-13,BRK501,Low
5919,77,2025-09-22,GEN401,Medium
5920,80,2025-09-25,GEN401,Medium
5921,81,2025-06-23,SNS205,Critical
5922,47,2025-06-20,BRK501,Low
5923,114,2025-08-30,GBX101,Critical
5924,121,2025-03-06,BLD301,Low
5925,116,2025-12-23,BLD301,High
5926,2,2025-02-28,SNS205,High
5927,73,2025-09-08,BRK501,Low
5928,125,2025-02-05,GEN401,Critical
5929,100,2025-11-24,GBX101,High
5930,127,2025-07-16,BRK501,Medium
5931,105,2025-09-30,GBX101,Critical
5932,85,2025-04-13,GEN401,Medium
5933,74,2025-12-11,SNS205,Medium
5934,111,2025-08-19,GBX101,High
5935,25,2025-09-17,BLD301,Critical
5936,116,2025-06-21,BRK501,Low
5937,17,2025-04-03,GEN401,High
5938,6,2025-07-08,GBX101,High
5939,136,2025-01-01,GEN401,Low
5940,79,2025-10-14,BLD301,Critical
5941,91,2025-11-02,GBX101,Critical
5942,130,2025-12-12,SNS205,Critical
5943,55,2025-02-20,GEN401,Low
5944,142,2025-03-03,SNS205,Low
5945,112,2025-12-13,BRK501,High
5946,31,2025-12-01,BRK501,Medium
5947,28,2025-04-13,BLD301,Critical
5948,86,2025-01-03,GBX101,Medium
5949,84,2025-03-06,SNS205,Medium
5950,6,2025-08-22,BRK501,Medium
5951,19,2025-02-15,GEN401,High
5952,76,2025-11-06,SNS205,Critical
5953,63,2025-06-06,GBX101,Critical
5954,55,2025-12-04,GBX101,High
5955,68,2025-11-01,GEN401,High
5956,114,2025-01-09,SNS205,Critical
5957,85,2025-06-26,SNS205,Critical
5958,49,2025-05-13,SNS205,Critical
5959,77,2025-03-26,GEN401,Medium
5960,103,2025-10-09,BLD301,Low
5961,18,2025-05-18,GEN401,Critical
5962,122,2025-01-31,BRK501,Medium
5963,63,2025-08-17,GBX101,Medium
5964,11,2025-09-16,GBX101,Medium
5965,71,2025-06-29,SNS205,Critical
5966,31,2025-07-13,BLD301,Critical
5967,53,2025-12-11,BLD301,Medium
5968,48,2025-04-17,GEN401,Medium
5969,112,2025-11-20,GBX101,Medium
5970,130,2025-06-09,BLD301,Medium
5971,24,2025-03-19,SNS205,High
5972,73,2025-02-06,GEN401,Medium
5973,113,2025-07-06,GBX101,Medium
5974,23,2025-04-19,BLD301,Low
5975,75,2025-09-11,BRK501,High
5976,25,2025-03-24,GBX101,Low
5977,51,2025-11-09,GBX101,Critical
5978,51,2025-09-15,BRK501,Critical
5979,57,2025-07-06,SNS205,Medium
5980,98,2025-12-09,BRK501,High
5981,132,2025-01-04,BLD301,Medium
5982,135,2025-10-27,GEN401,Medium
5983,62,2025-08-03,GEN401,Critical
5984,29,2025-06-25,GEN401,High
5985,62,2025-11-03,BRK501,Medium
5986,128,2025-04-16,GBX101,Critical
5987,107,2025-05-01,GEN401,Medium
5988,43,2025-03-18,BRK501,High
5989,115,2025-01-28,GBX101,Low
5990,104,2025-02-20,BRK501,Medium
5991,134,2025-10-28,BRK501,High
5992,132,2025-02-02,GBX101,Low
5993,141,2025-06-17,BRK501,Critical
5994,74,2025-10-19,GEN401,Critical
5995,39,2025-04-24,SNS205,Low
5996,100,2025-10-18,GEN401,High
5997,87,2025-01-26,BLD301,High
5998,59,2025-11-30,SNS205,Low
5999,149,2025-05-27,BLD301,Low
6000,122,2025-11-04,BLD301,Medium
6001,82,2025-09-22,SNS205,Critical
6002,108,2025-09-09,SNS205,Medium
6003,4,2025-09-22,BRK501,Medium
6004,124,2025-01-06,SNS205,Low
6005,11,2025-03-14,GEN401,Low
6006,122,2025-07-03,GEN401,High
6007,25,2025-08-30,GBX101,High
6008,93,2025-09-11,GEN401,Low
6009,3,2025-07-22,GEN401,Medium
6010,100,2025-12-27,SNS205,Critical
6011,101,2025-08-26,SNS205,Critical
6012,145,2025-02-14,BRK501,Medium
6013,86,2025-02-19,BLD301,High
6014,98,2025-12-11,SNS205,Medium
6015,102,2025-08-29,SNS205,Medium
6016,146,2025-01-27,BRK501,Medium
6017,116,2025-06-15,BLD301,Low
6018,1,2025-06-18,SNS205,Medium
6019,74,2025-09-20,GEN401,Low
6020,47,2025-07-16,GBX101,Medium
6021,43,2025-12-03,GBX101,High
6022,89,2025-07-01,GEN401,Low
6023,134,2025-06-19,BLD301,Medium
6024,148,2025-05-30,GBX101,Low
6025,16,2025-07-05,BLD301,Low
6026,42,2025-10-14,GEN401,Low
6027,132,2025-10-22,BLD301,Critical
6028,37,2025-02-03,GBX101,High
6029,4,2025-09-15,SNS205,Low
6030,133,2025-08-31,BRK501,Critical
6031,79,2025-11-27,GEN401,Low
6032,19,2025-06-22,BLD301,Medium
6033,15,2025-03-17,BLD301,High
6034,13,2025-08-23,GBX101,Critical
6035,128,2025-11-15,GBX101,High
6036,32,2025-05-16,BLD301,High
6037,10,2025-04-23,BRK501,High
6038,135,2025-11-07,BRK501,Low
6039,6,2025-07-24,GEN401,Medium
6040,134,2025-06-02,GEN401,Critical
6041,80,2025-03-20,GEN401,Critical
6042,106,2025-03-23,SNS205,Low
6043,145,2025-01-04,GEN401,Critical
6044,118,2025-04-12,GEN401,Critical
6045,121,2025-05-05,BLD301,Critical
6046,116,2025-10-11,BRK501,High
6047,124,2025-07-13,BRK501,High
6048,62,2025-04-08,GBX101,Medium
6049,34,2025-07-16,GEN401,Critical
6050,64,2025-08-28,SNS205,Medium
6051,61,2025-01-30,GEN401,Critical
6052,78,2025-10-28,SNS205,High
6053,40,2025-09-05,BRK501,Critical
6054,39,2025-04-27,GBX101,High
6055,93,2025-07-30,GEN401,Medium
6056,22,2025-12-08,SNS205,Critical
6057,12,2025-07-27,BLD301,High
6058,130,2025-08-30,GBX101,Critical
6059,70,2025-07-11,BLD301,Critical
6060,132,2025-11-27,SNS205,Medium
6061,138,2025-07-19,BRK501,Medium
6062,41,2025-10-21,GEN401,High
6063,38,2025-01-20,GEN401,Medium
6064,59,2025-11-19,BLD301,Low
6065,10,2025-11-26,GEN401,Low
6066,105,2025-12-04,SNS205,High
6067,149,2025-02-14,SNS205,High
6068,4,2025-04-06,GEN401,Critical
6069,141,2025-12-25,GEN401,Critical
6070,32,2025-01-04,GBX101,Critical
6071,144,2025-05-03,GBX101,High
6072,30,2025-01-17,SNS205,Medium
6073,60,2025-12-01,BRK501,High
6074,49,2025-06-02,BRK501,Critical
6075,100,2025-05-20,BLD301,High
6076,32,2025-10-18,BLD301,Medium
6077,62,2025-02-10,GEN401,Critical
6078,134,2025-04-24,SNS205,Medium
6079,10,2025-06-19,BLD301,High
6080,50,2025-01-28,BRK501,Critical
6081,124,2025-05-14,BRK501,Critical
6082,1,2025-01-19,BLD301,Critical
6083,54,2025-05-27,GEN401,Medium
6084,103,2025-10-02,GEN401,High
6085,38,2025-08-16,GBX101,Low
6086,53,2025-06-05,BRK501,High
6087,26,2025-11-30,GBX101,Critical
6088,133,2025-03-19,SNS205,Low
6089,10,2025-12-08,BRK501,Low
6090,92,2025-07-22,BRK501,Medium
6091,131,2025-07-01,SNS205,Medium
6092,29,2025-04-14,BLD301,Low
6093,24,2025-08-22,SNS205,High
6094,38,2025-12-13,BLD301,Medium
6095,55,2025-05-03,BLD301,Medium
6096,33,2025-09-15,GBX101,High
6097,115,2025-05-14,GBX101,Medium
6098,138,2025-02-11,SNS205,High
6099,10,2025-02-26,GEN401,Critical
6100,19,2025-04-18,GEN401,Critical
6101,35,2025-09-10,GEN401,Critical
6102,123,2025-08-01,BRK501,Medium
6103,9,2025-11-09,BRK501,Medium
6104,29,2025-05-16,BLD301,Medium
6105,148,2025-01-09,GEN401,Critical
6106,44,2025-03-23,SNS205,Low
6107,40,2025-06-21,SNS205,Low
6108,58,2025-03-17,GEN401,High
6109,6,2025-04-01,SNS205,Medium
6110,35,2025-12-07,BRK501,Critical
6111,102,2025-11-11,GEN401,Low
6112,84,2025-06-04,BLD301,Medium
6113,60,2025-07-11,GBX101,Low
6114,28,2025-03-14,GBX101,Medium
6115,118,2025-04-08,BRK501,High
6116,18,2025-11-10,GEN401,Low
6117,30,2025-09-25,SNS205,Critical
6118,109,2025-06-28,BRK501,Low
6119,141,2025-04-24,BRK501,Low
6120,37,2025-10-16,BLD301,High
6121,86,2025-12-28,SNS205,Critical
6122,10,2025-02-10,SNS205,High
6123,21,2025-04-08,GBX101,Medium
6124,66,2025-08-21,GEN401,Low
6125,105,2025-03-25,SNS205,High
6126,56,2025-12-22,BRK501,High
6127,7,2025-03-05,SNS205,High
6128,65,2025-04-28,BRK501,Critical
6129,100,2025-10-22,BRK501,Low
6130,44,2025-07-20,SNS205,High
6131,95,2025-01-06,BRK501,Critical
6132,32,2025-11-28,BRK501,Medium
6133,78,2025-05-09,GEN401,Medium
6134,68,2025-10-06,BRK501,Medium
6135,20,2025-01-31,BLD301,High
6136,58,2025-03-21,BRK501,Critical
6137,7,2025-04-25,BLD301,Medium
6138,7,2025-07-23,SNS205,Medium
6139,25,2025-05-13,BLD301,Low
6140,105,2025-11-29,BRK501,Low
6141,19,2025-04-06,GBX101,Medium
6142,93,2025-11-06,GEN401,Critical
6143,100,2025-07-07,BRK501,High
6144,71,2025-09-06,GBX101,Medium
6145,95,2025-02-15,BLD301,Medium
6146,103,2025-04-06,GEN401,Low
6147,37,2025-08-31,SNS205,Medium
6148,7,2025-03-13,BLD301,Low
6149,42,2025-01-22,BLD301,High
6150,59,2025-04-06,SNS205,Low
6151,18,2025-08-11,BLD301,Low
6152,11,2025-10-20,BRK501,Critical
6153,113,2025-05-16,GBX101,Medium
6154,114,2025-05-08,BLD301,Low
6155,22,2025-02-15,GBX101,Medium
6156,58,2025-09-03,BRK501,Low
6157,118,2025-07-09,SNS205,High
6158,2,2025-06-23,BRK501,Medium
6159,68,2025-08-04,BRK501,Medium
6160,72,2025-02-15,SNS205,High
6161,2,2025-11-12,GEN401,High
6162,116,2025-02-07,BRK501,High
6163,135,2025-08-12,BLD301,Critical
6164,5,2025-09-11,SNS205,Low
6165,37,2025-12-25,BRK501,High
6166,53,2025-07-24,GEN401,Critical
6167,81,2025-12-22,SNS205,Low
6168,1,2025-11-12,GEN401,Critical
6169,5,2025-12-19,BLD301,Medium
6170,96,2025-12-13,SNS205,High
6171,121,2025-08-25,GEN401,Critical
6172,76,2025-04-18,BRK501,Medium
6173,99,2025-11-03,BRK501,Low
6174,13,2025-06-09,SNS205,Medium
6175,40,2025-10-29,GBX101,Critical
6176,29,2025-05-24,GBX101,Medium
6177,49,2025-01-20,SNS205,High
6178,91,2025-11-14,GBX101,Medium
6179,78,2025-02-11,GEN401,Low
6180,24,2025-09-26,GBX101,Low
6181,108,2025-01-22,BLD301,Critical
6182,79,2025-05-31,GEN401,Critical
6183,113,2025-06-25,GBX101,Critical
6184,66,2025-11-24,SNS205,Critical
6185,131,2025-02-01,GBX101,High
6186,34,2025-05-21,BRK501,Low
6187,133,2025-06-27,GEN401,High
6188,134,2025-08-23,GBX101,Low
6189,125,2025-08-09,BLD301,Medium
6190,84,2025-04-12,BLD301,Low
6191,78,2025-02-11,GBX101,Critical
6192,137,2025-03-25,GBX101,Low
6193,41,2025-01-24,BLD301,High
6194,19,2025-07-19,BLD301,Low
6195,44,2025-08-18,GBX101,High
6196,1,2025-07-31,GEN401,Critical
6197,98,2025-03-18,GBX101,High
6198,131,2025-10-09,GBX101,Critical
6199,68,2025-03-11,GEN401,Medium
6200,76,2025-09-11,BRK501,Medium
6201,26,2025-10-07,BRK501,Medium
6202,91,2025-02-10,BLD301,Medium
6203,102,2025-10-15,BLD301,Low
6204,23,2025-07-20,BRK501,Low
6205,72,2025-01-14,GEN401,Low
6206,80,2025-12-28,GEN401,Low
6207,33,2025-01-21,SNS205,High
6208,86,2025-03-11,BLD301,High
6209,36,2025-06-24,GBX101,Critical
6210,129,2025-04-15,SNS205,Critical
6211,127,2025-05-27,SNS205,Critical
6212,108,2025-05-21,SNS205,Low
6213,46,2025-08-26,SNS205,Critical
6214,27,2025-07-21,GBX101,Low
6215,57,2025-09-19,BRK501,Low
6216,56,2025-10-06,BRK501,High
6217,38,2025-03-16,SNS205,High
6218,118,2025-06-05,GBX101,Medium
6219,84,2025-08-27,SNS205,High
6220,112,2025-11-05,BLD301,Low
6221,99,2025-05-22,GBX101,Critical
6222,112,2025-10-25,BLD301,Low
6223,143,2025-06-14,BLD301,Medium
6224,113,2025-09-08,GBX101,Medium
6225,12,2025-02-08,SNS205,Critical
6226,12,2025-12-25,GBX101,Low
6227,129,2025-07-25,GBX101,Medium
6228,20,2025-03-02,BRK501,Low
6229,122,2025-08-29,SNS205,Medium
6230,137,2025-09-14,GBX101,Low
6231,89,2025-01-17,BLD301,Low
6232,91,2025-08-11,BLD301,Medium
6233,2,2025-07-16,GBX101,Critical
6234,71,2025-05-06,SNS205,Medium
6235,73,2025-06-21,BRK501,Low
6236,64,2025-06-09,GEN401,High
6237,120,2025-02-06,SNS205,Medium
6238,14,2025-04-15,BRK501,High
6239,35,2025-02-27,BRK501,Low
6240,140,2025-03-12,GBX101,High
6241,115,2025-05-29,BLD301,High
6242,79,2025-04-27,GEN401,High
6243,7,2025-05-14,BLD301,Medium
6244,44,2025-03-13,BLD301,Low
6245,11,2025-08-01,BLD301,High
6246,43,2025-05-09,BRK501,Low
6247,48,2025-12-23,BRK501,Low
6248,143,2025-02-15,BLD301,Low
6249,11,2025-02-06,BRK501,Critical
6250,115,2025-03-16,GBX101,Low
6251,140,2025-06-02,BRK501,Low
6252,132,2025-06-08,SNS205,Medium
6253,39,2025-08-18,BLD301,High
6254,35,2025-10-24,SNS205,Critical
6255,23,2025-09-11,GEN401,Critical
6256,128,2025-04-14,GBX101,Medium
6257,146,2025-03-07,GEN401,Critical
6258,113,2025-10-31,GBX101,Low
6259,118,2025-07-16,GBX101,High
6260,79,2025-01-18,BRK501,Medium
6261,120,2025-02-25,BLD301,High
6262,148,2025-03-26,GEN401,Low
6263,45,2025-11-13,GBX101,Critical
6264,104,2025-10-01,BLD301,Critical
6265,70,2025-11-12,GBX101,High
6266,66,2025-12-08,GBX101,Low
6267,67,2025-01-29,GEN401,Critical
6268,77,2025-01-20,BRK501,High
6269,91,2025-08-04,BRK501,Medium
6270,41,2025-11-03,GBX101,High
6271,14,2025-02-17,GBX101,High
6272,139,2025-07-19,BRK501,High
6273,112,2025-09-23,BRK501,High
6274,7,2025-06-12,GEN401,Low
6275,74,2025-03-19,SNS205,High
6276,123,2025-04-20,SNS205,Critical
6277,102,2025-07-08,GEN401,Low
6278,145,2025-05-12,GBX101,Low
6279,95,2025-11-16,SNS205,Low
6280,74,2025-11-09,BLD301,Critical
6281,145,2025-03-17,BRK501,High
6282,47,2025-12-22,SNS205,Medium
6283,128,2025-04-18,BLD301,Critical
6284,94,2025-10-06,SNS205,Medium
6285,90,2025-08-29,SNS205,Low
6286,129,2025-01-20,GBX101,High
6287,126,2025-08-22,GEN401,Critical
6288,90,2025-08-29,SNS205,Medium
6289,69,2025-06-02,BLD301,Low
6290,107,2025-02-16,GBX101,High
6291,14,2025-05-02,GBX101,Medium
6292,56,2025-12-09,SNS205,High
6293,119,2025-01-07,GBX101,Critical
6294,30,2025-05-15,SNS205,Low
6295,49,2025-01-25,SNS205,High
6296,91,2025-09-15,GBX101,Low
6297,39,2025-06-19,BRK501,Critical
6298,109,2025-06-21,SNS205,Critical
6299,112,2025-10-16,BLD301,High
6300,141,2025-09-18,BLD301,Critical
6301,21,2025-12-29,GBX101,High
6302,121,2025-06-27,BRK501,Medium
6303,85,2025-12-05,GBX101,Medium
6304,33,2025-02-13,GEN401,High
6305,148,2025-08-05,GBX101,Low
6306,61,2025-01-16,GEN401,High
6307,136,2025-05-08,BLD301,Critical
6308,77,2025-02-12,BLD301,High
6309,6,2025-07-23,BRK501,Critical
6310,127,2025-06-04,BLD301,Critical
6311,128,2025-05-28,GBX101,Critical
6312,46,2025-08-12,BLD301,High
6313,105,2025-09-19,GBX101,Medium
6314,24,2025-05-12,GBX101,Critical
6315,28,2025-11-03,BLD301,High
6316,147,2025-11-21,SNS205,Critical
6317,117,2025-05-25,BRK501,High
6318,59,2025-10-19,BRK501,Low
6319,14,2025-01-15,GEN401,Medium
6320,25,2025-08-21,GBX101,High
6321,102,2025-12-10,SNS205,Low
6322,145,2025-06-20,GBX101,Low
6323,99,2025-07-27,GBX101,High
6324,37,2025-07-06,GBX101,High
6325,57,2025-03-14,GBX101,Medium
6326,52,2025-01-18,GBX101,Low
6327,134,2025-02-16,BLD301,Critical
6328,42,2025-05-03,BRK501,Critical
6329,103,2025-04-05,GEN401,Low
6330,105,2025-12-03,BLD301,Critical
6331,10,2025-11-07,GEN401,Critical
6332,45,2025-03-01,SNS205,Medium
6333,143,2025-03-24,SNS205,Critical
6334,41,2025-08-16,BLD301,Medium
6335,123,2025-05-03,SNS205,Medium
6336,39,2025-08-18,GBX101,Low
6337,105,2025-12-05,BRK501,High
6338,123,2025-04-06,GBX101,High
6339,60,2025-02-04,SNS205,Medium
6340,94,2025-04-14,SNS205,Low
6341,19,2025-02-17,BRK501,Critical
6342,117,2025-03-26,GEN401,Critical
6343,102,2025-07-03,BLD301,Critical
6344,54,2025-09-13,BRK501,High
6345,71,2025-10-11,SNS205,Medium
6346,11,2025-04-18,GBX101,Critical
6347,123,2025-02-08,BLD301,Low
6348,72,2025-08-15,BLD301,Critical
6349,18,2025-01-30,SNS205,Low
6350,135,2025-04-08,BLD301,Critical
6351,101,2025-03-21,BLD301,High
6352,81,2025-02-24,SNS205,Low
6353,3,2025-02-22,GEN401,Low
6354,58,2025-08-06,GBX101,Critical
6355,62,2025-06-29,BLD301,Medium
6356,81,2025-04-28,BRK501,Low
6357,74,2025-10-26,SNS205,Low
6358,64,2025-05-26,BRK501,Low
6359,51,2025-09-18,GEN401,Low
6360,140,2025-09-25,BRK501,Low
6361,89,2025-06-04,BRK501,Critical
6362,143,2025-02-14,SNS205,Critical
6363,104,2025-12-07,GBX101,Critical
6364,44,2025-11-06,SNS205,Critical
6365,27,2025-02-05,GEN401,Low
6366,111,2025-07-23,SNS205,Medium
6367,75,2025-08-28,GEN401,High
6368,24,2025-01-31,GEN401,High
6369,122,2025-12-25,SNS205,Medium
6370,112,2025-06-19,BRK501,Critical
6371,43,2025-08-23,GBX101,High
6372,3,2025-03-14,SNS205,Low
6373,80,2025-02-10,BLD301,Low
6374,32,2025-02-16,BLD301,High
6375,109,2025-08-14,GBX101,Medium
6376,93,2025-12-16,GEN401,Critical
6377,107,2025-06-17,SNS205,High
6378,51,2025-06-18,SNS205,Low
6379,60,2025-02-22,SNS205,Low
6380,24,2025-06-05,BLD301,Medium
6381,56,2025-12-24,GBX101,Critical
6382,29,2025-06-01,SNS205,Low
6383,114,2025-03-26,GBX101,Critical
6384,117,2025-03-08,BRK501,Critical
6385,90,2025-11-01,BRK501,Medium
6386,141,2025-11-12,GBX101,High
6387,16,2025-10-05,GBX101,Critical
6388,105,2025-07-04,GEN401,Medium
6389,42,2025-11-28,BLD301,High
6390,23,2025-02-27,SNS205,Medium
6391,78,2025-02-10,GBX101,Low
6392,33,2025-09-02,SNS205,Medium
6393,113,2025-04-13,BRK501,Low
6394,87,2025-09-19,BRK501,Low
6395,107,2025-05-24,SNS205,Critical
6396,72,2025-03-05,SNS205,Low
6397,136,2025-12-23,SNS205,Critical
6398,75,2025-12-17,GEN401,Low
6399,72,2025-04-10,BRK501,Critical
6400,72,2025-08-20,GBX101,High
6401,74,2025-04-17,SNS205,Critical
6402,54,2025-06-09,BRK501,Medium
6403,32,2025-07-22,GEN401,High
6404,14,2025-07-12,BRK501,High
6405,120,2025-10-02,BLD301,Critical
6406,76,2025-08-13,GBX101,High
6407,25,2025-08-22,GBX101,Low
6408,140,2025-12-29,BLD301,Medium
6409,82,2025-12-30,GEN401,Critical
6410,94,2025-12-06,GBX101,Critical
6411,45,2025-02-23,GEN401,Low
6412,91,2025-01-20,SNS205,High
6413,18,2025-01-17,BRK501,Critical
6414,122,2025-12-28,GEN401,Critical
6415,126,2025-08-23,BLD301,Low
6416,124,2025-02-20,BLD301,Medium
6417,91,2025-12-26,GEN401,High
6418,44,2025-01-28,SNS205,Low
6419,135,2025-03-25,GEN401,High
6420,120,2025-01-05,GBX101,Critical
6421,100,2025-09-23,GEN401,Medium
6422,126,2025-12-16,SNS205,High
6423,150,2025-09-02,SNS205,Critical
6424,71,2025-09-18,BRK501,Medium
6425,19,2025-02-21,GEN401,Low
6426,83,2025-04-04,SNS205,High
6427,80,2025-08-26,GEN401,High
6428,104,2025-03-31,SNS205,Critical
6429,59,2025-04-04,SNS205,High
6430,116,2025-05-08,GBX101,High
6431,91,2025-10-28,SNS205,High
6432,26,2025-07-20,GBX101,Low
6433,35,2025-01-19,GEN401,Critical
6434,116,2025-09-26,GBX101,Critical
6435,9,2025-02-13,SNS205,Medium
6436,10,2025-02-19,GBX101,Critical
6437,132,2025-07-25,BRK501,High
6438,120,2025-12-23,BLD301,Low
6439,43,2025-10-05,GBX101,High
6440,24,2025-11-16,BRK501,Critical
6441,138,2025-04-01,BRK501,Low
6442,53,2025-08-15,BRK501,Low
6443,6,2025-02-12,GBX101,High
6444,112,2025-03-22,GBX101,High
6445,123,2025-08-12,GBX101,High
6446,57,2025-05-17,BRK501,Critical
6447,47,2025-01-05,BRK501,High
6448,9,2025-12-02,SNS205,Medium
6449,131,2025-06-06,BRK501,Critical
6450,13,2025-08-29,GBX101,Medium
6451,72,2025-12-25,GBX101,High
6452,68,2025-07-27,BLD301,Medium
6453,25,2025-06-19,BLD301,Low
6454,90,2025-06-11,BRK501,High
6455,41,2025-09-05,BRK501,Medium
6456,56,2025-04-24,BRK501,Medium
6457,41,2025-02-13,GBX101,Low
6458,124,2025-10-06,GEN401,Critical
6459,138,2025-03-09,BRK501,Medium
6460,117,2025-09-12,GEN401,Low
6461,52,2025-09-25,GBX101,Critical
6462,50,2025-07-16,BLD301,Low
6463,41,2025-12-27,GEN401,High
6464,88,2025-12-29,GEN401,High
6465,32,2025-10-08,GBX101,Medium
6466,94,2025-12-19,GEN401,Medium
6467,76,2025-01-15,BLD301,High
6468,66,2025-02-23,GBX101,Critical
6469,77,2025-09-07,BRK501,Critical
6470,5,2025-05-01,BRK501,Critical
6471,130,2025-02-09,GBX101,Low
6472,111,2025-12-03,GEN401,High
6473,76,2025-09-11,SNS205,Medium
6474,99,2025-08-24,GEN401,Low
6475,50,2025-02-27,SNS205,Critical
6476,37,2025-09-29,BLD301,Critical
6477,122,2025-01-16,SNS205,Critical
6478,80,2025-09-29,GBX101,High
6479,114,2025-08-15,GBX101,Medium
6480,109,2025-11-20,GBX101,Critical
6481,29,2025-04-18,BLD301,High
6482,132,2025-05-22,BLD301,Critical
6483,137,2025-04-30,GEN401,High
6484,124,2025-08-20,GEN401,Medium
6485,82,2025-08-07,BLD301,Critical
6486,97,2025-02-04,BRK501,Critical
6487,115,2025-01-01,GBX101,Low
6488,3,2025-03-22,BRK501,Critical
6489,140,2025-12-19,GBX101,Critical
6490,118,2025-05-24,GEN401,Critical
6491,135,2025-07-10,BLD301,Low
6492,23,2025-02-04,GBX101,Low
6493,54,2025-07-12,GBX101,Low
6494,121,2025-04-22,SNS205,Low
6495,25,2025-04-14,GBX101,Medium
6496,97,2025-04-24,GEN401,Medium
6497,82,2025-04-10,GBX101,High
6498,145,2025-07-10,SNS205,Medium
6499,104,2025-09-26,GBX101,High
6500,79,2025-06-13,GBX101,High
6501,121,2025-06-15,SNS205,Low
6502,69,2025-09-26,GEN401,Critical
6503,20,2025-04-23,GBX101,Medium
6504,47,2025-09-10,GEN401,Low
6505,61,2025-06-22,BLD301,Low
6506,33,2025-08-29,BRK501,High
6507,145,2025-08-31,SNS205,Low
6508,9,2025-03-24,GEN401,Critical
6509,70,2025-03-08,GBX101,Medium
6510,145,2025-11-11,GBX101,High
6511,119,2025-02-21,BRK501,High
6512,14,2025-08-25,BLD301,Critical
6513,60,2025-08-09,BLD301,High
6514,28,2025-07-31,GBX101,Medium
6515,96,2025-10-24,BLD301,Medium
6516,144,2025-10-18,BRK501,Critical
6517,106,2025-11-14,BLD301,Low
6518,101,2025-04-20,SNS205,Low
6519,90,2025-10-09,SNS205,Medium
6520,21,2025-05-22,BRK501,Critical
6521,86,2025-03-03,BRK501,Medium
6522,103,2025-03-30,GBX101,Low
6523,12,2025-06-14,BLD301,Critical
6524,110,2025-01-02,GBX101,High
6525,83,2025-05-02,BRK501,Critical
6526,73,2025-03-19,BLD301,Low
6527,133,2025-10-01,GBX101,High
6528,93,2025-02-15,SNS205,Critical
6529,148,2025-05-08,GBX101,High
6530,71,2025-09-15,GBX101,Medium
6531,148,2025-05-29,GEN401,High
6532,12,2025-03-02,GEN401,Low
6533,77,2025-11-25,SNS205,Critical
6534,34,2025-11-03,GEN401,High
6535,103,2025-07-22,SNS205,High
6536,84,2025-03-05,SNS205,Medium
6537,37,2025-05-28,BRK501,Critical
6538,17,2025-07-27,BRK501,Critical
6539,115,2025-10-12,BLD301,Medium
6540,114,2025-02-17,BRK501,Low
6541,47,2025-06-23,GBX101,High
6542,138,2025-09-12,GBX101,High
6543,29,2025-10-21,GEN401,High
6544,37,2025-06-15,GBX101,Critical
6545,148,2025-10-13,GEN401,High
6546,41,2025-03-07,BRK501,Low
6547,127,2025-06-14,GEN401,High
6548,53,2025-05-04,SNS205,Medium
6549,57,2025-09-13,BLD301,Critical
6550,107,2025-04-20,SNS205,High
6551,68,2025-01-03,BRK501,Low
6552,48,2025-10-04,SNS205,Low
6553,79,2025-01-11,BRK501,Critical
6554,8,2025-04-11,GEN401,High
6555,146,2025-03-06,BRK501,Low
6556,40,2025-12-12,SNS205,Low
6557,14,2025-06-02,GBX101,Critical
6558,14,2025-03-01,SNS205,Low
6559,94,2025-11-15,BRK501,Low
6560,2,2025-04-13,SNS205,Low
6561,149,2025-08-23,GEN401,Critical
6562,19,2025-12-21,BRK501,Critical
6563,39,2025-04-23,SNS205,Critical
6564,44,2025-04-16,BRK501,Low
6565,82,2025-10-08,GBX101,Critical
6566,108,2025-04-13,GEN401,Low
6567,49,2025-04-04,BLD301,Critical
6568,110,2025-05-25,GEN401,Low
6569,83,2025-01-07,BRK501,Medium
6570,93,2025-11-29,BLD301,High
6571,117,2025-10-08,GEN401,Low
6572,76,2025-07-16,BLD301,Low
6573,150,2025-12-12,BLD301,Low
6574,9,2025-12-31,GEN401,Critical
6575,19,2025-01-19,GBX101,Critical
6576,105,2025-02-05,GEN401,Medium
6577,30,2025-12-28,GBX101,Critical
6578,63,2025-04-20,BLD301,Critical
6579,40,2025-10-15,BLD301,Medium
6580,46,2025-08-07,BLD301,Critical
6581,31,2025-11-23,SNS205,High
6582,100,2025-12-05,BLD301,Low
6583,3,2025-06-23,GBX101,Critical
6584,22,2025-08-16,GEN401,Medium
6585,101,2025-10-06,GBX101,High
6586,116,2025-06-22,BRK501,Medium
6587,33,2025-05-02,BLD301,Low
6588,97,2025-01-11,SNS205,Critical
6589,84,2025-03-19,SNS205,Low
6590,41,2025-07-16,GEN401,Low
6591,2,2025-12-27,BLD301,Medium
6592,47,2025-03-03,GBX101,High
6593,47,2025-10-11,GBX101,Medium
6594,70,2025-03-11,GEN401,Low
6595,142,2025-11-07,BRK501,Medium
6596,119,2025-01-22,BLD301,Low
6597,56,2025-07-04,GEN401,High
6598,41,2025-01-07,GEN401,Critical
6599,47,2025-08-03,BRK501,Low
6600,67,2025-11-22,GBX101,Low
6601,38,2025-09-15,BRK501,Medium
6602,73,2025-11-19,BRK501,High
6603,53,2025-03-12,BRK501,High
6604,108,2025-04-24,GBX101,High
6605,135,2025-10-24,GEN401,Critical
6606,36,2025-05-09,BRK501,Low
6607,57,2025-06-06,GEN401,Medium
6608,148,2025-04-26,GBX101,Critical
6609,66,2025-12-20,BRK501,Critical
6610,10,2025-02-19,GBX101,Medium
6611,23,2025-09-26,BLD301,High
6612,28,2025-08-18,SNS205,Medium
6613,148,2025-01-09,BRK501,Critical
6614,60,2025-10-21,SNS205,High
6615,37,2025-12-30,BLD301,Critical
6616,72,2025-10-25,GBX101,Critical
6617,62,2025-11-18,BLD301,Low
6618,44,2025-05-08,SNS205,Medium
6619,41,2025-08-23,GBX101,Critical
6620,84,2025-05-18,GBX101,Medium
6621,19,2025-09-11,BRK501,Medium
6622,99,2025-06-09,SNS205,Medium
6623,67,2025-03-20,GBX101,High
6624,39,2025-06-27,BRK501,Critical
6625,10,2025-12-19,GEN401,Critical
6626,26,2025-03-27,GBX101,Medium
6627,78,2025-01-11,BLD301,Medium
6628,129,2025-03-26,SNS205,Critical
6629,112,2025-11-14,GBX101,High
6630,15,2025-05-11,GBX101,Medium
6631,18,2025-04-18,BRK501,Low
6632,127,2025-06-08,BLD301,Critical
6633,119,2025-01-09,SNS205,High
6634,137,2025-11-13,BRK501,High
6635,10,2025-07-06,BRK501,High
6636,5,2025-11-24,BRK501,High
6637,88,2025-03-27,GBX101,High
6638,128,2025-07-11,GEN401,Medium
6639,62,2025-05-04,BRK501,Critical
6640,67,2025-08-21,GBX101,Low
6641,123,2025-08-02,GBX101,High
6642,128,2025-11-01,BRK501,Medium
6643,72,2025-01-12,GBX101,Critical
6644,60,2025-01-27,BRK501,High
6645,48,2025-09-04,GEN401,Critical
6646,50,2025-03-19,BLD301,Low
6647,12,2025-04-04,BRK501,Medium
6648,55,2025-03-03,GEN401,Low
6649,3,2025-03-10,GBX101,Low
6650,88,2025-06-20,GEN401,Critical
6651,59,2025-09-30,GEN401,Medium
6652,123,2025-05-03,BLD301,Low
6653,78,2025-03-13,GBX101,Critical
6654,40,2025-05-19,BRK501,High
6655,57,2025-09-17,BRK501,Low
6656,84,2025-10-01,BRK501,Low
6657,5,2025-10-23,GBX101,Low
6658,45,2025-02-22,BRK501,Low
6659,28,2025-08-15,GBX101,Critical
6660,69,2025-11-26,BRK501,Medium
6661,125,2025-01-20,GEN401,Low
6662,101,2025-01-17,SNS205,Low
6663,4,2025-12-20,SNS205,Medium
6664,55,2025-12-25,BLD301,Low
6665,129,2025-02-20,BLD301,Low
6666,106,2025-11-30,GBX101,Critical
6667,78,2025-05-08,GBX101,Critical
6668,97,2025-08-14,GEN401,High
6669,37,2025-04-12,SNS205,High
6670,15,2025-04-22,SNS205,Medium
6671,57,2025-07-19,GEN401,Critical
6672,33,2025-07-25,SNS205,Medium
6673,128,2025-06-10,BRK501,Critical
6674,79,2025-05-13,GBX101,Low
6675,77,2025-10-17,BLD301,Low
6676,18,2025-05-02,GBX101,Low
6677,26,2025-09-02,GEN401,Low
6678,128,2025-11-26,GEN401,Low
6679,78,2025-08-31,BLD301,Critical
6680,117,2025-06-05,GBX101,Low
6681,29,2025-02-28,BRK501,Medium
6682,108,2025-01-30,GEN401,Low
6683,102,2025-03-20,GBX101,Low
6684,19,2025-02-03,SNS205,High
6685,140,2025-12-14,BRK501,Medium
6686,11,2025-05-07,BRK501,Medium
6687,126,2025-05-20,BLD301,High
6688,134,2025-11-07,BLD301,High
6689,83,2025-09-13,BRK501,Medium
6690,47,2025-11-18,GBX101,Medium
6691,45,2025-05-09,SNS205,Critical
6692,42,2025-10-29,GEN401,Low
6693,15,2025-04-10,GBX101,High
6694,51,2025-11-04,BRK501,Low
6695,18,2025-02-26,BLD301,Low
6696,90,2025-08-01,BRK501,High
6697,10,2025-01-31,GBX101,Low
6698,116,2025-02-02,GBX101,Critical
6699,62,2025-10-08,GEN401,Critical
6700,40,2025-12-03,SNS205,Critical
6701,61,2025-12-03,BLD301,Medium
6702,67,2025-09-07,BRK501,Critical
6703,137,2025-01-25,SNS205,Medium
6704,55,2025-06-01,BRK501,Low
6705,54,2025-12-04,BRK501,Medium
6706,39,2025-01-28,GBX101,Low
6707,82,2025-05-28,GBX101,Critical
6708,76,2025-04-13,SNS205,Critical
6709,132,2025-06-12,BLD301,Low
6710,9,2025-11-01,SNS205,Critical
6711,32,2025-06-22,BRK501,Critical
6712,38,2025-11-09,GEN401,High
6713,102,2025-09-25,GBX101,Critical
6714,11,2025-02-14,GEN401,High
6715,115,2025-10-09,GBX101,Critical
6716,13,2025-03-25,GEN401,Low
6717,25,2025-07-29,BLD301,Critical
6718,2,2025-04-15,BRK501,Critical
6719,104,2025-02-17,SNS205,High
6720,121,2025-10-25,GBX101,Critical
6721,71,2025-01-17,BLD301,Medium
6722,116,2025-03-01,GBX101,Low
6723,128,2025-05-28,GBX101,Critical
6724,49,2025-04-09,SNS205,Medium
6725,6,2025-09-28,BLD301,Low
6726,83,2025-04-27,GEN401,High
6727,55,2025-09-03,BRK501,Medium
6728,38,2025-11-24,BLD301,High
6729,127,2025-10-15,GEN401,Low
6730,6,2025-05-05,GBX101,Low
6731,88,2025-11-30,BLD301,Low
6732,69,2025-02-21,SNS205,Low
6733,150,2025-12-19,GEN401,Medium
6734,23,2025-08-30,GEN401,Medium
6735,125,2025-11-12,BLD301,Low
6736,76,2025-04-08,BRK501,High
6737,56,2025-02-01,BRK501,Critical
6738,49,2025-11-05,BLD301,High
6739,140,2025-07-14,GEN401,Low
6740,108,2025-09-02,BRK501,Low
6741,127,2025-06-29,SNS205,Critical
6742,88,2025-09-18,GEN401,Low
6743,13,2025-10-09,GEN401,High
6744,79,2025-05-21,BLD301,High
6745,107,2025-03-23,GBX101,Medium
6746,42,2025-11-21,GEN401,Low
6747,88,2025-02-17,SNS205,Critical
6748,34,2025-03-17,BLD301,Critical
6749,69,2025-07-25,SNS205,High
6750,128,2025-07-18,BRK501,Low
6751,50,2025-11-01,GEN401,High
6752,53,2025-12-26,BLD301,Low
6753,123,2025-07-16,BRK501,Low
6754,20,2025-06-06,BRK501,Medium
6755,104,2025-01-06,GEN401,Medium
6756,65,2025-04-05,SNS205,Medium
6757,65,2025-06-18,BLD301,Medium
6758,93,2025-05-19,GEN401,Low
6759,5,2025-01-10,SNS205,Low
6760,8,2025-11-07,BLD301,Critical
6761,110,2025-03-16,BRK501,Critical
6762,46,2025-03-10,GBX101,High
6763,139,2025-11-11,BLD301,High
6764,126,2025-10-12,SNS205,Low
6765,109,2025-12-07,GBX101,Low
6766,142,2025-09-02,SNS205,Critical
6767,129,2025-02-28,GBX101,Low
6768,97,2025-01-20,GBX101,Low
6769,66,2025-04-13,BLD301,High
6770,148,2025-09-25,SNS205,High
6771,4,2025-02-04,BRK501,Low
6772,19,2025-07-22,GBX101,Medium
6773,139,2025-06-17,BLD301,High
6774,112,2025-01-15,GEN401,Critical
6775,150,2025-11-21,GBX101,High
6776,131,2025-04-15,GEN401,Low
6777,131,2025-02-18,BRK501,Medium
6778,98,2025-04-25,SNS205,Medium
6779,71,2025-10-05,BLD301,High
6780,122,2025-05-03,GEN401,High
6781,54,2025-04-06,GBX101,Low
6782,102,2025-02-15,BLD301,Low
6783,96,2025-12-30,BRK501,Critical
6784,93,2025-12-08,BLD301,Medium
6785,21,2025-12-09,SNS205,Low
6786,112,2025-01-29,BLD301,Critical
6787,95,2025-12-12,BRK501,Low
6788,65,2025-01-02,BRK501,Low
6789,44,2025-03-07,GBX101,Low
6790,60,2025-10-24,GEN401,High
6791,58,2025-10-04,GEN401,High
6792,17,2025-12-20,BRK501,Critical
6793,40,2025-08-25,GBX101,Critical
6794,146,2025-04-28,GBX101,Low
6795,39,2025-11-22,SNS205,Medium
6796,13,2025-03-08,GBX101,High
6797,26,2025-04-18,GBX101,Low
6798,149,2025-12-19,BRK501,Critical
6799,121,2025-07-30,GBX101,Medium
6800,11,2025-07-10,GEN401,Critical
6801,93,2025-01-31,GEN401,Critical
6802,139,2025-06-21,BRK501,Medium
6803,31,2025-01-15,GEN401,Medium
6804,59,2025-07-18,BLD301,High
6805,100,2025-01-20,GBX101,Low
6806,142,2025-10-28,BLD301,Low
6807,133,2025-08-08,BLD301,High
6808,88,2025-03-22,GBX101,High
6809,97,2025-02-21,GBX101,Critical
6810,53,2025-08-20,SNS205,Critical
6811,88,2025-01-15,GEN401,Medium
6812,13,2025-08-16,SNS205,Critical
6813,150,2025-07-18,GEN401,Critical
6814,110,2025-08-15,BRK501,Low
6815,72,2025-10-30,GEN401,Medium
6816,92,2025-09-03,GBX101,Medium
6817,146,2025-03-30,BRK501,High
6818,71,2025-02-09,GBX101,High
6819,93,2025-10-16,GEN401,Low
6820,85,2025-03-22,GEN401,High
6821,145,2025-12-02,SNS205,Critical
6822,34,2025-05-23,BRK501,Low
6823,33,2025-09-29,GBX101,Low
6824,96,2025-12-14,SNS205,Medium
6825,72,2025-05-02,GEN401,Low
6826,80,2025-09-11,GBX101,High
6827,65,2025-05-09,SNS205,Critical
6828,12,2025-08-25,BRK501,Low
6829,42,2025-10-16,BRK501,High
6830,125,2025-02-09,GBX101,Medium
6831,81,2025-02-11,GEN401,Low
6832,84,2025-06-24,SNS205,Critical
6833,140,2025-04-29,BLD301,High
6834,136,2025-02-12,SNS205,Medium
6835,149,2025-07-25,GEN401,High
6836,81,2025-07-07,BRK501,Low
6837,52,2025-02-04,GBX101,High
6838,140,2025-05-19,GBX101,Low
6839,58,2025-08-26,GBX101,High
6840,101,2025-03-08,GBX101,High
6841,77,2025-01-08,BLD301,Low
6842,32,2025-02-06,BLD301,Low
6843,36,2025-11-18,GBX101,High
6844,126,2025-08-13,BLD301,High
6845,94,2025-10-12,SNS205,Critical
6846,25,2025-05-19,SNS205,Medium
6847,58,2025-08-10,BLD301,Critical
6848,61,2025-08-19,BLD301,Low
6849,12,2025-12-19,BLD301,Critical
6850,126,2025-03-14,GEN401,Critical
6851,123,2025-07-03,SNS205,Low
6852,55,2025-09-17,GBX101,Low
6853,39,2025-03-15,GEN401,Medium
6854,3,2025-12-01,GEN401,Medium
6855,85,2025-03-10,GBX101,Low
6856,16,2025-03-27,GBX101,Low
6857,128,2025-11-03,BLD301,Critical
6858,31,2025-03-18,GBX101,Low
6859,72,2025-10-20,SNS205,Medium
6860,9,2025-03-26,GBX101,Low
6861,53,2025-07-17,SNS205,High
6862,73,2025-09-21,GBX101,Medium
6863,72,2025-01-19,SNS205,High
6864,59,2025-07-13,GBX101,High
6865,25,2025-07-14,BLD301,Low
6866,59,2025-12-11,BRK501,Critical
6867,75,2025-05-05,GEN401,High
6868,87,2025-01-10,SNS205,Critical
6869,94,2025-06-23,GEN401,Medium
6870,73,2025-05-23,BLD301,Critical
6871,119,2025-05-03,SNS205,Low
6872,121,2025-03-24,BRK501,High
6873,87,2025-09-16,BLD301,Low
6874,42,2025-01-16,BLD301,Low
6875,36,2025-03-16,BRK501,Medium
6876,58,2025-11-18,BLD301,High
6877,23,2025-02-19,GBX101,High
6878,49,2025-10-23,GEN401,High
6879,146,2025-01-12,GBX101,High
6880,24,2025-05-03,GEN401,Low
6881,126,2025-03-15,BRK501,High
6882,71,2025-06-19,BRK501,High
6883,78,2025-05-04,GBX101,Critical
6884,32,2025-08-27,BRK501,Medium
6885,56,2025-01-24,GEN401,Medium
6886,61,2025-04-06,SNS205,High
6887,123,2025-11-04,SNS205,Low
6888,54,2025-07-17,BLD301,High
6889,23,2025-09-23,BLD301,Medium
6890,144,2025-07-05,GEN401,Critical
6891,135,2025-12-01,GEN401,Low
6892,80,2025-10-11,BRK501,Critical
6893,149,2025-01-17,BRK501,High
6894,133,2025-05-23,GBX101,High
6895,134,2025-01-10,GEN401,Low
6896,31,2025-10-09,BLD301,Medium
6897,127,2025-03-08,BLD301,Critical
6898,46,2025-03-21,GBX101,Critical
6899,58,2025-12-21,BRK501,Medium
6900,3,2025-07-31,GBX101,Low
6901,59,2025-09-07,SNS205,Critical
6902,121,2025-02-21,BRK501,Low
6903,141,2025-06-27,BRK501,High
6904,32,2025-06-27,SNS205,Critical
6905,34,2025-08-19,GEN401,Low
6906,118,2025-11-24,SNS205,Critical
6907,70,2025-11-14,GBX101,Medium
6908,8,2025-04-24,BLD301,Critical
6909,58,2025-03-06,BLD301,Low
6910,35,2025-06-26,GEN401,Critical
6911,70,2025-12-24,GEN401,High
6912,114,2025-05-10,GEN401,High
6913,111,2025-04-24,BRK501,Medium
6914,102,2025-12-19,GBX101,Critical
6915,103,2025-01-16,SNS205,Medium
6916,132,2025-04-27,GBX101,Critical
6917,29,2025-12-17,GBX101,High
6918,86,2025-04-23,GEN401,High
6919,86,2025-06-26,SNS205,Medium
6920,35,2025-08-30,BLD301,Medium
6921,124,2025-06-06,SNS205,Critical
6922,133,2025-03-11,GBX101,Medium
6923,31,2025-10-25,BLD301,Medium
6924,49,2025-01-26,GBX101,Low
6925,85,2025-05-24,BRK501,Low
6926,2,2025-06-07,BLD301,Low
6927,141,2025-08-16,BRK501,Low
6928,28,2025-02-05,BLD301,Low
6929,102,2025-03-16,BLD301,Medium
6930,92,2025-10-26,SNS205,Critical
6931,86,2025-01-05,SNS205,Critical
6932,19,2025-11-07,BRK501,High
6933,124,2025-09-13,SNS205,Medium
6934,17,2025-08-01,SNS205,High
6935,136,2025-03-20,GBX101,Medium
6936,2,2025-03-14,GBX101,High
6937,146,2025-10-14,SNS205,Medium
6938,108,2025-06-20,GBX101,Medium
6939,22,2025-03-17,GEN401,Critical
6940,34,2025-10-14,GBX101,Critical
6941,124,2025-04-22,BLD301,Medium
6942,58,2025-06-27,GBX101,High
6943,54,2025-08-09,GBX101,Low
6944,8,2025-09-08,BRK501,Medium
6945,145,2025-07-17,BLD301,High
6946,131,2025-08-25,SNS205,Low
6947,103,2025-03-03,BRK501,High
6948,16,2025-02-28,SNS205,Critical
6949,130,2025-07-07,GBX101,Critical
6950,106,2025-02-10,BRK501,Low
6951,107,2025-10-14,SNS205,High
6952,3,2025-08-13,BLD301,Low
6953,49,2025-12-07,SNS205,Medium
6954,74,2025-08-04,GEN401,Medium
6955,94,2025-11-16,BRK501,High
6956,32,2025-05-06,SNS205,Medium
6957,55,2025-12-06,GBX101,Critical
6958,29,2025-01-19,GBX101,Low
6959,128,2025-07-03,BLD301,Critical
6960,135,2025-10-30,GEN401,Medium
6961,95,2025-03-29,SNS205,High
6962,64,2025-10-17,BRK501,Medium
6963,89,2025-07-08,GEN401,Critical
6964,18,2025-06-10,SNS205,Medium
6965,25,2025-02-15,BLD301,Medium
6966,41,2025-06-19,GEN401,Medium
6967,121,2025-08-17,GBX101,Low
6968,85,2025-05-28,BLD301,Low
6969,116,2025-01-05,SNS205,Critical
6970,95,2025-02-01,GEN401,High
6971,132,2025-06-12,BRK501,Medium
6972,111,2025-04-21,GBX101,Critical
6973,84,2025-04-17,BRK501,Medium
6974,1,2025-01-18,BLD301,Low
6975,64,2025-01-24,GBX101,Medium
6976,4,2025-01-16,BLD301,Low
6977,7,2025-09-16,GEN401,High
6978,3,2025-02-25,SNS205,Medium
6979,57,2025-01-03,SNS205,Low
6980,8,2025-09-15,GBX101,Medium
6981,98,2025-04-10,BRK501,Low
6982,35,2025-07-13,BLD301,High
6983,1,2025-11-15,GEN401,Medium
6984,16,2025-11-12,GBX101,Critical
6985,114,2025-10-09,SNS205,Medium
6986,85,2025-06-12,GEN401,Low
6987,134,2025-04-16,BLD301,Medium
6988,104,2025-11-13,SNS205,High
6989,70,2025-09-04,GEN401,High
6990,125,2025-08-26,SNS205,Medium
6991,82,2025-02-08,BRK501,High
6992,144,2025-03-08,BRK501,High
6993,69,2025-05-20,GBX101,Critical
6994,72,2025-01-14,BLD301,High
6995,76,2025-08-29,BRK501,High
6996,66,2025-04-12,GBX101,Critical
6997,33,2025-08-10,GEN401,Critical
6998,27,2025-08-01,GBX101,Critical
6999,123,2025-01-29,BLD301,High
7000,117,2025-10-26,GEN401,Critical
7001,80,2025-08-23,GEN401,Critical
7002,69,2025-11-22,BLD301,Low
7003,98,2025-06-04,GEN401,Medium
7004,64,2025-02-19,BRK501,Medium
7005,149,2025-08-03,GBX101,Critical
7006,48,2025-01-01,GEN401,High
7007,13,2025-05-31,GBX101,High
7008,62,2025-11-22,GEN401,High
7009,73,2025-05-20,GEN401,Critical
7010,58,2025-08-19,GEN401,Medium
7011,147,2025-01-26,SNS205,Medium
7012,111,2025-04-10,BLD301,High
7013,72,2025-04-03,BRK501,High
7014,126,2025-12-09,SNS205,Critical
7015,128,2025-10-07,GEN401,Medium
7016,9,2025-07-30,GEN401,Low
7017,77,2025-04-07,BRK501,Critical
7018,22,2025-12-22,BRK501,High
7019,50,2025-06-14,BRK501,Low
7020,3,2025-08-29,BRK501,High
7021,119,2025-05-28,GEN401,High
7022,83,2025-02-12,GBX101,Critical
7023,39,2025-12-14,BRK501,High
7024,34,2025-09-25,SNS205,Critical
7025,150,2025-02-05,GEN401,Low
7026,56,2025-05-14,BRK501,Medium
7027,134,2025-07-31,SNS205,Low
7028,4,2025-04-30,GEN401,High
7029,60,2025-09-05,BLD301,Critical
7030,64,2025-03-12,BLD301,Low
7031,95,2025-05-03,GBX101,Medium
7032,58,2025-05-06,BLD301,High
7033,21,2025-01-01,BLD301,Medium
7034,122,2025-11-06,GEN401,Low
7035,107,2025-09-02,GBX101,Medium
7036,19,2025-02-25,GBX101,Medium
7037,127,2025-07-04,GBX101,Medium
7038,31,2025-02-06,BLD301,Low
7039,125,2025-07-10,SNS205,Critical
7040,98,2025-11-06,BLD301,High
7041,33,2025-06-04,BLD301,Low
7042,78,2025-03-23,SNS205,Low
7043,14,2025-11-01,BLD301,Critical
7044,100,2025-05-06,BLD301,Critical
7045,64,2025-09-11,BLD301,High
7046,63,2025-12-09,GBX101,Medium
7047,45,2025-02-15,BLD301,Low
7048,11,2025-09-24,GBX101,Critical
7049,18,2025-11-19,BRK501,Medium
7050,82,2025-06-23,BLD301,Critical
7051,147,2025-01-23,GBX101,Low
7052,92,2025-05-16,GEN401,High
7053,47,2025-07-14,GEN401,High
7054,1,2025-01-18,BLD301,Critical
7055,133,2025-02-24,GEN401,Low
7056,14,2025-07-14,SNS205,Low
7057,43,2025-03-05,BLD301,Low
7058,43,2025-05-17,GEN401,Medium
7059,26,2025-09-26,BRK501,High
7060,48,2025-01-21,GEN401,Medium
7061,146,2025-03-23,GEN401,Critical
7062,24,2025-01-22,BLD301,Low
7063,41,2025-07-23,BRK501,Medium
7064,131,2025-02-16,SNS205,Medium
7065,26,2025-03-14,SNS205,Low
7066,64,2025-04-09,SNS205,High
7067,55,2025-03-18,BRK501,Medium
7068,129,2025-09-19,BLD301,Medium
7069,93,2025-11-22,GEN401,Low
7070,76,2025-10-27,BRK501,Low
7071,47,2025-03-28,BLD301,Low
7072,136,2025-11-09,GBX101,Medium
7073,26,2025-06-06,GBX101,Critical
7074,68,2025-12-17,GBX101,High
7075,110,2025-04-03,BLD301,Critical
7076,79,2025-08-15,GBX101,High
7077,54,2025-06-14,SNS205,Low
7078,38,2025-10-10,BRK501,Medium
7079,58,2025-10-12,GEN401,High
7080,142,2025-08-14,SNS205,Medium
7081,125,2025-09-10,GEN401,Low
7082,138,2025-03-22,GBX101,High
7083,78,2025-04-28,GEN401,Critical
7084,9,2025-05-05,SNS205,Low
7085,61,2025-08-31,SNS205,High
7086,26,2025-04-09,GBX101,Critical
7087,144,2025-01-30,BLD301,Critical
7088,97,2025-11-14,SNS205,Medium
7089,91,2025-01-20,GEN401,Low
7090,139,2025-08-28,SNS205,High
7091,49,2025-05-28,SNS205,Critical
7092,19,2025-02-07,GBX101,Critical
7093,18,2025-11-06,GEN401,Low
7094,52,2025-08-11,BLD301,High
7095,78,2025-06-17,SNS205,Low
7096,15,2025-09-13,GBX101,Low
7097,56,2025-01-07,GEN401,High
7098,78,2025-10-15,GEN401,Critical
7099,56,2025-11-01,GEN401,High
7100,13,2025-01-27,SNS205,Critical
7101,96,2025-07-23,BRK501,Critical
7102,52,2025-09-07,GEN401,High
7103,87,2025-10-27,SNS205,Medium
7104,141,2025-01-01,GBX101,Low
7105,130,2025-01-22,BRK501,Low
7106,133,2025-06-14,SNS205,High
7107,45,2025-09-03,BLD301,Medium
7108,143,2025-10-05,SNS205,Critical
7109,112,2025-05-29,SNS205,Critical
7110,6,2025-04-16,SNS205,Critical
7111,35,2025-02-04,SNS205,Medium
7112,21,2025-11-16,BLD301,Critical
7113,11,2025-11-19,GEN401,Medium
7114,17,2025-12-03,GBX101,Critical
7115,28,2025-10-21,GEN401,High
7116,98,2025-01-24,GBX101,Medium
7117,145,2025-10-17,BLD301,Critical
7118,119,2025-11-02,BRK501,Medium
7119,124,2025-04-21,SNS205,High
7120,147,2025-08-08,SNS205,Critical
7121,127,2025-07-03,BRK501,Critical
7122,86,2025-04-15,BRK501,Medium
7123,120,2025-11-01,SNS205,High
7124,107,2025-03-19,SNS205,High
7125,127,2025-10-26,SNS205,High
7126,16,2025-07-05,GBX101,Low
7127,90,2025-10-12,GEN401,Medium
7128,72,2025-10-29,BRK501,Medium
7129,127,2025-02-11,BLD301,High
7130,91,2025-07-05,GEN401,Medium
7131,69,2025-03-08,BRK501,High
7132,93,2025-01-04,SNS205,High
7133,1,2025-07-18,GEN401,Low
7134,32,2025-09-06,SNS205,Medium
7135,131,2025-06-10,BRK501,Medium
7136,48,2025-07-22,BLD301,Critical
7137,10,2025-05-30,SNS205,Low
7138,103,2025-02-19,BLD301,High
7139,30,2025-04-30,BRK501,Low
7140,68,2025-04-09,GEN401,Low
7141,88,2025-11-29,GBX101,High
7142,141,2025-08-16,GEN401,Medium
7143,81,2025-04-15,BLD301,Critical
7144,100,2025-06-03,SNS205,Critical
7145,24,2025-12-20,BRK501,Low
7146,41,2025-02-05,GEN401,Medium
7147,67,2025-09-17,GBX101,High
7148,27,2025-11-01,BLD301,High
7149,84,2025-10-30,BRK501,Critical
7150,99,2025-07-28,GEN401,Medium
7151,16,2025-11-22,GBX101,Medium
7152,124,2025-04-15,BLD301,Low
7153,8,2025-03-16,GEN401,Low
7154,51,2025-08-11,SNS205,High
7155,106,2025-04-19,BRK501,Low
7156,140,2025-07-24,SNS205,Critical
7157,146,2025-02-18,GEN401,Critical
7158,104,2025-01-28,BLD301,High
7159,146,2025-02-03,SNS205,Critical
7160,150,2025-05-23,GEN401,Low
7161,69,2025-03-19,BRK501,Medium
7162,69,2025-08-01,BRK501,Critical
7163,28,2025-07-15,BLD301,Low
7164,87,2025-01-10,SNS205,Critical
7165,108,2025-01-25,GBX101,High
7166,90,2025-10-02,BRK501,Medium
7167,77,2025-01-01,GBX101,Medium
7168,104,2025-07-05,GBX101,Medium
7169,106,2025-07-21,BLD301,Medium
7170,58,2025-11-26,GEN401,Low
7171,75,2025-11-17,BLD301,Critical
7172,98,2025-02-28,SNS205,Critical
7173,95,2025-03-14,BRK501,Low
7174,25,2025-02-01,BRK501,Medium
7175,7,2025-01-21,BLD301,High
7176,134,2025-03-30,GBX101,Medium
7177,28,2025-06-21,GBX101,Medium
7178,87,2025-09-01,BLD301,Low
7179,91,2025-11-21,GBX101,High
7180,45,2025-10-03,BLD301,Critical
7181,102,2025-05-11,GEN401,Low
7182,68,2025-05-05,BLD301,Critical
7183,52,2025-06-15,GBX101,Critical
7184,146,2025-07-27,BLD301,High
7185,72,2025-10-06,SNS205,High
7186,60,2025-05-10,SNS205,Critical
7187,114,2025-07-01,BRK501,Medium
7188,144,2025-01-06,BRK501,Critical
7189,78,2025-08-20,BLD301,Critical
7190,110,2025-02-10,GBX101,Critical
7191,12,2025-09-29,SNS205,Critical
7192,42,2025-12-23,BLD301,Medium
7193,33,2025-04-09,BRK501,High
7194,119,2025-02-09,GEN401,Low
7195,79,2025-03-04,GEN401,High
7196,134,2025-12-09,GEN401,High
7197,37,2025-04-13,BLD301,Critical
7198,48,2025-05-13,GEN401,Medium
7199,150,2025-06-23,BLD301,Critical
7200,95,2025-12-08,BRK501,Critical
7201,85,2025-07-04,SNS205,Medium
7202,102,2025-06-13,BLD301,Critical
7203,34,2025-05-07,BLD301,Medium
7204,59,2025-01-20,BLD301,Medium
7205,94,2025-02-16,BRK501,Critical
7206,113,2025-08-19,GBX101,High
7207,17,2025-01-20,BLD301,High
7208,77,2025-08-17,GBX101,Medium
7209,112,2025-02-01,SNS205,Medium
7210,71,2025-02-15,GBX101,High
7211,4,2025-03-17,BRK501,Medium
7212,20,2025-10-22,BLD301,Medium
7213,20,2025-06-16,GBX101,Low
7214,75,2025-02-26,BRK501,Critical
7215,62,2025-03-26,BLD301,Critical
7216,37,2025-01-10,GEN401,Critical
7217,15,2025-11-18,GBX101,Low
7218,88,2025-11-08,BLD301,Critical
7219,37,2025-10-31,SNS205,Critical
7220,49,2025-12-30,BLD301,Medium
7221,78,2025-05-28,SNS205,Critical
7222,112,2025-12-04,BLD301,Critical
7223,84,2025-08-17,GBX101,Critical
7224,110,2025-02-04,GEN401,High
7225,55,2025-07-01,BRK501,Low
7226,94,2025-05-02,GBX101,Medium
7227,12,2025-01-07,BLD301,High
7228,59,2025-12-19,BLD301,Critical
7229,125,2025-07-22,BRK501,Critical
7230,4,2025-12-29,BRK501,Medium
7231,72,2025-04-26,BRK501,Low
7232,55,2025-09-25,GBX101,Critical
7233,104,2025-07-03,GEN401,Low
7234,64,2025-06-30,GBX101,Low
7235,21,2025-03-21,BLD301,High
7236,102,2025-05-31,SNS205,Low
7237,130,2025-06-19,SNS205,Medium
7238,67,2025-06-27,GBX101,Low
7239,99,2025-04-13,GEN401,High
7240,97,2025-07-13,GEN401,Low
7241,21,2025-01-03,BLD301,Low
7242,89,2025-11-01,BRK501,High
7243,39,2025-06-04,GEN401,High
7244,42,2025-08-20,GBX101,Critical
7245,98,2025-03-24,GEN401,Critical
7246,116,2025-02-12,SNS205,Low
7247,62,2025-04-13,BRK501,Low
7248,109,2025-04-16,BRK501,High
7249,17,2025-11-05,GEN401,High
7250,26,2025-10-04,GBX101,Low
7251,97,2025-11-02,GBX101,Critical
7252,76,2025-05-16,BLD301,High
7253,60,2025-12-11,SNS205,Critical
7254,9,2025-10-03,GEN401,Low
7255,95,2025-04-15,SNS205,Medium
7256,59,2025-02-01,BRK501,High
7257,100,2025-09-17,GBX101,Critical
7258,15,2025-08-12,BRK501,High
7259,69,2025-08-07,SNS205,Critical
7260,31,2025-11-20,BLD301,High
7261,35,2025-09-20,GBX101,High
7262,59,2025-02-23,GEN401,Low
7263,138,2025-11-11,BRK501,Critical
7264,139,2025-06-23,BLD301,Low
7265,142,2025-02-03,GEN401,High
7266,80,2025-04-08,BLD301,Low
7267,50,2025-12-20,GBX101,Low
7268,39,2025-01-17,BRK501,High
7269,97,2025-01-06,BRK501,Low
7270,32,2025-11-20,GEN401,High
7271,101,2025-07-29,BLD301,Medium
7272,65,2025-06-27,GBX101,Medium
7273,67,2025-09-12,GEN401,Critical
7274,103,2025-10-29,BLD301,Critical
7275,65,2025-05-21,SNS205,High
7276,67,2025-01-13,GEN401,High
7277,135,2025-08-16,BLD301,Low
7278,136,2025-06-13,SNS205,Low
7279,51,2025-09-13,GBX101,Critical
7280,118,2025-09-19,GEN401,Critical
7281,45,2025-05-03,SNS205,High
7282,107,2025-03-20,BLD301,Critical
7283,140,2025-02-03,GBX101,High
7284,5,2025-03-19,BLD301,Critical
7285,41,2025-05-22,GEN401,Critical
7286,105,2025-03-25,BRK501,Critical
7287,60,2025-01-28,BLD301,High
7288,43,2025-03-16,BRK501,Critical
7289,149,2025-08-31,BRK501,Medium
7290,25,2025-11-14,GEN401,High
7291,59,2025-05-03,BLD301,Medium
7292,24,2025-12-16,BLD301,Low
7293,141,2025-05-16,BLD301,Critical
7294,124,2025-12-16,GEN401,High
7295,73,2025-03-01,BRK501,Critical
7296,92,2025-03-13,GEN401,Low
7297,13,2025-06-10,GBX101,Critical
7298,109,2025-04-16,GEN401,Low
7299,19,2025-02-04,SNS205,Critical
7300,72,2025-05-30,BRK501,Low
7301,123,2025-05-07,BLD301,High
7302,135,2025-03-10,GBX101,Low
7303,133,2025-09-11,GBX101,High
7304,144,2025-04-04,BLD301,Critical
7305,56,2025-12-16,BLD301,Critical
7306,111,2025-05-30,SNS205,Critical
7307,62,2025-12-08,SNS205,Low
7308,144,2025-10-08,SNS205,Critical
7309,149,2025-05-14,GEN401,High
7310,142,2025-05-05,BRK501,High
7311,96,2025-07-21,BLD301,Low
7312,22,2025-07-20,BLD301,Low
7313,123,2025-10-03,BRK501,High
7314,85,2025-09-30,GEN401,Low
7315,8,2025-07-03,BLD301,Medium
7316,108,2025-10-31,BRK501,Low
7317,50,2025-10-10,GEN401,High
7318,46,2025-10-19,BLD301,Medium
7319,114,2025-01-14,GBX101,High
7320,86,2025-04-10,BRK501,Low
7321,2,2025-02-28,GEN401,High
7322,36,2025-08-16,BRK501,Low
7323,11,2025-06-23,GEN401,Critical
7324,117,2025-02-17,BRK501,High
7325,38,2025-01-26,GEN401,Medium
7326,33,2025-02-24,BRK501,High
7327,144,2025-09-17,SNS205,Medium
7328,89,2025-01-31,SNS205,Low
7329,98,2025-01-16,BLD301,Critical
7330,131,2025-12-26,GBX101,Critical
7331,45,2025-10-12,GBX101,Medium
7332,136,2025-03-24,BLD301,High
7333,118,2025-01-11,GEN401,Critical
7334,47,2025-11-06,GBX101,Low
7335,124,2025-09-06,BLD301,Low
7336,46,2025-08-04,GEN401,Critical
7337,71,2025-03-13,BLD301,Medium
7338,24,2025-11-16,BLD301,Medium
7339,102,2025-10-10,GBX101,High
7340,64,2025-11-16,SNS205,Low
7341,15,2025-06-09,GBX101,Critical
7342,131,2025-02-03,BRK501,Low
7343,54,2025-04-21,GBX101,Low
7344,5,2025-08-05,SNS205,Medium
7345,62,2025-06-07,SNS205,High
7346,73,2025-12-12,SNS205,Critical
7347,70,2025-06-30,GBX101,Critical
7348,133,2025-05-04,SNS205,Critical
7349,49,2025-05-26,BRK501,Critical
7350,62,2025-06-26,SNS205,Critical
7351,70,2025-06-18,GBX101,Critical
7352,88,2025-01-03,GBX101,Low
7353,13,2025-10-08,BRK501,Medium
7354,140,2025-02-09,BLD301,Critical
7355,123,2025-12-20,SNS205,Low
7356,128,2025-11-17,BRK501,High
7357,61,2025-06-20,BRK501,Medium
7358,117,2025-03-14,BLD301,Medium
7359,82,2025-08-23,SNS205,Low
7360,84,2025-01-17,BRK501,Low
7361,83,2025-09-28,BRK501,Medium
7362,40,2025-07-24,BRK501,Low
7363,29,2025-05-08,GBX101,Medium
7364,103,2025-09-07,GEN401,Medium
7365,88,2025-11-30,BLD301,Low
7366,63,2025-04-24,BLD301,High
7367,148,2025-08-01,BRK501,Low
7368,130,2025-07-04,BLD301,Critical
7369,7,2025-12-30,BRK501,Medium
7370,72,2025-04-02,BLD301,Medium
7371,113,2025-06-30,BRK501,Critical
7372,142,2025-02-14,BLD301,Medium
7373,43,2025-02-06,GBX101,High
7374,135,2025-09-17,GEN401,Critical
7375,129,2025-08-10,BRK501,Critical
7376,123,2025-09-18,BLD301,Low
7377,73,2025-09-15,BLD301,High
7378,67,2025-10-10,BRK501,Critical
7379,130,2025-10-15,BRK501,Critical
7380,86,2025-04-06,BRK501,Medium
7381,70,2025-07-08,BRK501,Critical
7382,39,2025-11-06,GEN401,Medium
7383,47,2025-04-02,GBX101,Low
7384,4,2025-06-26,BRK501,Medium
7385,104,2025-12-17,GBX101,Low
7386,88,2025-10-20,GBX101,Critical
7387,25,2025-12-19,BRK501,Low
7388,83,2025-05-31,SNS205,Medium
7389,6,2025-05-12,SNS205,Low
7390,89,2025-12-16,GEN401,Critical
7391,73,2025-05-23,BRK501,Critical
7392,119,2025-02-11,SNS205,Critical
7393,11,2025-01-05,BRK501,Medium
7394,4,2025-08-19,BLD301,Medium
7395,4,2025-04-13,SNS205,Low
7396,95,2025-12-07,BRK501,Critical
7397,129,2025-04-27,GEN401,High
7398,15,2025-08-11,GBX101,Medium
7399,5,2025-01-26,GBX101,Low
7400,93,2025-08-04,BRK501,Medium
7401,110,2025-01-14,SNS205,Low
7402,25,2025-01-15,SNS205,Medium
7403,19,2025-06-12,SNS205,Low
7404,140,2025-11-26,BRK501,Medium
7405,111,2025-11-04,GBX101,Medium
7406,136,2025-03-17,SNS205,Low
7407,70,2025-11-20,GEN401,Critical
7408,149,2025-02-15,BRK501,Critical
7409,67,2025-05-08,SNS205,Medium
7410,51,2025-04-09,GEN401,High
7411,34,2025-09-17,BRK501,Critical
7412,55,2025-11-16,GEN401,Critical
7413,141,2025-05-11,GBX101,Critical
7414,146,2025-02-27,BRK501,High
7415,14,2025-09-30,GEN401,Critical
7416,28,2025-03-07,GEN401,High
7417,83,2025-04-26,GEN401,High
7418,92,2025-01-18,GBX101,Critical
7419,98,2025-03-01,SNS205,Low
7420,27,2025-01-15,SNS205,Critical
7421,79,2025-01-13,BRK501,Medium
7422,16,2025-03-06,SNS205,Medium
7423,67,2025-12-06,GBX101,High
7424,58,2025-11-17,GEN401,High
7425,150,2025-07-17,BLD301,Low
7426,106,2025-01-07,GBX101,Low
7427,17,2025-03-22,BLD301,Critical
7428,58,2025-04-10,SNS205,Low
7429,73,2025-12-16,BRK501,Medium
7430,53,2025-07-07,SNS205,Low
7431,117,2025-10-11,GEN401,High
7432,99,2025-03-13,GBX101,Medium
7433,68,2025-08-04,GBX101,Critical
7434,12,2025-08-11,SNS205,High
7435,50,2025-08-17,BLD301,Medium
7436,140,2025-01-08,GEN401,Low
7437,1,2025-07-29,GBX101,Critical
7438,134,2025-06-15,BLD301,Critical
7439,24,2025-03-30,SNS205,Medium
7440,9,2025-03-24,BRK501,Low
7441,28,2025-12-28,BRK501,Critical
7442,52,2025-12-13,BRK501,Medium
7443,18,2025-06-04,BLD301,Medium
7444,101,2025-09-11,GBX101,Low
7445,110,2025-04-18,SNS205,Low
7446,19,2025-08-14,GEN401,High
7447,33,2025-05-17,GEN401,Medium
7448,9,2025-04-20,BRK501,Low
7449,63,2025-03-24,GBX101,Critical
7450,138,2025-05-11,BLD301,Medium
7451,101,2025-06-06,GEN401,Medium
7452,130,2025-10-26,SNS205,Critical
7453,75,2025-07-14,GEN401,High
7454,8,2025-01-11,BRK501,Low
7455,9,2025-02-19,GBX101,Low
7456,112,2025-06-20,SNS205,Medium
7457,23,2025-11-21,SNS205,Low
7458,56,2025-08-09,SNS205,Low
7459,47,2025-12-22,BRK501,Critical
7460,116,2025-12-01,GEN401,High
7461,79,2025-05-30,GEN401,Medium
7462,37,2025-02-08,GBX101,Medium
7463,45,2025-04-15,BRK501,High
7464,46,2025-06-02,GEN401,Low
7465,82,2025-05-11,GEN401,Critical
7466,70,2025-12-08,SNS205,Medium
7467,128,2025-02-22,SNS205,Critical
7468,105,2025-02-17,GBX101,Critical
7469,25,2025-09-09,SNS205,Critical
7470,46,2025-06-18,BLD301,Medium
7471,109,2025-01-23,SNS205,Low
7472,75,2025-08-06,GBX101,Low
7473,107,2025-12-06,GBX101,Low
7474,9,2025-03-06,GBX101,Medium
7475,30,2025-06-04,SNS205,Low
7476,142,2025-09-22,BRK501,High
7477,145,2025-11-18,BRK501,Medium
7478,44,2025-02-13,BRK501,Medium
7479,20,2025-02-20,GEN401,Critical
7480,37,2025-07-27,GBX101,Low
7481,64,2025-09-05,GEN401,Critical
7482,120,2025-07-04,BRK501,Medium
7483,78,2025-07-08,BLD301,Medium
7484,117,2025-09-01,BRK501,Low
7485,117,2025-08-17,BLD301,Critical
7486,50,2025-11-08,BLD301,Critical
7487,83,2025-11-26,BLD301,Medium
7488,137,2025-01-27,GBX101,Critical
7489,97,2025-02-15,BRK501,Critical
7490,23,2025-09-24,BLD301,High
7491,65,2025-11-01,GBX101,Critical
7492,57,2025-05-23,SNS205,Critical
7493,83,2025-11-12,BLD301,Low
7494,12,2025-06-07,BLD301,High
7495,38,2025-08-19,GBX101,Low
7496,105,2025-01-10,BRK501,High
7497,129,2025-11-27,BLD301,Critical
7498,136,2025-06-08,BLD301,High
7499,79,2025-05-23,SNS205,Low
7500,104,2025-05-10,SNS205,Critical
7501,109,2025-11-03,BLD301,High
7502,129,2025-06-20,BRK501,High
7503,120,2025-07-17,SNS205,High
7504,95,2025-08-03,BLD301,High
7505,120,2025-01-02,GEN401,High
7506,3,2025-06-08,BRK501,Low
7507,2,2025-08-22,BRK501,Medium
7508,77,2025-08-19,BRK501,Medium
7509,141,2025-04-14,GBX101,Critical
7510,52,2025-02-02,BRK501,Medium
7511,56,2025-02-25,GBX101,High
7512,144,2025-01-23,SNS205,Low
7513,62,2025-01-20,BRK501,Medium
7514,116,2025-04-03,GBX101,High
7515,28,2025-10-21,GEN401,Low
7516,135,2025-08-13,BRK501,Low
7517,46,2025-08-21,BRK501,Medium
7518,101,2025-04-04,GEN401,Medium
7519,82,2025-11-21,BLD301,Medium
7520,47,2025-07-27,GBX101,Low
7521,94,2025-02-08,GEN401,Critical
7522,140,2025-12-26,SNS205,Medium
7523,115,2025-10-20,SNS205,Medium
7524,130,2025-01-31,BRK501,Medium
7525,116,2025-06-04,BLD301,Low
7526,51,2025-08-08,BRK501,High
7527,62,2025-06-09,BRK501,High
7528,139,2025-01-15,BRK501,Low
7529,96,2025-06-07,BLD301,High
7530,52,2025-04-08,GEN401,Critical
7531,89,2025-12-07,BLD301,Low
7532,103,2025-08-19,BLD301,High
7533,65,2025-05-18,BLD301,Critical
7534,99,2025-08-17,GBX101,Medium
7535,115,2025-06-03,BRK501,Medium
7536,36,2025-09-03,SNS205,Critical
7537,8,2025-05-02,BLD301,Medium
7538,149,2025-05-11,SNS205,Medium
7539,140,2025-04-15,BRK501,Medium
7540,114,2025-04-11,BRK501,Critical
7541,55,2025-11-02,GEN401,Critical
7542,133,2025-10-16,GEN401,Critical
7543,70,2025-03-02,GBX101,Critical
7544,56,2025-07-22,SNS205,Low
7545,114,2025-06-09,GEN401,Critical
7546,144,2025-02-06,BLD301,High
7547,132,2025-05-13,GEN401,Medium
7548,66,2025-08-18,SNS205,High
7549,42,2025-08-07,GBX101,Medium
7550,51,2025-09-14,BLD301,High
7551,77,2025-11-21,SNS205,Critical
7552,49,2025-08-15,SNS205,Medium
7553,68,2025-12-19,SNS205,Medium
7554,86,2025-07-07,SNS205,Low
7555,9,2025-10-04,BRK501,Medium
7556,113,2025-12-10,GEN401,High
7557,128,2025-09-29,GEN401,High
7558,128,2025-10-24,SNS205,Medium
7559,31,2025-01-09,GEN401,High
7560,87,2025-11-25,SNS205,Low
7561,14,2025-07-06,BRK501,Medium
7562,39,2025-07-15,SNS205,High
7563,119,2025-12-05,BRK501,Medium
7564,5,2025-02-22,GEN401,High
7565,75,2025-07-20,SNS205,Low
7566,135,2025-06-16,GEN401,Critical
7567,119,2025-01-16,GEN401,Medium
7568,11,2025-11-23,GEN401,High
7569,79,2025-01-07,SNS205,High
7570,43,2025-09-16,GBX101,Medium
7571,5,2025-05-06,GBX101,Low
7572,18,2025-12-08,GEN401,Low
7573,50,2025-08-17,BRK501,High
7574,65,2025-11-25,SNS205,Low
7575,129,2025-09-20,GBX101,Medium
7576,142,2025-12-15,BLD301,Medium
7577,145,2025-04-09,GEN401,Medium
7578,131,2025-01-17,GBX101,Medium
7579,23,2025-05-12,SNS205,Medium
7580,71,2025-01-03,BLD301,Critical
7581,43,2025-09-29,GBX101,Medium
7582,115,2025-08-19,BRK501,High
7583,31,2025-06-24,BLD301,Critical
7584,35,2025-02-17,GBX101,Low
7585,57,2025-04-14,GEN401,High
7586,134,2025-06-09,GEN401,Low
7587,145,2025-05-04,BRK501,High
7588,18,2025-12-03,SNS205,High
7589,3,2025-03-23,BRK501,High
7590,100,2025-09-12,BRK501,Critical
7591,32,2025-06-13,SNS205,Critical
7592,7,2025-04-01,GBX101,High
7593,84,2025-05-04,GBX101,Low
7594,63,2025-06-12,BRK501,Medium
7595,128,2025-09-10,BLD301,High
7596,40,2025-11-14,BRK501,Critical
7597,120,2025-04-08,BRK501,Medium
7598,98,2025-08-17,BRK501,Low
7599,6,2025-06-25,BRK501,High
7600,149,2025-06-24,GEN401,Low
7601,57,2025-11-02,BRK501,Medium
7602,54,2025-01-11,BRK501,Critical
7603,33,2025-07-18,BLD301,Critical
7604,137,2025-07-10,GBX101,Critical
7605,135,2025-11-01,BLD301,Low
7606,92,2025-10-06,GBX101,Medium
7607,106,2025-09-06,GEN401,Medium
7608,132,2025-02-09,GEN401,Low
7609,69,2025-06-13,SNS205,Critical
7610,56,2025-08-18,SNS205,Critical
7611,52,2025-07-03,SNS205,Critical
7612,78,2025-09-04,GEN401,High
7613,100,2025-04-23,GBX101,Critical
7614,12,2025-10-22,BLD301,High
7615,40,2025-07-11,GEN401,Low
7616,35,2025-06-28,BRK501,Medium
7617,8,2025-07-18,GEN401,High
7618,17,2025-12-13,SNS205,Low
7619,60,2025-05-06,BLD301,Critical
7620,84,2025-09-20,BRK501,Critical
7621,100,2025-02-25,GBX101,High
7622,35,2025-07-14,GBX101,High
7623,98,2025-11-08,GBX101,Medium
7624,126,2025-05-14,GBX101,Low
7625,96,2025-04-13,SNS205,Low
7626,79,2025-03-09,GEN401,Critical
7627,44,2025-09-11,GBX101,Critical
7628,59,2025-12-31,GBX101,Low
7629,59,2025-12-14,BLD301,High
7630,9,2025-10-19,GBX101,Critical
7631,144,2025-02-27,GEN401,Critical
7632,70,2025-03-22,BLD301,Low
7633,46,2025-04-03,GEN401,High
7634,67,2025-01-17,BRK501,Low
7635,34,2025-05-03,SNS205,Critical
7636,17,2025-02-23,BLD301,Critical
7637,61,2025-02-15,SNS205,Medium
7638,131,2025-04-09,BLD301,Medium
7639,21,2025-09-04,GEN401,Low
7640,14,2025-10-13,GBX101,Low
7641,98,2025-08-29,BRK501,Low
7642,24,2025-04-17,GBX101,Critical
7643,56,2025-07-28,SNS205,High
7644,64,2025-03-11,GBX101,Medium
7645,56,2025-11-19,GEN401,Critical
7646,132,2025-12-01,SNS205,Medium
7647,2,2025-05-11,BLD301,Critical
7648,26,2025-09-19,BLD301,Medium
7649,19,2025-10-08,BRK501,Low
7650,98,2025-04-30,GBX101,High
7651,63,2025-12-26,GBX101,Critical
7652,28,2025-04-30,BRK501,High
7653,30,2025-01-24,GEN401,Medium
7654,63,2025-03-29,BRK501,High
7655,33,2025-06-20,GEN401,Low
7656,88,2025-03-03,GEN401,Low
7657,33,2025-10-09,BRK501,Medium
7658,44,2025-06-28,SNS205,Critical
7659,99,2025-03-25,GBX101,High
7660,29,2025-04-20,BRK501,Low
7661,7,2025-03-02,GBX101,Critical
7662,135,2025-04-08,BLD301,High
7663,134,2025-02-20,GEN401,Critical
7664,92,2025-06-30,SNS205,High
7665,68,2025-04-13,BRK501,Medium
7666,62,2025-09-21,GBX101,Low
7667,20,2025-09-10,GBX101,Critical
7668,45,2025-05-21,GBX101,Medium
7669,13,2025-05-19,GBX101,Critical
7670,148,2025-07-28,BLD301,High
7671,83,2025-01-21,GBX101,Medium
7672,68,2025-05-01,GEN401,Low
7673,68,2025-08-31,GEN401,Medium
7674,83,2025-12-17,BRK501,Critical
7675,100,2025-04-18,SNS205,Critical
7676,150,2025-03-22,BLD301,High
7677,96,2025-09-22,GEN401,Low
7678,146,2025-06-14,BRK501,Medium
7679,122,2025-09-24,GEN401,High
7680,113,2025-07-25,SNS205,Low
7681,37,2025-03-29,SNS205,Low
7682,37,2025-03-21,BRK501,Critical
7683,134,2025-09-07,SNS205,Critical
7684,84,2025-06-12,GEN401,Medium
7685,102,2025-05-24,SNS205,Critical
7686,59,2025-12-26,GEN401,Critical
7687,51,2025-04-15,BRK501,Medium
7688,99,2025-07-29,BLD301,High
7689,75,2025-12-04,GEN401,Medium
7690,84,2025-08-27,BRK501,Low
7691,48,2025-05-23,BLD301,Medium
7692,7,2025-09-16,GBX101,Low
7693,34,2025-06-19,BRK501,Low
7694,12,2025-09-14,GBX101,Low
7695,122,2025-05-25,GEN401,Low
7696,50,2025-12-17,BRK501,High
7697,129,2025-11-04,GEN401,Low
7698,57,2025-02-28,BLD301,Medium
7699,137,2025-11-03,SNS205,Critical
7700,9,2025-08-22,GBX101,Low
7701,5,2025-02-28,BLD301,High
7702,6,2025-04-16,GEN401,Low
7703,132,2025-04-21,BLD301,High
7704,127,2025-09-05,BLD301,Low
7705,93,2025-04-19,BRK501,Medium
7706,27,2025-07-30,BLD301,Medium
7707,127,2025-10-29,SNS205,Low
7708,107,2025-06-19,SNS205,Medium
7709,148,2025-08-17,SNS205,Critical
7710,115,2025-08-22,BRK501,Low
7711,128,2025-06-02,GEN401,Medium
7712,76,2025-06-19,BRK501,High
7713,74,2025-08-26,GBX101,Low
7714,3,2025-09-07,GEN401,Medium
7715,117,2025-10-29,GBX101,Low
7716,60,2025-03-30,BRK501,Medium
7717,144,2025-08-19,GEN401,Medium
7718,100,2025-01-24,GBX101,Low
7719,120,2025-10-01,SNS205,Critical
7720,118,2025-02-21,GBX101,Critical
7721,126,2025-07-30,BLD301,Low
7722,124,2025-06-25,GBX101,Medium
7723,117,2025-09-29,BLD301,High
7724,10,2025-03-01,GEN401,Critical
7725,46,2025-05-02,GBX101,Critical
7726,64,2025-04-20,BLD301,Critical
7727,50,2025-05-21,GBX101,Critical
7728,86,2025-11-15,GBX101,Medium
7729,76,2025-12-29,BRK501,Low
7730,134,2025-12-18,GBX101,Critical
7731,53,2025-04-02,SNS205,High
7732,116,2025-12-26,GEN401,Medium
7733,88,2025-05-11,BRK501,Low
7734,111,2025-05-01,BLD301,Critical
7735,74,2025-01-21,GEN401,Low
7736,35,2025-03-14,BRK501,High
7737,62,2025-04-13,BLD301,Low
7738,74,2025-12-17,BLD301,Critical
7739,24,2025-01-03,GBX101,High
7740,113,2025-10-19,SNS205,Medium
7741,11,2025-12-05,GBX101,Low
7742,93,2025-04-11,BLD301,Critical
7743,72,2025-09-25,SNS205,Medium
7744,66,2025-07-13,BLD301,High
7745,101,2025-10-05,GBX101,High
7746,88,2025-02-12,GEN401,Critical
7747,86,2025-09-10,BLD301,Low
7748,44,2025-10-31,GEN401,Medium
7749,111,2025-07-10,BRK501,High
7750,66,2025-11-07,SNS205,Low
7751,48,2025-12-26,SNS205,Low
7752,68,2025-06-18,GEN401,High
7753,117,2025-06-01,SNS205,Medium
7754,120,2025-10-18,BRK501,High
7755,140,2025-06-17,SNS205,Critical
7756,45,2025-04-02,GEN401,Medium
7757,117,2025-03-10,BRK501,High
7758,74,2025-11-28,SNS205,Low
7759,65,2025-03-04,GBX101,High
7760,146,2025-02-07,SNS205,Medium
7761,76,2025-11-10,BRK501,Critical
7762,36,2025-10-19,SNS205,High
7763,48,2025-06-29,GEN401,Medium
7764,31,2025-01-06,GBX101,Critical
7765,145,2025-06-02,GEN401,Low
7766,92,2025-03-03,BRK501,Low
7767,130,2025-11-17,BRK501,Low
7768,90,2025-03-22,GBX101,Low
7769,126,2025-04-03,GEN401,Medium
7770,88,2025-09-10,BLD301,Low
7771,50,2025-10-26,BRK501,High
7772,91,2025-01-03,BRK501,Medium
7773,12,2025-09-19,BLD301,Critical
7774,76,2025-12-20,BLD301,Medium
7775,61,2025-07-27,GEN401,High
7776,116,2025-06-10,SNS205,Low
7777,16,2025-09-03,BRK501,High
7778,95,2025-10-12,SNS205,Medium
7779,144,2025-07-03,SNS205,Medium
7780,14,2025-10-06,GEN401,High
7781,143,2025-09-28,GEN401,High
7782,128,2025-12-01,GEN401,High
7783,125,2025-07-26,BRK501,Low
7784,101,2025-12-28,BRK501,Medium
7785,148,2025-11-09,BRK501,Critical
7786,62,2025-09-11,BLD301,Critical
7787,4,2025-06-30,GEN401,Critical
7788,92,2025-12-12,BLD301,Critical
7789,43,2025-01-21,BRK501,Low
7790,92,2025-07-23,BRK501,Low
7791,81,2025-08-10,SNS205,Medium
7792,21,2025-04-07,GEN401,Medium
7793,54,2025-12-20,BRK501,Low
7794,114,2025-04-29,GEN401,Critical
7795,146,2025-06-12,GBX101,High
7796,106,2025-07-07,GBX101,Low
7797,111,2025-09-13,GBX101,Low
7798,125,2025-10-21,GEN401,Medium
7799,35,2025-11-05,SNS205,High
7800,83,2025-06-04,SNS205,High
7801,25,2025-05-16,SNS205,Low
7802,31,2025-12-12,GEN401,Medium
7803,38,2025-07-15,BLD301,Medium
7804,133,2025-08-18,BRK501,Low
7805,139,2025-06-03,GEN401,High
7806,45,2025-09-27,GEN401,Critical
7807,31,2025-05-11,BRK501,Low
7808,57,2025-03-14,BRK501,Medium
7809,15,2025-04-24,GEN401,Low
7810,149,2025-03-27,BLD301,Critical
7811,44,2025-07-23,GEN401,Critical
7812,32,2025-09-10,BRK501,Low
7813,126,2025-02-01,BLD301,High
7814,57,2025-03-15,BLD301,Medium
7815,27,2025-02-25,SNS205,High
7816,45,2025-07-18,BLD301,Low
7817,68,2025-05-24,BLD301,Medium
7818,138,2025-11-16,SNS205,Critical
7819,107,2025-03-30,BLD301,Critical
7820,86,2025-03-29,BRK501,Low
7821,89,2025-08-24,SNS205,Medium
7822,13,2025-09-04,GEN401,Medium
7823,87,2025-09-26,BLD301,Medium
7824,37,2025-12-05,GBX101,Critical
7825,11,2025-04-24,BRK501,Medium
7826,73,2025-10-13,BLD301,Low
7827,110,2025-04-04,BRK501,High
7828,131,2025-12-20,BLD301,High
7829,89,2025-05-16,GEN401,Low
7830,123,2025-12-28,GBX101,Low
7831,4,2025-06-16,BRK501,Medium
7832,31,2025-05-14,BLD301,High
7833,36,2025-10-01,BLD301,High
7834,78,2025-06-25,BRK501,Low
7835,42,2025-06-18,GBX101,Low
7836,78,2025-06-25,GEN401,Medium
7837,104,2025-09-17,SNS205,Low
7838,139,2025-10-18,SNS205,Medium
7839,20,2025-09-07,GEN401,Medium
7840,109,2025-02-05,SNS205,Medium
7841,27,2025-07-20,GEN401,High
7842,135,2025-08-30,GEN401,Low
7843,116,2025-01-25,BLD301,Critical
7844,136,2025-04-21,GEN401,Critical
7845,12,2025-06-18,GEN401,High
7846,22,2025-09-15,SNS205,Low
7847,60,2025-12-11,BRK501,Medium
7848,147,2025-12-20,GEN401,Medium
7849,62,2025-07-27,BRK501,Medium
7850,5,2025-02-07,GEN401,High
7851,103,2025-09-05,BLD301,Low
7852,85,2025-04-07,GEN401,Critical
7853,23,2025-04-14,GBX101,Low
7854,145,2025-02-06,GEN401,Medium
7855,20,2025-07-04,GBX101,Low
7856,115,2025-06-24,GBX101,High
7857,122,2025-12-03,GEN401,Low
7858,30,2025-06-21,GEN401,Low
7859,145,2025-02-14,SNS205,Critical
7860,5,2025-02-10,BRK501,Medium
7861,26,2025-07-21,GBX101,Low
7862,132,2025-08-18,GEN401,High
7863,66,2025-01-08,GBX101,Low
7864,106,2025-10-12,SNS205,Medium
7865,106,2025-05-01,GBX101,High
7866,112,2025-10-20,BRK501,High
7867,142,2025-08-26,BRK501,Critical
7868,119,2025-01-29,BLD301,Low
7869,51,2025-08-10,GEN401,Critical
7870,18,2025-10-01,BRK501,Low
7871,135,2025-10-26,GBX101,High
7872,44,2025-09-10,BRK501,Medium
7873,148,2025-11-27,GBX101,Medium
7874,54,2025-06-22,SNS205,High
7875,37,2025-07-13,BLD301,Low
7876,40,2025-05-11,SNS205,Critical
7877,21,2025-12-26,SNS205,Critical
7878,145,2025-07-30,GEN401,Low
7879,95,2025-12-22,GEN401,Critical
7880,41,2025-01-18,SNS205,Low
7881,36,2025-07-16,BRK501,High
7882,115,2025-12-24,BLD301,Low
7883,47,2025-04-17,GBX101,Medium
7884,102,2025-08-03,BRK501,High
7885,97,2025-06-25,GBX101,High
7886,14,2025-08-27,SNS205,Medium
7887,104,2025-07-10,BRK501,Medium
7888,25,2025-01-05,GEN401,Low
7889,63,2025-10-04,GEN401,Low
7890,96,2025-09-19,GBX101,Critical
7891,134,2025-08-06,GEN401,High
7892,82,2025-02-25,BLD301,Low
7893,10,2025-08-14,SNS205,Low
7894,99,2025-11-26,GEN401,Low
7895,117,2025-02-13,GEN401,Low
7896,118,2025-03-09,GBX101,Critical
7897,56,2025-11-09,GBX101,Medium
7898,37,2025-12-26,GEN401,Medium
7899,4,2025-09-18,BRK501,Medium
7900,100,2025-10-25,SNS205,Medium
7901,118,2025-03-07,BLD301,Medium
7902,68,2025-02-25,GEN401,Medium
7903,61,2025-07-16,GBX101,High
7904,71,2025-08-27,GBX101,Medium
7905,5,2025-06-25,SNS205,Low
7906,128,2025-12-10,GBX101,Medium
7907,22,2025-04-03,GEN401,Critical
7908,33,2025-12-05,SNS205,Critical
7909,26,2025-03-06,GEN401,High
7910,24,2025-03-04,SNS205,High
7911,13,2025-10-15,BLD301,High
7912,104,2025-12-04,GEN401,Critical
7913,126,2025-05-23,BLD301,High
7914,106,2025-04-09,GEN401,High
7915,89,2025-07-23,SNS205,Low
7916,104,2025-11-28,GEN401,Low
7917,82,2025-09-07,SNS205,Medium
7918,1,2025-05-27,GBX101,Low
7919,20,2025-01-20,BRK501,Critical
7920,25,2025-08-05,BRK501,Critical
7921,34,2025-06-27,BLD301,Medium
7922,37,2025-02-25,BRK501,Medium
7923,77,2025-01-27,GEN401,Low
7924,11,2025-08-18,SNS205,Low
7925,92,2025-07-04,SNS205,Medium
7926,30,2025-06-14,SNS205,Low
7927,106,2025-08-25,GBX101,Medium
7928,36,2025-01-21,SNS205,Critical
7929,104,2025-04-30,GEN401,Medium
7930,13,2025-05-24,BLD301,High
7931,146,2025-08-18,SNS205,Medium
7932,84,2025-04-27,GEN401,Low
7933,24,2025-01-29,BLD301,Low
7934,37,2025-04-12,SNS205,Medium
7935,52,2025-12-08,SNS205,Medium
7936,106,2025-04-22,BRK501,High
7937,106,2025-12-15,GEN401,Critical
7938,36,2025-01-04,BLD301,High
7939,53,2025-07-09,SNS205,Low
7940,127,2025-08-23,GBX101,Medium
7941,88,2025-09-21,GEN401,Medium
7942,70,2025-04-18,GEN401,Medium
7943,18,2025-07-02,BLD301,Critical
7944,1,2025-07-22,BLD301,Medium
7945,34,2025-07-21,GEN401,Critical
7946,119,2025-05-01,BLD301,Medium
7947,33,2025-07-28,BLD301,Low
7948,3,2025-11-05,SNS205,Low
7949,98,2025-09-02,BLD301,Low
7950,137,2025-04-29,GBX101,Critical
7951,13,2025-02-26,BLD301,Critical
7952,1,2025-03-12,SNS205,Critical
7953,14,2025-06-02,GBX101,Critical
7954,114,2025-04-22,GEN401,Critical
7955,65,2025-04-19,SNS205,Critical
7956,62,2025-12-27,GEN401,Medium
7957,87,2025-03-22,GBX101,Medium
7958,35,2025-04-27,BRK501,Critical
7959,121,2025-07-14,BRK501,High
7960,99,2025-06-20,GBX101,Low
7961,117,2025-12-13,GBX101,Medium
7962,25,2025-12-28,GEN401,Medium
7963,28,2025-12-29,BRK501,High
7964,48,2025-12-27,GBX101,High
7965,49,2025-12-13,GBX101,Low
7966,47,2025-02-26,GEN401,Medium
7967,90,2025-04-10,GBX101,Low
7968,21,2025-03-19,GBX101,High
7969,20,2025-11-29,BRK501,Critical
7970,12,2025-10-19,BRK501,Medium
7971,105,2025-06-29,GEN401,Critical
7972,103,2025-12-08,GBX101,Medium
7973,13,2025-04-21,SNS205,High
7974,56,2025-10-24,BRK501,Low
7975,30,2025-11-17,BRK501,High
7976,8,2025-01-13,GBX101,High
7977,123,2025-02-24,GEN401,Low
7978,147,2025-02-27,BRK501,Low
7979,8,2025-11-05,GBX101,Medium
7980,96,2025-10-10,BRK501,Critical
7981,98,2025-10-06,GBX101,Critical
7982,21,2025-07-31,GEN401,Low
7983,22,2025-08-02,GBX101,High
7984,142,2025-02-16,SNS205,High
7985,150,2025-01-15,BRK501,High
7986,34,2025-06-19,GEN401,Critical
7987,23,2025-06-04,BRK501,Medium
7988,130,2025-09-09,GEN401,Medium
7989,108,2025-10-11,GBX101,High
7990,7,2025-09-06,GBX101,Low
7991,23,2025-11-03,BRK501,Low
7992,15,2025-03-03,BRK501,Critical
7993,98,2025-04-07,GEN401,Critical
7994,37,2025-04-04,SNS205,Medium
7995,107,2025-02-25,GEN401,Critical
7996,38,2025-03-30,BRK501,High
7997,117,2025-02-08,SNS205,Medium
7998,42,2025-09-06,GEN401,High
7999,145,2025-06-30,BRK501,Critical
8000,38,2025-07-27,SNS205,Critical
