DowntimeID,TurbineID,StartTime,EndTime,Reason
1,47,08-11-2025 04:00,08-11-2025 10:00,Sensor Fault
2,29,21-04-2025 02:00,21-04-2025 03:00,Scheduled Maintenance
3,24,02-08-2025 15:00,02-08-2025 23:00,Sensor Fault
4,8,25-12-2025 23:00,26-12-2025 10:00,Sensor Fault
5,60,09-01-2025 16:00,10-01-2025 01:00,Generator Failure
6,27,04-02-2025 04:00,04-02-2025 07:00,Gearbox Failure
7,89,24-12-2025 05:00,24-12-2025 11:00,Gearbox Failure
8,60,06-02-2025 07:00,06-02-2025 09:00,Blade Inspection
9,90,13-08-2025 02:00,13-08-2025 03:00,Sensor Fault
10,30,01-12-2025 17:00,02-12-2025 02:00,Sensor Fault
11,18,16-08-2025 20:00,16-08-2025 23:00,Generator Failure
12,20,30-07-2025 02:00,30-07-2025 04:00,Blade Inspection
13,104,06-06-2025 21:00,07-06-2025 02:00,Gearbox Failure
14,71,22-03-2025 04:00,22-03-2025 06:00,Scheduled Maintenance
15,81,26-10-2025 23:00,27-10-2025 02:00,Scheduled Maintenance
16,81,04-07-2025 00:00,04-07-2025 01:00,Gearbox Failure
17,46,02-08-2025 18:00,03-08-2025 05:00,Blade Inspection
18,70,24-09-2025 14:00,24-09-2025 22:00,Scheduled Maintenance
19,48,04-07-2025 00:00,04-07-2025 05:00,Sensor Fault
20,17,19-06-2025 06:00,19-06-2025 15:00,Scheduled Maintenance
21,120,08-10-2025 08:00,08-10-2025 12:00,Sensor Fault
22,28,01-11-2025 07:00,01-11-2025 11:00,Generator Failure
23,33,14-09-2025 18:00,15-09-2025 01:00,Generator Failure
24,84,06-04-2025 07:00,06-04-2025 10:00,Gearbox Failure
25,48,29-10-2025 13:00,29-10-2025 15:00,Sensor Fault
26,18,01-02-2025 19:00,01-02-2025 21:00,Scheduled Maintenance
27,134,26-12-2025 04:00,26-12-2025 07:00,Scheduled Maintenance
28,78,26-08-2025 05:00,26-08-2025 10:00,Gearbox Failure
29,105,12-06-2025 09:00,12-06-2025 18:00,Generator Failure
30,91,11-07-2025 18:00,12-07-2025 02:00,Scheduled Maintenance
31,90,15-09-2025 15:00,15-09-2025 19:00,Gearbox Failure
32,88,07-02-2025 03:00,07-02-2025 06:00,Generator Failure
33,115,23-08-2025 18:00,23-08-2025 23:00,Blade Inspection
34,50,24-07-2025 07:00,24-07-2025 10:00,Blade Inspection
35,109,26-03-2025 19:00,27-03-2025 06:00,Sensor Fault
36,54,18-07-2025 12:00,18-07-2025 16:00,Blade Inspection
37,48,23-10-2025 16:00,23-10-2025 17:00,Gearbox Failure
38,15,02-01-2025 03:00,02-01-2025 14:00,Blade Inspection
39,97,20-10-2025 06:00,20-10-2025 15:00,Sensor Fault
40,37,10-03-2025 05:00,10-03-2025 07:00,Generator Failure
41,149,23-05-2025 03:00,23-05-2025 04:00,Generator Failure
42,136,17-07-2025 05:00,17-07-2025 12:00,Gearbox Failure
43,25,20-11-2025 08:00,20-11-2025 12:00,Gearbox Failure
44,64,10-12-2025 17:00,10-12-2025 20:00,Generator Failure
45,68,19-06-2025 20:00,20-06-2025 06:00,Blade Inspection
46,2,17-07-2025 07:00,17-07-2025 08:00,Generator Failure
47,72,09-05-2025 23:00,10-05-2025 06:00,Generator Failure
48,21,23-01-2025 03:00,23-01-2025 04:00,Sensor Fault
49,76,30-04-2025 22:00,01-05-2025 04:00,Gearbox Failure
50,56,05-01-2025 05:00,05-01-2025 09:00,Sensor Fault
51,33,02-02-2025 09:00,02-02-2025 19:00,Blade Inspection
52,31,19-10-2025 23:00,20-10-2025 07:00,Generator Failure
53,138,22-08-2025 23:00,23-08-2025 08:00,Scheduled Maintenance
54,137,02-02-2025 01:00,02-02-2025 02:00,Generator Failure
55,60,16-07-2025 02:00,16-07-2025 09:00,Sensor Fault
56,88,23-03-2025 08:00,23-03-2025 19:00,Blade Inspection
57,11,01-07-2025 15:00,02-07-2025 02:00,Scheduled Maintenance
58,147,29-08-2025 02:00,29-08-2025 11:00,Sensor Fault
59,111,17-09-2025 16:00,17-09-2025 22:00,Blade Inspection
60,72,12-12-2025 02:00,12-12-2025 12:00,Gearbox Failure
61,73,31-05-2025 08:00,31-05-2025 17:00,Sensor Fault
62,138,01-03-2025 13:00,02-03-2025 00:00,Sensor Fault
63,129,31-03-2025 08:00,31-03-2025 12:00,Sensor Fault
64,140,22-06-2025 23:00,23-06-2025 00:00,Generator Failure
65,28,04-08-2025 07:00,04-08-2025 14:00,Scheduled Maintenance
66,104,04-09-2025 11:00,04-09-2025 17:00,Scheduled Maintenance
67,47,18-02-2025 01:00,18-02-2025 07:00,Blade Inspection
68,109,21-01-2025 06:00,21-01-2025 17:00,Sensor Fault
69,149,05-08-2025 23:00,06-08-2025 07:00,Sensor Fault
70,9,04-06-2025 11:00,04-06-2025 17:00,Blade Inspection
71,6,01-08-2025 11:00,01-08-2025 21:00,Blade Inspection
72,107,29-05-2025 00:00,29-05-2025 10:00,Gearbox Failure
73,101,26-09-2025 04:00,26-09-2025 09:00,Blade Inspection
74,105,13-03-2025 16:00,14-03-2025 00:00,Blade Inspection
75,132,13-08-2025 21:00,13-08-2025 22:00,Gearbox Failure
76,97,08-02-2025 06:00,08-02-2025 14:00,Generator Failure
77,92,05-06-2025 12:00,05-06-2025 16:00,Blade Inspection
78,134,27-12-2025 14:00,27-12-2025 16:00,Gearbox Failure
79,69,26-03-2025 19:00,27-03-2025 03:00,Sensor Fault
80,104,13-04-2025 02:00,13-04-2025 09:00,Gearbox Failure
81,141,12-08-2025 13:00,12-08-2025 23:00,Gearbox Failure
82,1,29-09-2025 07:00,29-09-2025 10:00,Generator Failure
83,83,30-06-2025 01:00,30-06-2025 05:00,Blade Inspection
84,82,08-06-2025 20:00,08-06-2025 22:00,Blade Inspection
85,43,24-07-2025 19:00,25-07-2025 05:00,Scheduled Maintenance
86,78,08-08-2025 01:00,08-08-2025 12:00,Scheduled Maintenance
87,49,22-04-2025 06:00,22-04-2025 07:00,Scheduled Maintenance
88,136,05-03-2025 15:00,06-03-2025 00:00,Blade Inspection
89,109,02-12-2025 14:00,02-12-2025 19:00,Blade Inspection
90,56,21-06-2025 01:00,21-06-2025 08:00,Blade Inspection
91,129,28-12-2025 17:00,29-12-2025 02:00,Scheduled Maintenance
92,120,29-11-2025 00:00,29-11-2025 03:00,Generator Failure
93,10,30-08-2025 04:00,30-08-2025 07:00,Gearbox Failure
94,95,18-06-2025 18:00,19-06-2025 04:00,Sensor Fault
95,103,04-03-2025 19:00,05-03-2025 00:00,Scheduled Maintenance
96,111,28-12-2025 16:00,28-12-2025 21:00,Sensor Fault
97,108,29-12-2025 08:00,29-12-2025 10:00,Scheduled Maintenance
98,88,15-08-2025 06:00,15-08-2025 16:00,Scheduled Maintenance
99,62,06-07-2025 06:00,06-07-2025 17:00,Blade Inspection
100,73,10-08-2025 00:00,10-08-2025 05:00,Gearbox Failure
101,128,15-01-2025 05:00,15-01-2025 15:00,Blade Inspection
102,93,18-07-2025 17:00,19-07-2025 02:00,Blade Inspection
103,5,13-11-2025 21:00,14-11-2025 03:00,Generator Failure
104,95,02-04-2025 20:00,02-04-2025 21:00,Gearbox Failure
105,144,11-12-2025 16:00,11-12-2025 17:00,Generator Failure
106,25,09-10-2025 19:00,09-10-2025 22:00,Scheduled Maintenance
107,2,18-08-2025 19:00,19-08-2025 02:00,Generator Failure
108,12,27-07-2025 21:00,28-07-2025 01:00,Scheduled Maintenance
109,63,12-05-2025 01:00,12-05-2025 09:00,Generator Failure
110,30,31-01-2025 03:00,31-01-2025 04:00,Generator Failure
111,102,12-03-2025 13:00,12-03-2025 23:00,Scheduled Maintenance
112,1,31-07-2025 03:00,31-07-2025 11:00,Generator Failure
113,99,12-02-2025 22:00,13-02-2025 07:00,Generator Failure
114,146,15-10-2025 01:00,15-10-2025 09:00,Scheduled Maintenance
115,40,27-02-2025 08:00,27-02-2025 11:00,Generator Failure
116,11,28-05-2025 14:00,28-05-2025 19:00,Generator Failure
117,127,10-05-2025 16:00,10-05-2025 19:00,Generator Failure
118,124,04-08-2025 02:00,04-08-2025 08:00,Generator Failure
119,117,06-12-2025 21:00,07-12-2025 06:00,Blade Inspection
120,40,05-08-2025 13:00,05-08-2025 22:00,Generator Failure
121,80,29-10-2025 11:00,29-10-2025 12:00,Sensor Fault
122,103,07-01-2025 20:00,07-01-2025 22:00,Sensor Fault
123,97,30-03-2025 19:00,30-03-2025 20:00,Blade Inspection
124,38,09-03-2025 03:00,09-03-2025 08:00,Scheduled Maintenance
125,13,01-02-2025 10:00,01-02-2025 14:00,Scheduled Maintenance
126,128,10-02-2025 06:00,10-02-2025 16:00,Gearbox Failure
127,50,02-02-2025 05:00,02-02-2025 08:00,Generator Failure
128,59,09-03-2025 09:00,09-03-2025 19:00,Gearbox Failure
129,128,15-10-2025 09:00,15-10-2025 19:00,Sensor Fault
130,118,28-02-2025 01:00,28-02-2025 11:00,Gearbox Failure
131,8,01-11-2025 00:00,01-11-2025 08:00,Gearbox Failure
132,95,14-06-2025 05:00,14-06-2025 15:00,Gearbox Failure
133,68,26-10-2025 10:00,26-10-2025 14:00,Blade Inspection
134,76,24-08-2025 14:00,24-08-2025 21:00,Scheduled Maintenance
135,65,10-04-2025 15:00,10-04-2025 18:00,Blade Inspection
136,98,12-01-2025 16:00,12-01-2025 17:00,Sensor Fault
137,79,14-04-2025 22:00,15-04-2025 00:00,Scheduled Maintenance
138,14,03-11-2025 10:00,03-11-2025 11:00,Scheduled Maintenance
139,2,17-01-2025 18:00,18-01-2025 05:00,Generator Failure
140,20,05-03-2025 23:00,06-03-2025 06:00,Gearbox Failure
141,66,07-09-2025 21:00,08-09-2025 02:00,Generator Failure
142,133,23-05-2025 19:00,24-05-2025 01:00,Generator Failure
143,36,12-11-2025 21:00,13-11-2025 03:00,Sensor Fault
144,120,06-10-2025 16:00,06-10-2025 22:00,Generator Failure
145,142,17-11-2025 00:00,17-11-2025 08:00,Sensor Fault
146,7,30-10-2025 06:00,30-10-2025 07:00,Sensor Fault
147,31,21-01-2025 10:00,21-01-2025 15:00,Sensor Fault
148,148,04-04-2025 08:00,04-04-2025 15:00,Scheduled Maintenance
149,125,06-09-2025 07:00,06-09-2025 17:00,Scheduled Maintenance
150,15,02-05-2025 07:00,02-05-2025 09:00,Generator Failure
151,30,25-04-2025 11:00,25-04-2025 13:00,Gearbox Failure
152,53,10-11-2025 01:00,10-11-2025 05:00,Scheduled Maintenance
153,37,03-02-2025 06:00,03-02-2025 16:00,Gearbox Failure
154,87,22-12-2025 12:00,22-12-2025 13:00,Scheduled Maintenance
155,48,17-04-2025 22:00,18-04-2025 02:00,Blade Inspection
156,14,25-02-2025 04:00,25-02-2025 10:00,Sensor Fault
157,101,15-07-2025 23:00,16-07-2025 03:00,Sensor Fault
158,42,14-08-2025 23:00,15-08-2025 07:00,Blade Inspection
159,136,20-11-2025 00:00,20-11-2025 07:00,Gearbox Failure
160,71,23-01-2025 17:00,24-01-2025 03:00,Scheduled Maintenance
161,73,07-04-2025 16:00,08-04-2025 00:00,Gearbox Failure
162,138,26-03-2025 13:00,26-03-2025 23:00,Generator Failure
163,42,28-02-2025 09:00,28-02-2025 14:00,Blade Inspection
164,102,13-06-2025 18:00,14-06-2025 01:00,Blade Inspection
165,124,10-03-2025 19:00,10-03-2025 21:00,Generator Failure
166,130,19-10-2025 15:00,19-10-2025 16:00,Gearbox Failure
167,149,18-05-2025 16:00,18-05-2025 18:00,Blade Inspection
168,19,03-03-2025 18:00,04-03-2025 03:00,Sensor Fault
169,122,26-05-2025 01:00,26-05-2025 08:00,Sensor Fault
170,110,29-07-2025 21:00,30-07-2025 07:00,Generator Failure
171,72,15-11-2025 16:00,15-11-2025 23:00,Scheduled Maintenance
172,126,06-05-2025 20:00,06-05-2025 22:00,Sensor Fault
173,121,02-05-2025 07:00,02-05-2025 17:00,Scheduled Maintenance
174,108,26-10-2025 02:00,26-10-2025 09:00,Gearbox Failure
175,11,10-06-2025 12:00,10-06-2025 19:00,Generator Failure
176,31,07-04-2025 16:00,07-04-2025 19:00,Gearbox Failure
177,96,02-11-2025 06:00,02-11-2025 11:00,Sensor Fault
178,1,19-06-2025 06:00,19-06-2025 14:00,Blade Inspection
179,56,04-12-2025 07:00,04-12-2025 15:00,Gearbox Failure
180,85,19-07-2025 01:00,19-07-2025 10:00,Generator Failure
181,20,05-05-2025 03:00,05-05-2025 09:00,Generator Failure
182,60,14-07-2025 18:00,15-07-2025 01:00,Sensor Fault
183,87,14-11-2025 11:00,14-11-2025 22:00,Gearbox Failure
184,38,05-03-2025 00:00,05-03-2025 07:00,Blade Inspection
185,146,31-08-2025 01:00,31-08-2025 07:00,Scheduled Maintenance
186,103,17-06-2025 02:00,17-06-2025 11:00,Sensor Fault
187,31,18-02-2025 03:00,18-02-2025 04:00,Scheduled Maintenance
188,86,15-08-2025 03:00,15-08-2025 13:00,Gearbox Failure
189,148,04-11-2025 07:00,04-11-2025 08:00,Generator Failure
190,72,29-05-2025 21:00,30-05-2025 02:00,Scheduled Maintenance
191,71,11-10-2025 06:00,11-10-2025 17:00,Scheduled Maintenance
192,25,18-02-2025 06:00,18-02-2025 13:00,Scheduled Maintenance
193,104,26-04-2025 18:00,27-04-2025 01:00,Blade Inspection
194,51,17-11-2025 20:00,18-11-2025 02:00,Sensor Fault
195,35,15-11-2025 08:00,15-11-2025 13:00,Sensor Fault
196,64,24-04-2025 00:00,24-04-2025 02:00,Gearbox Failure
197,139,21-04-2025 14:00,21-04-2025 18:00,Generator Failure
198,127,18-04-2025 12:00,18-04-2025 23:00,Scheduled Maintenance
199,149,14-11-2025 08:00,14-11-2025 09:00,Blade Inspection
200,55,02-03-2025 07:00,02-03-2025 18:00,Gearbox Failure
201,72,20-09-2025 21:00,21-09-2025 00:00,Blade Inspection
202,130,12-03-2025 17:00,13-03-2025 01:00,Generator Failure
203,52,09-01-2025 16:00,09-01-2025 21:00,Generator Failure
204,90,20-02-2025 15:00,20-02-2025 21:00,Scheduled Maintenance
205,67,27-05-2025 18:00,27-05-2025 20:00,Sensor Fault
206,100,17-06-2025 13:00,17-06-2025 14:00,Sensor Fault
207,48,03-07-2025 22:00,04-07-2025 09:00,Blade Inspection
208,113,16-04-2025 16:00,16-04-2025 19:00,Sensor Fault
209,4,12-06-2025 22:00,13-06-2025 04:00,Sensor Fault
210,6,21-01-2025 23:00,22-01-2025 07:00,Gearbox Failure
211,148,28-04-2025 16:00,29-04-2025 01:00,Scheduled Maintenance
212,15,01-06-2025 03:00,01-06-2025 12:00,Gearbox Failure
213,14,01-05-2025 08:00,01-05-2025 14:00,Blade Inspection
214,117,21-07-2025 16:00,22-07-2025 01:00,Scheduled Maintenance
215,52,14-02-2025 14:00,14-02-2025 20:00,Generator Failure
216,35,20-08-2025 07:00,20-08-2025 10:00,Scheduled Maintenance
217,122,28-05-2025 09:00,28-05-2025 20:00,Gearbox Failure
218,45,30-10-2025 23:00,31-10-2025 04:00,Scheduled Maintenance
219,8,20-03-2025 12:00,20-03-2025 16:00,Sensor Fault
220,24,17-03-2025 07:00,17-03-2025 12:00,Blade Inspection
221,20,07-01-2025 16:00,07-01-2025 18:00,Scheduled Maintenance
222,50,09-07-2025 02:00,09-07-2025 05:00,Blade Inspection
223,115,06-01-2025 04:00,06-01-2025 14:00,Scheduled Maintenance
224,144,22-07-2025 18:00,23-07-2025 01:00,Gearbox Failure
225,28,12-12-2025 23:00,13-12-2025 03:00,Scheduled Maintenance
226,103,26-02-2025 02:00,26-02-2025 13:00,Scheduled Maintenance
227,139,20-04-2025 20:00,20-04-2025 21:00,Generator Failure
228,99,20-11-2025 17:00,20-11-2025 23:00,Scheduled Maintenance
229,6,11-09-2025 03:00,11-09-2025 05:00,Blade Inspection
230,136,15-02-2025 21:00,16-02-2025 08:00,Sensor Fault
231,113,07-03-2025 22:00,08-03-2025 05:00,Scheduled Maintenance
232,12,30-08-2025 17:00,30-08-2025 20:00,Blade Inspection
233,11,16-02-2025 17:00,16-02-2025 19:00,Generator Failure
234,13,01-08-2025 03:00,01-08-2025 11:00,Generator Failure
235,17,31-01-2025 12:00,31-01-2025 14:00,Generator Failure
236,149,06-06-2025 00:00,06-06-2025 01:00,Scheduled Maintenance
237,9,17-11-2025 16:00,17-11-2025 19:00,Scheduled Maintenance
238,144,14-10-2025 22:00,15-10-2025 08:00,Scheduled Maintenance
239,14,27-02-2025 23:00,28-02-2025 08:00,Generator Failure
240,29,14-10-2025 00:00,14-10-2025 07:00,Scheduled Maintenance
241,71,21-12-2025 23:00,22-12-2025 02:00,Scheduled Maintenance
242,132,10-09-2025 03:00,10-09-2025 06:00,Scheduled Maintenance
243,110,07-04-2025 01:00,07-04-2025 12:00,Blade Inspection
244,127,07-12-2025 00:00,07-12-2025 04:00,Scheduled Maintenance
245,40,08-05-2025 13:00,08-05-2025 19:00,Sensor Fault
246,125,23-11-2025 11:00,23-11-2025 17:00,Sensor Fault
247,119,07-07-2025 06:00,07-07-2025 14:00,Scheduled Maintenance
248,6,28-05-2025 22:00,29-05-2025 05:00,Scheduled Maintenance
249,121,03-04-2025 14:00,04-04-2025 00:00,Gearbox Failure
250,80,12-01-2025 17:00,12-01-2025 21:00,Scheduled Maintenance
251,46,11-01-2025 02:00,11-01-2025 08:00,Generator Failure
252,140,07-01-2025 13:00,07-01-2025 19:00,Blade Inspection
253,143,21-06-2025 00:00,21-06-2025 07:00,Scheduled Maintenance
254,90,21-07-2025 08:00,21-07-2025 17:00,Sensor Fault
255,7,16-01-2025 19:00,16-01-2025 20:00,Blade Inspection
256,75,27-11-2025 20:00,28-11-2025 04:00,Blade Inspection
257,17,10-04-2025 17:00,10-04-2025 22:00,Gearbox Failure
258,110,28-12-2025 00:00,28-12-2025 10:00,Scheduled Maintenance
259,6,14-06-2025 06:00,14-06-2025 14:00,Scheduled Maintenance
260,33,19-06-2025 11:00,19-06-2025 12:00,Generator Failure
261,54,12-08-2025 06:00,12-08-2025 10:00,Scheduled Maintenance
262,105,28-04-2025 07:00,28-04-2025 17:00,Sensor Fault
263,72,17-01-2025 19:00,18-01-2025 02:00,Blade Inspection
264,34,24-09-2025 17:00,25-09-2025 04:00,Blade Inspection
265,9,02-04-2025 21:00,03-04-2025 03:00,Generator Failure
266,91,28-06-2025 20:00,28-06-2025 21:00,Gearbox Failure
267,61,01-12-2025 09:00,01-12-2025 17:00,Generator Failure
268,64,12-07-2025 17:00,12-07-2025 20:00,Scheduled Maintenance
269,88,03-12-2025 14:00,03-12-2025 15:00,Gearbox Failure
270,95,25-03-2025 21:00,26-03-2025 08:00,Sensor Fault
271,52,08-06-2025 10:00,08-06-2025 13:00,Blade Inspection
272,42,15-07-2025 15:00,15-07-2025 17:00,Gearbox Failure
273,91,01-06-2025 14:00,01-06-2025 23:00,Blade Inspection
274,106,28-02-2025 14:00,28-02-2025 17:00,Blade Inspection
275,54,17-01-2025 16:00,17-01-2025 23:00,Generator Failure
276,77,23-03-2025 13:00,24-03-2025 00:00,Sensor Fault
277,150,12-08-2025 10:00,12-08-2025 20:00,Gearbox Failure
278,96,17-02-2025 05:00,17-02-2025 10:00,Blade Inspection
279,15,26-03-2025 05:00,26-03-2025 12:00,Sensor Fault
280,112,02-01-2025 14:00,02-01-2025 21:00,Blade Inspection
281,62,18-01-2025 22:00,19-01-2025 09:00,Gearbox Failure
282,70,11-04-2025 23:00,12-04-2025 10:00,Sensor Fault
283,14,23-12-2025 16:00,23-12-2025 18:00,Gearbox Failure
284,13,08-07-2025 09:00,08-07-2025 20:00,Sensor Fault
285,30,07-05-2025 07:00,07-05-2025 09:00,Gearbox Failure
286,97,09-09-2025 19:00,10-09-2025 01:00,Generator Failure
287,14,14-03-2025 06:00,14-03-2025 08:00,Gearbox Failure
288,85,10-10-2025 16:00,10-10-2025 23:00,Sensor Fault
289,82,26-09-2025 01:00,26-09-2025 06:00,Generator Failure
290,125,03-01-2025 09:00,03-01-2025 19:00,Generator Failure
291,31,11-09-2025 03:00,11-09-2025 05:00,Scheduled Maintenance
292,86,11-12-2025 22:00,12-12-2025 01:00,Scheduled Maintenance
293,87,11-10-2025 09:00,11-10-2025 18:00,Generator Failure
294,117,13-06-2025 16:00,13-06-2025 22:00,Generator Failure
295,41,26-12-2025 00:00,26-12-2025 10:00,Sensor Fault
296,79,28-08-2025 00:00,28-08-2025 01:00,Blade Inspection
297,44,30-06-2025 16:00,01-07-2025 01:00,Blade Inspection
298,59,06-12-2025 17:00,06-12-2025 19:00,Sensor Fault
299,68,11-12-2025 12:00,11-12-2025 19:00,Sensor Fault
300,109,23-05-2025 02:00,23-05-2025 03:00,Sensor Fault
301,14,24-03-2025 10:00,24-03-2025 12:00,Generator Failure
302,128,07-08-2025 12:00,07-08-2025 22:00,Scheduled Maintenance
303,90,18-05-2025 07:00,18-05-2025 08:00,Blade Inspection
304,147,29-06-2025 21:00,30-06-2025 01:00,Scheduled Maintenance
305,17,24-02-2025 10:00,24-02-2025 16:00,Blade Inspection
306,3,25-10-2025 16:00,25-10-2025 22:00,Generator Failure
307,6,11-02-2025 02:00,11-02-2025 12:00,Generator Failure
308,140,08-05-2025 12:00,08-05-2025 20:00,Generator Failure
309,143,12-04-2025 14:00,12-04-2025 21:00,Blade Inspection
310,22,01-10-2025 08:00,01-10-2025 19:00,Generator Failure
311,20,17-04-2025 13:00,17-04-2025 19:00,Sensor Fault
312,121,08-01-2025 16:00,08-01-2025 18:00,Sensor Fault
313,127,24-02-2025 03:00,24-02-2025 08:00,Scheduled Maintenance
314,122,02-08-2025 17:00,03-08-2025 00:00,Generator Failure
315,33,19-11-2025 19:00,19-11-2025 20:00,Sensor Fault
316,81,24-06-2025 12:00,24-06-2025 23:00,Sensor Fault
317,17,11-09-2025 13:00,11-09-2025 16:00,Scheduled Maintenance
318,109,23-10-2025 13:00,23-10-2025 17:00,Gearbox Failure
319,76,15-04-2025 08:00,15-04-2025 12:00,Gearbox Failure
320,79,11-10-2025 11:00,11-10-2025 21:00,Scheduled Maintenance
321,96,05-05-2025 12:00,05-05-2025 15:00,Gearbox Failure
322,145,27-07-2025 03:00,27-07-2025 10:00,Gearbox Failure
323,82,26-11-2025 11:00,26-11-2025 17:00,Blade Inspection
324,24,14-04-2025 18:00,15-04-2025 01:00,Gearbox Failure
325,24,20-07-2025 07:00,20-07-2025 11:00,Generator Failure
326,84,02-02-2025 06:00,02-02-2025 12:00,Scheduled Maintenance
327,145,20-10-2025 12:00,20-10-2025 15:00,Blade Inspection
328,30,07-12-2025 13:00,07-12-2025 21:00,Scheduled Maintenance
329,106,21-05-2025 05:00,21-05-2025 15:00,Scheduled Maintenance
330,45,16-06-2025 18:00,17-06-2025 02:00,Sensor Fault
331,95,25-11-2025 23:00,26-11-2025 00:00,Sensor Fault
332,56,19-10-2025 10:00,19-10-2025 12:00,Gearbox Failure
333,67,28-03-2025 19:00,28-03-2025 21:00,Sensor Fault
334,10,31-05-2025 01:00,31-05-2025 09:00,Gearbox Failure
335,13,26-03-2025 23:00,27-03-2025 00:00,Gearbox Failure
336,31,26-07-2025 09:00,26-07-2025 20:00,Sensor Fault
337,46,02-10-2025 17:00,02-10-2025 20:00,Scheduled Maintenance
338,71,11-02-2025 13:00,11-02-2025 17:00,Generator Failure
339,40,28-05-2025 16:00,29-05-2025 01:00,Sensor Fault
340,24,24-01-2025 23:00,25-01-2025 02:00,Blade Inspection
341,77,23-03-2025 23:00,24-03-2025 10:00,Gearbox Failure
342,20,04-06-2025 09:00,04-06-2025 16:00,Blade Inspection
343,72,15-12-2025 14:00,15-12-2025 22:00,Gearbox Failure
344,14,09-02-2025 23:00,10-02-2025 05:00,Generator Failure
345,65,20-01-2025 12:00,20-01-2025 18:00,Blade Inspection
346,102,29-10-2025 12:00,29-10-2025 21:00,Gearbox Failure
347,16,24-06-2025 15:00,25-06-2025 01:00,Generator Failure
348,131,31-03-2025 19:00,31-03-2025 21:00,Blade Inspection
349,137,21-09-2025 11:00,21-09-2025 17:00,Gearbox Failure
350,42,20-07-2025 02:00,20-07-2025 09:00,Sensor Fault
351,14,10-10-2025 22:00,11-10-2025 00:00,Generator Failure
352,112,12-08-2025 04:00,12-08-2025 09:00,Generator Failure
353,33,20-10-2025 15:00,20-10-2025 16:00,Blade Inspection
354,86,06-12-2025 10:00,06-12-2025 12:00,Generator Failure
355,17,31-01-2025 10:00,31-01-2025 12:00,Generator Failure
356,142,26-06-2025 06:00,26-06-2025 08:00,Blade Inspection
357,76,18-03-2025 13:00,18-03-2025 18:00,Generator Failure
358,64,04-12-2025 19:00,05-12-2025 00:00,Gearbox Failure
359,58,30-01-2025 18:00,30-01-2025 19:00,Sensor Fault
360,95,01-07-2025 19:00,01-07-2025 21:00,Gearbox Failure
361,133,28-05-2025 03:00,28-05-2025 09:00,Blade Inspection
362,131,09-06-2025 04:00,09-06-2025 07:00,Gearbox Failure
363,16,23-04-2025 05:00,23-04-2025 14:00,Scheduled Maintenance
364,108,24-12-2025 21:00,25-12-2025 01:00,Sensor Fault
365,75,03-01-2025 01:00,03-01-2025 12:00,Scheduled Maintenance
366,12,31-03-2025 04:00,31-03-2025 09:00,Generator Failure
367,124,07-10-2025 23:00,08-10-2025 03:00,Scheduled Maintenance
368,67,24-06-2025 05:00,24-06-2025 11:00,Scheduled Maintenance
369,84,26-12-2025 07:00,26-12-2025 16:00,Gearbox Failure
370,1,25-10-2025 12:00,25-10-2025 13:00,Generator Failure
371,21,03-06-2025 03:00,03-06-2025 14:00,Blade Inspection
372,143,18-04-2025 09:00,18-04-2025 11:00,Gearbox Failure
373,99,18-09-2025 06:00,18-09-2025 14:00,Sensor Fault
374,14,26-06-2025 18:00,26-06-2025 21:00,Blade Inspection
375,113,23-05-2025 17:00,23-05-2025 20:00,Scheduled Maintenance
376,116,23-11-2025 21:00,24-11-2025 00:00,Gearbox Failure
377,11,22-04-2025 05:00,22-04-2025 08:00,Gearbox Failure
378,51,20-01-2025 13:00,20-01-2025 22:00,Blade Inspection
379,111,05-07-2025 07:00,05-07-2025 10:00,Gearbox Failure
380,145,18-07-2025 16:00,18-07-2025 22:00,Gearbox Failure
381,55,12-06-2025 22:00,13-06-2025 04:00,Sensor Fault
382,115,18-02-2025 13:00,18-02-2025 22:00,Scheduled Maintenance
383,36,31-08-2025 04:00,31-08-2025 05:00,Sensor Fault
384,150,21-08-2025 11:00,21-08-2025 19:00,Scheduled Maintenance
385,17,06-04-2025 21:00,07-04-2025 05:00,Blade Inspection
386,111,11-06-2025 16:00,11-06-2025 23:00,Blade Inspection
387,56,31-01-2025 20:00,01-02-2025 01:00,Sensor Fault
388,70,20-11-2025 15:00,21-11-2025 00:00,Sensor Fault
389,115,17-08-2025 11:00,17-08-2025 21:00,Generator Failure
390,119,08-11-2025 07:00,08-11-2025 08:00,Sensor Fault
391,45,27-07-2025 16:00,27-07-2025 22:00,Sensor Fault
392,86,23-07-2025 05:00,23-07-2025 13:00,Blade Inspection
393,19,11-05-2025 17:00,12-05-2025 00:00,Sensor Fault
394,76,18-09-2025 20:00,19-09-2025 05:00,Scheduled Maintenance
395,35,28-06-2025 19:00,28-06-2025 20:00,Gearbox Failure
396,82,01-06-2025 18:00,01-06-2025 20:00,Sensor Fault
397,145,09-10-2025 23:00,10-10-2025 10:00,Gearbox Failure
398,53,12-03-2025 11:00,12-03-2025 13:00,Sensor Fault
399,58,15-11-2025 02:00,15-11-2025 05:00,Gearbox Failure
400,119,21-12-2025 11:00,21-12-2025 22:00,Generator Failure
401,145,08-01-2025 03:00,08-01-2025 14:00,Generator Failure
402,65,20-04-2025 20:00,21-04-2025 05:00,Blade Inspection
403,141,02-08-2025 00:00,02-08-2025 05:00,Sensor Fault
404,100,08-01-2025 07:00,08-01-2025 18:00,Scheduled Maintenance
405,120,28-04-2025 08:00,28-04-2025 17:00,Blade Inspection
406,38,07-07-2025 15:00,07-07-2025 17:00,Scheduled Maintenance
407,22,12-03-2025 03:00,12-03-2025 08:00,Blade Inspection
408,120,15-11-2025 13:00,15-11-2025 17:00,Scheduled Maintenance
409,133,13-04-2025 14:00,13-04-2025 19:00,Generator Failure
410,69,20-04-2025 16:00,20-04-2025 23:00,Generator Failure
411,15,12-06-2025 02:00,12-06-2025 07:00,Sensor Fault
412,67,28-01-2025 14:00,28-01-2025 19:00,Blade Inspection
413,16,16-05-2025 11:00,16-05-2025 22:00,Sensor Fault
414,125,14-04-2025 09:00,14-04-2025 11:00,Gearbox Failure
415,49,28-10-2025 00:00,28-10-2025 09:00,Scheduled Maintenance
416,122,02-07-2025 16:00,02-07-2025 23:00,Blade Inspection
417,50,27-08-2025 19:00,28-08-2025 06:00,Sensor Fault
418,131,01-10-2025 05:00,01-10-2025 07:00,Sensor Fault
419,53,31-01-2025 14:00,31-01-2025 19:00,Scheduled Maintenance
420,4,04-07-2025 21:00,05-07-2025 01:00,Scheduled Maintenance
421,40,20-12-2025 23:00,21-12-2025 00:00,Scheduled Maintenance
422,12,17-10-2025 20:00,18-10-2025 05:00,Sensor Fault
423,57,15-08-2025 00:00,15-08-2025 06:00,Gearbox Failure
424,86,13-06-2025 07:00,13-06-2025 18:00,Gearbox Failure
425,57,19-05-2025 15:00,19-05-2025 18:00,Sensor Fault
426,8,23-03-2025 19:00,24-03-2025 01:00,Blade Inspection
427,42,02-05-2025 22:00,03-05-2025 01:00,Blade Inspection
428,99,21-04-2025 22:00,22-04-2025 09:00,Blade Inspection
429,1,08-02-2025 05:00,08-02-2025 09:00,Scheduled Maintenance
430,123,14-04-2025 12:00,14-04-2025 18:00,Scheduled Maintenance
431,99,26-02-2025 14:00,26-02-2025 15:00,Scheduled Maintenance
432,67,25-12-2025 03:00,25-12-2025 09:00,Scheduled Maintenance
433,70,23-07-2025 00:00,23-07-2025 04:00,Sensor Fault
434,21,29-12-2025 20:00,30-12-2025 00:00,Blade Inspection
435,31,18-06-2025 05:00,18-06-2025 06:00,Sensor Fault
436,99,28-08-2025 01:00,28-08-2025 11:00,Sensor Fault
437,30,15-05-2025 10:00,15-05-2025 18:00,Sensor Fault
438,66,02-12-2025 10:00,02-12-2025 12:00,Blade Inspection
439,7,21-04-2025 18:00,21-04-2025 21:00,Blade Inspection
440,80,03-12-2025 02:00,03-12-2025 11:00,Sensor Fault
441,52,01-11-2025 12:00,01-11-2025 13:00,Blade Inspection
442,133,04-11-2025 14:00,04-11-2025 16:00,Generator Failure
443,118,13-08-2025 12:00,13-08-2025 13:00,Generator Failure
444,59,03-08-2025 22:00,04-08-2025 00:00,Sensor Fault
445,150,01-10-2025 17:00,01-10-2025 18:00,Generator Failure
446,139,08-03-2025 12:00,08-03-2025 16:00,Gearbox Failure
447,142,18-09-2025 07:00,18-09-2025 13:00,Sensor Fault
448,107,14-03-2025 11:00,14-03-2025 16:00,Scheduled Maintenance
449,93,25-06-2025 03:00,25-06-2025 13:00,Gearbox Failure
450,47,25-04-2025 05:00,25-04-2025 15:00,Generator Failure
451,83,25-07-2025 20:00,26-07-2025 05:00,Sensor Fault
452,119,10-08-2025 11:00,10-08-2025 14:00,Sensor Fault
453,135,16-12-2025 05:00,16-12-2025 09:00,Scheduled Maintenance
454,22,05-12-2025 14:00,05-12-2025 15:00,Sensor Fault
455,26,14-08-2025 22:00,14-08-2025 23:00,Generator Failure
456,24,20-09-2025 11:00,20-09-2025 20:00,Blade Inspection
457,61,04-06-2025 09:00,04-06-2025 12:00,Gearbox Failure
458,55,14-07-2025 11:00,14-07-2025 15:00,Sensor Fault
459,59,02-06-2025 19:00,03-06-2025 05:00,Blade Inspection
460,7,24-05-2025 09:00,24-05-2025 15:00,Sensor Fault
461,138,07-10-2025 05:00,07-10-2025 12:00,Sensor Fault
462,76,05-09-2025 16:00,05-09-2025 19:00,Sensor Fault
463,51,25-01-2025 04:00,25-01-2025 07:00,Blade Inspection
464,67,25-04-2025 08:00,25-04-2025 10:00,Gearbox Failure
465,71,05-10-2025 01:00,05-10-2025 12:00,Scheduled Maintenance
466,86,11-10-2025 07:00,11-10-2025 09:00,Blade Inspection
467,67,08-02-2025 18:00,08-02-2025 23:00,Blade Inspection
468,76,26-10-2025 03:00,26-10-2025 14:00,Generator Failure
469,63,22-09-2025 05:00,22-09-2025 16:00,Scheduled Maintenance
470,11,19-12-2025 04:00,19-12-2025 15:00,Sensor Fault
471,12,20-03-2025 19:00,21-03-2025 05:00,Gearbox Failure
472,37,10-06-2025 11:00,10-06-2025 17:00,Blade Inspection
473,142,23-02-2025 02:00,23-02-2025 04:00,Scheduled Maintenance
474,29,10-11-2025 15:00,10-11-2025 16:00,Scheduled Maintenance
475,9,21-12-2025 19:00,21-12-2025 21:00,Sensor Fault
476,101,06-11-2025 20:00,07-11-2025 00:00,Generator Failure
477,66,14-12-2025 01:00,14-12-2025 07:00,Generator Failure
478,134,13-07-2025 10:00,13-07-2025 20:00,Sensor Fault
479,26,25-05-2025 06:00,25-05-2025 14:00,Sensor Fault
480,1,23-05-2025 02:00,23-05-2025 05:00,Blade Inspection
481,14,23-11-2025 15:00,23-11-2025 20:00,Generator Failure
482,35,09-08-2025 11:00,09-08-2025 21:00,Generator Failure
483,139,23-07-2025 13:00,23-07-2025 17:00,Scheduled Maintenance
484,84,09-02-2025 06:00,09-02-2025 14:00,Gearbox Failure
485,38,08-08-2025 01:00,08-08-2025 08:00,Scheduled Maintenance
486,135,26-10-2025 00:00,26-10-2025 09:00,Scheduled Maintenance
487,4,10-10-2025 16:00,10-10-2025 18:00,Sensor Fault
488,2,15-09-2025 16:00,15-09-2025 19:00,Sensor Fault
489,103,31-03-2025 18:00,31-03-2025 19:00,Blade Inspection
490,58,12-10-2025 07:00,12-10-2025 16:00,Gearbox Failure
491,140,07-04-2025 05:00,07-04-2025 08:00,Sensor Fault
492,114,18-03-2025 10:00,18-03-2025 16:00,Generator Failure
493,43,27-03-2025 00:00,27-03-2025 10:00,Gearbox Failure
494,62,26-06-2025 17:00,26-06-2025 19:00,Generator Failure
495,145,04-07-2025 02:00,04-07-2025 04:00,Scheduled Maintenance
496,86,17-08-2025 13:00,17-08-2025 16:00,Scheduled Maintenance
497,62,09-06-2025 23:00,10-06-2025 06:00,Sensor Fault
498,15,11-08-2025 17:00,11-08-2025 21:00,Sensor Fault
499,79,23-11-2025 06:00,23-11-2025 15:00,Gearbox Failure
500,32,09-02-2025 14:00,09-02-2025 23:00,Gearbox Failure
501,21,10-05-2025 10:00,10-05-2025 16:00,Blade Inspection
502,115,06-07-2025 18:00,06-07-2025 19:00,Blade Inspection
503,52,28-09-2025 12:00,28-09-2025 15:00,Scheduled Maintenance
504,108,16-02-2025 03:00,16-02-2025 04:00,Generator Failure
505,90,28-07-2025 15:00,28-07-2025 17:00,Scheduled Maintenance
506,94,27-07-2025 11:00,27-07-2025 12:00,Blade Inspection
507,143,09-10-2025 18:00,09-10-2025 22:00,Generator Failure
508,112,26-07-2025 22:00,27-07-2025 06:00,Generator Failure
509,62,19-03-2025 06:00,19-03-2025 14:00,Sensor Fault
510,150,22-06-2025 10:00,22-06-2025 21:00,Scheduled Maintenance
511,69,05-11-2025 13:00,05-11-2025 17:00,Sensor Fault
512,89,09-03-2025 11:00,09-03-2025 22:00,Generator Failure
513,61,25-07-2025 03:00,25-07-2025 05:00,Generator Failure
514,120,02-09-2025 20:00,03-09-2025 02:00,Blade Inspection
515,43,17-06-2025 10:00,17-06-2025 15:00,Generator Failure
516,55,23-06-2025 10:00,23-06-2025 18:00,Gearbox Failure
517,106,24-07-2025 10:00,24-07-2025 20:00,Sensor Fault
518,74,01-01-2025 12:00,01-01-2025 22:00,Blade Inspection
519,127,28-11-2025 08:00,28-11-2025 10:00,Blade Inspection
520,25,11-01-2025 12:00,11-01-2025 23:00,Sensor Fault
521,52,28-07-2025 13:00,28-07-2025 17:00,Scheduled Maintenance
522,72,10-11-2025 03:00,10-11-2025 13:00,Blade Inspection
523,71,19-02-2025 19:00,20-02-2025 00:00,Gearbox Failure
524,128,30-01-2025 08:00,30-01-2025 17:00,Scheduled Maintenance
525,57,21-11-2025 23:00,22-11-2025 08:00,Blade Inspection
526,87,28-01-2025 18:00,29-01-2025 04:00,Sensor Fault
527,21,01-10-2025 12:00,01-10-2025 13:00,Scheduled Maintenance
528,141,28-06-2025 04:00,28-06-2025 09:00,Scheduled Maintenance
529,61,07-02-2025 13:00,07-02-2025 23:00,Gearbox Failure
530,80,25-06-2025 11:00,25-06-2025 17:00,Scheduled Maintenance
531,40,05-02-2025 03:00,05-02-2025 12:00,Gearbox Failure
532,50,29-06-2025 18:00,30-06-2025 04:00,Gearbox Failure
533,86,15-07-2025 03:00,15-07-2025 05:00,Blade Inspection
534,20,21-12-2025 22:00,22-12-2025 08:00,Scheduled Maintenance
535,67,01-02-2025 22:00,02-02-2025 08:00,Gearbox Failure
536,126,05-08-2025 22:00,06-08-2025 04:00,Gearbox Failure
537,87,20-11-2025 01:00,20-11-2025 06:00,Blade Inspection
538,133,17-10-2025 13:00,17-10-2025 21:00,Blade Inspection
539,21,24-04-2025 06:00,24-04-2025 16:00,Scheduled Maintenance
540,137,12-02-2025 19:00,13-02-2025 03:00,Gearbox Failure
541,144,11-12-2025 11:00,11-12-2025 20:00,Gearbox Failure
542,1,03-01-2025 04:00,03-01-2025 10:00,Sensor Fault
543,142,09-01-2025 11:00,09-01-2025 16:00,Generator Failure
544,143,22-03-2025 06:00,22-03-2025 16:00,Sensor Fault
545,96,16-01-2025 04:00,16-01-2025 15:00,Generator Failure
546,78,06-03-2025 23:00,07-03-2025 01:00,Generator Failure
547,30,09-05-2025 23:00,10-05-2025 04:00,Blade Inspection
548,57,28-11-2025 23:00,29-11-2025 00:00,Scheduled Maintenance
549,131,25-09-2025 02:00,25-09-2025 13:00,Generator Failure
550,114,12-11-2025 07:00,12-11-2025 13:00,Gearbox Failure
551,59,14-09-2025 01:00,14-09-2025 03:00,Blade Inspection
552,59,30-03-2025 22:00,31-03-2025 09:00,Blade Inspection
553,61,24-05-2025 11:00,24-05-2025 18:00,Scheduled Maintenance
554,36,21-10-2025 15:00,21-10-2025 21:00,Blade Inspection
555,48,10-02-2025 00:00,10-02-2025 07:00,Gearbox Failure
556,99,16-02-2025 18:00,17-02-2025 01:00,Gearbox Failure
557,10,20-10-2025 04:00,20-10-2025 06:00,Scheduled Maintenance
558,39,28-08-2025 12:00,28-08-2025 20:00,Scheduled Maintenance
559,25,04-07-2025 03:00,04-07-2025 13:00,Scheduled Maintenance
560,7,06-06-2025 08:00,06-06-2025 19:00,Blade Inspection
561,5,17-09-2025 00:00,17-09-2025 11:00,Sensor Fault
562,40,13-05-2025 11:00,13-05-2025 18:00,Blade Inspection
563,20,29-07-2025 21:00,30-07-2025 02:00,Scheduled Maintenance
564,83,09-01-2025 21:00,10-01-2025 02:00,Blade Inspection
565,59,05-12-2025 14:00,05-12-2025 17:00,Generator Failure
566,128,07-06-2025 01:00,07-06-2025 12:00,Generator Failure
567,21,24-03-2025 11:00,24-03-2025 15:00,Blade Inspection
568,16,12-03-2025 05:00,12-03-2025 14:00,Blade Inspection
569,19,18-04-2025 23:00,19-04-2025 02:00,Scheduled Maintenance
570,42,05-03-2025 12:00,05-03-2025 13:00,Gearbox Failure
571,29,15-09-2025 08:00,15-09-2025 10:00,Blade Inspection
572,121,05-09-2025 00:00,05-09-2025 10:00,Blade Inspection
573,117,03-06-2025 10:00,03-06-2025 16:00,Sensor Fault
574,111,11-12-2025 12:00,11-12-2025 23:00,Sensor Fault
575,43,24-07-2025 00:00,24-07-2025 07:00,Scheduled Maintenance
576,112,08-05-2025 05:00,08-05-2025 16:00,Blade Inspection
577,78,26-03-2025 17:00,27-03-2025 04:00,Generator Failure
578,17,22-02-2025 00:00,22-02-2025 07:00,Sensor Fault
579,91,22-01-2025 15:00,22-01-2025 18:00,Blade Inspection
580,28,15-03-2025 14:00,15-03-2025 19:00,Gearbox Failure
581,42,17-07-2025 23:00,18-07-2025 02:00,Scheduled Maintenance
582,136,07-12-2025 16:00,07-12-2025 21:00,Blade Inspection
583,95,28-05-2025 13:00,28-05-2025 16:00,Blade Inspection
584,39,27-05-2025 22:00,28-05-2025 03:00,Gearbox Failure
585,6,13-06-2025 03:00,13-06-2025 13:00,Blade Inspection
586,18,24-05-2025 05:00,24-05-2025 12:00,Generator Failure
587,100,15-05-2025 02:00,15-05-2025 06:00,Scheduled Maintenance
588,142,19-08-2025 16:00,19-08-2025 18:00,Sensor Fault
589,81,28-02-2025 19:00,28-02-2025 22:00,Sensor Fault
590,10,29-12-2025 13:00,29-12-2025 20:00,Blade Inspection
591,146,22-05-2025 17:00,23-05-2025 00:00,Gearbox Failure
592,121,23-04-2025 17:00,23-04-2025 22:00,Scheduled Maintenance
593,104,20-07-2025 18:00,21-07-2025 03:00,Sensor Fault
594,42,18-11-2025 14:00,18-11-2025 17:00,Gearbox Failure
595,15,06-05-2025 06:00,06-05-2025 10:00,Generator Failure
596,147,02-04-2025 20:00,03-04-2025 07:00,Blade Inspection
597,109,01-02-2025 03:00,01-02-2025 13:00,Scheduled Maintenance
598,126,11-07-2025 12:00,11-07-2025 23:00,Sensor Fault
599,133,30-09-2025 01:00,30-09-2025 05:00,Scheduled Maintenance
600,98,02-08-2025 00:00,02-08-2025 03:00,Generator Failure
601,106,10-11-2025 11:00,10-11-2025 20:00,Gearbox Failure
602,5,24-04-2025 11:00,24-04-2025 20:00,Blade Inspection
603,111,22-11-2025 07:00,22-11-2025 18:00,Sensor Fault
604,44,22-08-2025 15:00,22-08-2025 21:00,Sensor Fault
605,30,09-04-2025 20:00,10-04-2025 03:00,Scheduled Maintenance
606,139,03-11-2025 13:00,03-11-2025 16:00,Scheduled Maintenance
607,63,23-06-2025 22:00,24-06-2025 01:00,Scheduled Maintenance
608,44,04-07-2025 06:00,04-07-2025 08:00,Blade Inspection
609,125,10-09-2025 05:00,10-09-2025 12:00,Scheduled Maintenance
610,42,13-10-2025 22:00,14-10-2025 00:00,Blade Inspection
611,115,06-10-2025 16:00,06-10-2025 20:00,Sensor Fault
612,32,28-06-2025 22:00,29-06-2025 06:00,Blade Inspection
613,14,09-09-2025 18:00,10-09-2025 00:00,Sensor Fault
614,84,30-04-2025 18:00,01-05-2025 03:00,Blade Inspection
615,131,09-06-2025 15:00,10-06-2025 01:00,Gearbox Failure
616,56,26-11-2025 23:00,27-11-2025 09:00,Gearbox Failure
617,45,16-10-2025 18:00,16-10-2025 23:00,Blade Inspection
618,107,19-05-2025 20:00,19-05-2025 21:00,Blade Inspection
619,68,31-01-2025 00:00,31-01-2025 08:00,Generator Failure
620,3,27-12-2025 21:00,28-12-2025 07:00,Sensor Fault
621,8,26-07-2025 10:00,26-07-2025 19:00,Blade Inspection
622,67,03-06-2025 04:00,03-06-2025 15:00,Generator Failure
623,87,06-12-2025 22:00,06-12-2025 23:00,Scheduled Maintenance
624,83,05-03-2025 02:00,05-03-2025 13:00,Blade Inspection
625,104,15-03-2025 09:00,15-03-2025 16:00,Blade Inspection
626,58,13-08-2025 20:00,14-08-2025 04:00,Scheduled Maintenance
627,56,02-06-2025 08:00,02-06-2025 18:00,Blade Inspection
628,84,23-02-2025 23:00,24-02-2025 01:00,Blade Inspection
629,115,18-06-2025 21:00,19-06-2025 02:00,Scheduled Maintenance
630,35,04-04-2025 23:00,05-04-2025 05:00,Blade Inspection
631,107,28-10-2025 02:00,28-10-2025 04:00,Generator Failure
632,81,04-03-2025 06:00,04-03-2025 09:00,Scheduled Maintenance
633,26,05-05-2025 05:00,05-05-2025 07:00,Blade Inspection
634,149,14-09-2025 11:00,14-09-2025 19:00,Sensor Fault
635,10,19-04-2025 04:00,19-04-2025 05:00,Sensor Fault
636,82,09-10-2025 03:00,09-10-2025 05:00,Generator Failure
637,40,08-07-2025 16:00,08-07-2025 23:00,Gearbox Failure
638,29,13-02-2025 05:00,13-02-2025 12:00,Sensor Fault
639,40,27-11-2025 07:00,27-11-2025 16:00,Generator Failure
640,61,02-10-2025 00:00,02-10-2025 03:00,Sensor Fault
641,2,07-06-2025 12:00,07-06-2025 23:00,Sensor Fault
642,55,19-03-2025 21:00,20-03-2025 00:00,Gearbox Failure
643,120,18-07-2025 01:00,18-07-2025 05:00,Sensor Fault
644,37,01-02-2025 03:00,01-02-2025 11:00,Scheduled Maintenance
645,92,11-03-2025 05:00,11-03-2025 07:00,Sensor Fault
646,3,09-06-2025 04:00,09-06-2025 07:00,Blade Inspection
647,17,25-05-2025 10:00,25-05-2025 12:00,Sensor Fault
648,64,02-02-2025 16:00,03-02-2025 00:00,Generator Failure
649,96,29-07-2025 06:00,29-07-2025 17:00,Blade Inspection
650,18,27-11-2025 06:00,27-11-2025 09:00,Sensor Fault
651,79,02-04-2025 05:00,02-04-2025 06:00,Gearbox Failure
652,126,18-12-2025 20:00,19-12-2025 06:00,Generator Failure
653,39,17-11-2025 18:00,18-11-2025 02:00,Scheduled Maintenance
654,110,10-03-2025 11:00,10-03-2025 20:00,Blade Inspection
655,95,13-12-2025 01:00,13-12-2025 08:00,Gearbox Failure
656,17,11-09-2025 02:00,11-09-2025 13:00,Gearbox Failure
657,11,05-06-2025 19:00,06-06-2025 02:00,Gearbox Failure
658,99,26-03-2025 19:00,27-03-2025 00:00,Blade Inspection
659,4,28-11-2025 16:00,29-11-2025 03:00,Scheduled Maintenance
660,54,09-03-2025 23:00,10-03-2025 09:00,Scheduled Maintenance
661,114,30-10-2025 20:00,31-10-2025 07:00,Blade Inspection
662,15,10-10-2025 15:00,10-10-2025 18:00,Sensor Fault
663,103,04-06-2025 02:00,04-06-2025 06:00,Gearbox Failure
664,35,23-12-2025 17:00,23-12-2025 23:00,Blade Inspection
665,127,18-10-2025 00:00,18-10-2025 01:00,Sensor Fault
666,56,05-05-2025 15:00,05-05-2025 22:00,Scheduled Maintenance
667,126,07-08-2025 07:00,07-08-2025 10:00,Scheduled Maintenance
668,83,14-10-2025 00:00,14-10-2025 06:00,Blade Inspection
669,70,25-02-2025 23:00,26-02-2025 01:00,Blade Inspection
670,96,26-03-2025 02:00,26-03-2025 10:00,Scheduled Maintenance
671,6,07-01-2025 12:00,07-01-2025 17:00,Scheduled Maintenance
672,58,03-03-2025 03:00,03-03-2025 11:00,Generator Failure
673,64,27-11-2025 20:00,28-11-2025 07:00,Scheduled Maintenance
674,80,21-12-2025 19:00,22-12-2025 06:00,Scheduled Maintenance
675,149,27-09-2025 04:00,27-09-2025 13:00,Sensor Fault
676,36,23-03-2025 07:00,23-03-2025 11:00,Sensor Fault
677,19,21-10-2025 02:00,21-10-2025 04:00,Gearbox Failure
678,132,03-07-2025 04:00,03-07-2025 05:00,Scheduled Maintenance
679,96,25-08-2025 11:00,25-08-2025 14:00,Scheduled Maintenance
680,118,25-08-2025 02:00,25-08-2025 08:00,Gearbox Failure
681,93,28-02-2025 09:00,28-02-2025 10:00,Scheduled Maintenance
682,22,01-12-2025 22:00,02-12-2025 05:00,Generator Failure
683,22,28-05-2025 13:00,28-05-2025 15:00,Sensor Fault
684,50,28-12-2025 18:00,28-12-2025 19:00,Gearbox Failure
685,131,12-01-2025 06:00,12-01-2025 14:00,Generator Failure
686,41,13-01-2025 23:00,14-01-2025 10:00,Generator Failure
687,63,21-01-2025 20:00,22-01-2025 03:00,Gearbox Failure
688,92,01-05-2025 10:00,01-05-2025 17:00,Scheduled Maintenance
689,48,25-11-2025 01:00,25-11-2025 05:00,Scheduled Maintenance
690,144,30-10-2025 21:00,30-10-2025 22:00,Gearbox Failure
691,27,27-05-2025 01:00,27-05-2025 07:00,Scheduled Maintenance
692,57,28-04-2025 23:00,29-04-2025 00:00,Scheduled Maintenance
693,14,30-03-2025 14:00,30-03-2025 22:00,Generator Failure
694,148,27-03-2025 14:00,27-03-2025 23:00,Gearbox Failure
695,138,12-05-2025 02:00,12-05-2025 12:00,Blade Inspection
696,92,05-04-2025 18:00,05-04-2025 23:00,Blade Inspection
697,58,08-10-2025 15:00,09-10-2025 00:00,Scheduled Maintenance
698,117,24-04-2025 13:00,24-04-2025 16:00,Sensor Fault
699,56,23-11-2025 07:00,23-11-2025 14:00,Generator Failure
700,130,11-10-2025 04:00,11-10-2025 05:00,Sensor Fault
701,17,18-01-2025 21:00,19-01-2025 00:00,Scheduled Maintenance
702,46,11-04-2025 17:00,11-04-2025 18:00,Generator Failure
703,103,13-08-2025 23:00,14-08-2025 06:00,Blade Inspection
704,80,14-11-2025 09:00,14-11-2025 13:00,Gearbox Failure
705,54,25-02-2025 23:00,26-02-2025 07:00,Gearbox Failure
706,64,17-02-2025 18:00,17-02-2025 23:00,Scheduled Maintenance
707,7,23-01-2025 18:00,24-01-2025 04:00,Gearbox Failure
708,20,05-10-2025 19:00,06-10-2025 06:00,Blade Inspection
709,22,27-01-2025 23:00,28-01-2025 04:00,Scheduled Maintenance
710,22,04-05-2025 11:00,04-05-2025 14:00,Sensor Fault
711,58,30-01-2025 18:00,30-01-2025 19:00,Gearbox Failure
712,133,30-04-2025 23:00,01-05-2025 00:00,Generator Failure
713,4,08-05-2025 21:00,09-05-2025 07:00,Blade Inspection
714,57,14-12-2025 19:00,15-12-2025 01:00,Gearbox Failure
715,102,01-08-2025 11:00,01-08-2025 19:00,Sensor Fault
716,36,01-07-2025 17:00,01-07-2025 23:00,Gearbox Failure
717,13,26-09-2025 18:00,26-09-2025 23:00,Sensor Fault
718,49,09-11-2025 08:00,09-11-2025 17:00,Generator Failure
719,68,23-09-2025 21:00,24-09-2025 00:00,Blade Inspection
720,58,30-05-2025 16:00,30-05-2025 21:00,Gearbox Failure
721,18,15-06-2025 07:00,15-06-2025 17:00,Scheduled Maintenance
722,38,03-05-2025 14:00,03-05-2025 17:00,Blade Inspection
723,51,10-02-2025 21:00,11-02-2025 04:00,Sensor Fault
724,82,10-04-2025 13:00,10-04-2025 18:00,Sensor Fault
725,70,06-08-2025 09:00,06-08-2025 11:00,Blade Inspection
726,59,12-09-2025 01:00,12-09-2025 04:00,Sensor Fault
727,51,08-03-2025 06:00,08-03-2025 08:00,Sensor Fault
728,132,04-06-2025 18:00,04-06-2025 19:00,Sensor Fault
729,77,01-01-2025 20:00,02-01-2025 07:00,Generator Failure
730,10,07-08-2025 03:00,07-08-2025 07:00,Generator Failure
731,90,25-09-2025 19:00,25-09-2025 21:00,Scheduled Maintenance
732,143,18-04-2025 06:00,18-04-2025 11:00,Blade Inspection
733,131,30-01-2025 15:00,30-01-2025 16:00,Blade Inspection
734,5,27-01-2025 05:00,27-01-2025 13:00,Blade Inspection
735,127,21-06-2025 09:00,21-06-2025 13:00,Blade Inspection
736,114,23-02-2025 10:00,23-02-2025 12:00,Gearbox Failure
737,62,22-04-2025 22:00,22-04-2025 23:00,Scheduled Maintenance
738,102,02-02-2025 22:00,03-02-2025 03:00,Gearbox Failure
739,64,07-03-2025 00:00,07-03-2025 02:00,Scheduled Maintenance
740,58,19-06-2025 15:00,20-06-2025 00:00,Generator Failure
741,6,23-03-2025 14:00,23-03-2025 23:00,Generator Failure
742,40,09-10-2025 02:00,09-10-2025 06:00,Sensor Fault
743,122,12-12-2025 08:00,12-12-2025 14:00,Generator Failure
744,55,18-04-2025 08:00,18-04-2025 19:00,Generator Failure
745,119,30-06-2025 18:00,30-06-2025 20:00,Generator Failure
746,113,29-04-2025 11:00,29-04-2025 13:00,Blade Inspection
747,62,21-01-2025 20:00,22-01-2025 03:00,Blade Inspection
748,50,19-08-2025 21:00,20-08-2025 05:00,Blade Inspection
749,141,13-01-2025 02:00,13-01-2025 03:00,Blade Inspection
750,16,15-01-2025 16:00,15-01-2025 22:00,Generator Failure
751,58,04-12-2025 03:00,04-12-2025 05:00,Generator Failure
752,85,10-03-2025 07:00,10-03-2025 15:00,Sensor Fault
753,52,26-10-2025 05:00,26-10-2025 08:00,Scheduled Maintenance
754,144,05-10-2025 14:00,05-10-2025 21:00,Generator Failure
755,93,27-08-2025 08:00,27-08-2025 15:00,Gearbox Failure
756,106,17-06-2025 04:00,17-06-2025 14:00,Gearbox Failure
757,122,18-04-2025 05:00,18-04-2025 08:00,Blade Inspection
758,137,24-02-2025 15:00,24-02-2025 18:00,Scheduled Maintenance
759,35,14-10-2025 23:00,15-10-2025 02:00,Scheduled Maintenance
760,95,06-11-2025 22:00,07-11-2025 03:00,Sensor Fault
761,21,17-09-2025 05:00,17-09-2025 06:00,Sensor Fault
762,51,14-04-2025 19:00,15-04-2025 06:00,Gearbox Failure
763,16,23-10-2025 18:00,24-10-2025 04:00,Gearbox Failure
764,45,22-08-2025 16:00,22-08-2025 21:00,Gearbox Failure
765,96,22-09-2025 17:00,23-09-2025 04:00,Gearbox Failure
766,77,04-01-2025 11:00,04-01-2025 16:00,Generator Failure
767,30,27-10-2025 17:00,27-10-2025 22:00,Gearbox Failure
768,64,05-10-2025 11:00,05-10-2025 13:00,Blade Inspection
769,140,04-08-2025 16:00,04-08-2025 21:00,Gearbox Failure
770,51,18-05-2025 17:00,18-05-2025 19:00,Blade Inspection
771,126,22-12-2025 23:00,23-12-2025 08:00,Gearbox Failure
772,66,19-03-2025 16:00,19-03-2025 18:00,Generator Failure
773,62,10-07-2025 20:00,10-07-2025 23:00,Sensor Fault
774,78,23-09-2025 21:00,24-09-2025 04:00,Blade Inspection
775,112,17-02-2025 07:00,17-02-2025 12:00,Sensor Fault
776,104,21-03-2025 16:00,21-03-2025 23:00,Sensor Fault
777,113,04-10-2025 01:00,04-10-2025 12:00,Scheduled Maintenance
778,32,30-03-2025 02:00,30-03-2025 09:00,Sensor Fault
779,84,07-10-2025 15:00,08-10-2025 01:00,Generator Failure
780,59,10-05-2025 15:00,10-05-2025 22:00,Blade Inspection
781,29,18-07-2025 16:00,19-07-2025 02:00,Blade Inspection
782,79,22-04-2025 03:00,22-04-2025 14:00,Sensor Fault
783,146,01-12-2025 05:00,01-12-2025 10:00,Blade Inspection
784,99,20-02-2025 22:00,21-02-2025 00:00,Blade Inspection
785,88,13-03-2025 03:00,13-03-2025 09:00,Scheduled Maintenance
786,127,17-05-2025 09:00,17-05-2025 13:00,Generator Failure
787,96,07-05-2025 03:00,07-05-2025 10:00,Blade Inspection
788,69,17-07-2025 21:00,18-07-2025 05:00,Blade Inspection
789,106,31-03-2025 17:00,01-04-2025 02:00,Gearbox Failure
790,124,25-01-2025 14:00,25-01-2025 21:00,Sensor Fault
791,125,17-09-2025 19:00,18-09-2025 04:00,Scheduled Maintenance
792,21,15-12-2025 01:00,15-12-2025 02:00,Blade Inspection
793,129,19-07-2025 06:00,19-07-2025 07:00,Sensor Fault
794,107,11-10-2025 08:00,11-10-2025 19:00,Blade Inspection
795,62,27-10-2025 19:00,28-10-2025 04:00,Generator Failure
796,139,20-02-2025 00:00,20-02-2025 02:00,Scheduled Maintenance
797,37,12-02-2025 03:00,12-02-2025 05:00,Generator Failure
798,146,11-03-2025 08:00,11-03-2025 12:00,Scheduled Maintenance
799,72,27-12-2025 21:00,28-12-2025 06:00,Gearbox Failure
800,52,29-03-2025 06:00,29-03-2025 15:00,Gearbox Failure
801,84,21-12-2025 19:00,21-12-2025 23:00,Gearbox Failure
802,27,09-01-2025 06:00,09-01-2025 10:00,Sensor Fault
803,148,14-06-2025 10:00,14-06-2025 12:00,Sensor Fault
804,38,30-11-2025 23:00,01-12-2025 00:00,Sensor Fault
805,69,06-10-2025 04:00,06-10-2025 08:00,Gearbox Failure
806,73,04-05-2025 01:00,04-05-2025 04:00,Sensor Fault
807,17,02-08-2025 01:00,02-08-2025 09:00,Generator Failure
808,45,03-11-2025 07:00,03-11-2025 14:00,Generator Failure
809,28,04-06-2025 06:00,04-06-2025 13:00,Generator Failure
810,44,25-03-2025 17:00,26-03-2025 04:00,Sensor Fault
811,6,20-08-2025 02:00,20-08-2025 10:00,Sensor Fault
812,105,20-12-2025 19:00,21-12-2025 04:00,Blade Inspection
813,138,06-08-2025 20:00,06-08-2025 21:00,Scheduled Maintenance
814,60,15-09-2025 03:00,15-09-2025 14:00,Gearbox Failure
815,38,24-06-2025 14:00,25-06-2025 01:00,Gearbox Failure
816,52,24-02-2025 23:00,25-02-2025 08:00,Scheduled Maintenance
817,142,23-07-2025 19:00,24-07-2025 06:00,Gearbox Failure
818,80,22-08-2025 20:00,22-08-2025 22:00,Generator Failure
819,87,27-09-2025 15:00,27-09-2025 18:00,Generator Failure
820,21,17-11-2025 07:00,17-11-2025 12:00,Blade Inspection
821,124,24-04-2025 09:00,24-04-2025 15:00,Gearbox Failure
822,32,24-07-2025 00:00,24-07-2025 09:00,Sensor Fault
823,7,28-12-2025 04:00,28-12-2025 05:00,Generator Failure
824,47,02-12-2025 01:00,02-12-2025 06:00,Sensor Fault
825,29,12-06-2025 03:00,12-06-2025 13:00,Generator Failure
826,142,09-01-2025 02:00,09-01-2025 03:00,Sensor Fault
827,12,06-09-2025 07:00,06-09-2025 11:00,Generator Failure
828,108,27-08-2025 21:00,28-08-2025 06:00,Scheduled Maintenance
829,110,20-02-2025 05:00,20-02-2025 07:00,Blade Inspection
830,23,08-01-2025 02:00,08-01-2025 12:00,Scheduled Maintenance
831,11,26-04-2025 21:00,27-04-2025 07:00,Blade Inspection
832,98,02-02-2025 13:00,03-02-2025 00:00,Blade Inspection
833,8,02-08-2025 01:00,02-08-2025 03:00,Scheduled Maintenance
834,55,04-06-2025 23:00,05-06-2025 08:00,Blade Inspection
835,40,07-10-2025 09:00,07-10-2025 14:00,Generator Failure
836,91,12-03-2025 15:00,12-03-2025 19:00,Generator Failure
837,56,09-01-2025 01:00,09-01-2025 03:00,Scheduled Maintenance
838,19,20-04-2025 14:00,20-04-2025 20:00,Sensor Fault
839,55,13-03-2025 16:00,13-03-2025 18:00,Blade Inspection
840,139,26-04-2025 05:00,26-04-2025 13:00,Blade Inspection
841,25,16-09-2025 14:00,16-09-2025 18:00,Scheduled Maintenance
842,29,03-08-2025 00:00,03-08-2025 08:00,Generator Failure
843,75,08-07-2025 04:00,08-07-2025 10:00,Generator Failure
844,53,09-08-2025 23:00,10-08-2025 08:00,Scheduled Maintenance
845,80,03-07-2025 01:00,03-07-2025 07:00,Sensor Fault
846,17,30-08-2025 16:00,30-08-2025 19:00,Blade Inspection
847,62,21-05-2025 08:00,21-05-2025 11:00,Generator Failure
848,57,22-06-2025 14:00,22-06-2025 21:00,Generator Failure
849,72,19-05-2025 03:00,19-05-2025 10:00,Generator Failure
850,123,12-02-2025 09:00,12-02-2025 20:00,Blade Inspection
851,74,24-08-2025 01:00,24-08-2025 06:00,Scheduled Maintenance
852,16,04-06-2025 11:00,04-06-2025 12:00,Sensor Fault
853,71,28-10-2025 00:00,28-10-2025 01:00,Blade Inspection
854,15,05-07-2025 22:00,06-07-2025 03:00,Gearbox Failure
855,53,20-07-2025 18:00,21-07-2025 01:00,Blade Inspection
856,133,23-04-2025 12:00,23-04-2025 13:00,Blade Inspection
857,23,01-06-2025 10:00,01-06-2025 16:00,Generator Failure
858,126,15-12-2025 01:00,15-12-2025 03:00,Gearbox Failure
859,125,02-02-2025 06:00,02-02-2025 07:00,Scheduled Maintenance
860,150,22-04-2025 10:00,22-04-2025 16:00,Generator Failure
861,11,07-12-2025 06:00,07-12-2025 10:00,Scheduled Maintenance
862,53,27-02-2025 09:00,27-02-2025 10:00,Scheduled Maintenance
863,108,10-12-2025 19:00,11-12-2025 05:00,Scheduled Maintenance
864,16,09-02-2025 07:00,09-02-2025 17:00,Scheduled Maintenance
865,90,14-09-2025 19:00,15-09-2025 00:00,Scheduled Maintenance
866,126,11-02-2025 04:00,11-02-2025 11:00,Blade Inspection
867,6,18-05-2025 21:00,19-05-2025 05:00,Blade Inspection
868,118,07-02-2025 14:00,07-02-2025 23:00,Scheduled Maintenance
869,72,08-04-2025 00:00,08-04-2025 11:00,Gearbox Failure
870,103,29-01-2025 06:00,29-01-2025 12:00,Scheduled Maintenance
871,44,11-09-2025 18:00,12-09-2025 03:00,Gearbox Failure
872,49,06-05-2025 01:00,06-05-2025 03:00,Generator Failure
873,7,25-07-2025 21:00,25-07-2025 22:00,Generator Failure
874,23,07-04-2025 03:00,07-04-2025 09:00,Generator Failure
875,115,09-11-2025 05:00,09-11-2025 09:00,Gearbox Failure
876,75,12-06-2025 10:00,12-06-2025 17:00,Generator Failure
877,148,17-11-2025 09:00,17-11-2025 13:00,Blade Inspection
878,23,11-05-2025 07:00,11-05-2025 16:00,Sensor Fault
879,20,09-01-2025 01:00,09-01-2025 08:00,Generator Failure
880,83,03-05-2025 13:00,03-05-2025 20:00,Scheduled Maintenance
881,140,15-03-2025 06:00,15-03-2025 08:00,Scheduled Maintenance
882,5,30-07-2025 03:00,30-07-2025 04:00,Sensor Fault
883,138,05-12-2025 05:00,05-12-2025 11:00,Sensor Fault
884,56,07-08-2025 06:00,07-08-2025 12:00,Scheduled Maintenance
885,149,27-12-2025 12:00,27-12-2025 22:00,Scheduled Maintenance
886,84,10-11-2025 10:00,10-11-2025 21:00,Generator Failure
887,57,16-05-2025 11:00,16-05-2025 13:00,Generator Failure
888,140,14-02-2025 03:00,14-02-2025 08:00,Blade Inspection
889,8,19-01-2025 01:00,19-01-2025 06:00,Scheduled Maintenance
890,113,10-07-2025 17:00,11-07-2025 02:00,Gearbox Failure
891,31,28-11-2025 09:00,28-11-2025 15:00,Gearbox Failure
892,31,08-03-2025 19:00,09-03-2025 02:00,Scheduled Maintenance
893,145,13-06-2025 17:00,14-06-2025 03:00,Scheduled Maintenance
894,4,21-12-2025 00:00,21-12-2025 02:00,Gearbox Failure
895,50,06-02-2025 11:00,06-02-2025 21:00,Sensor Fault
896,131,10-10-2025 07:00,10-10-2025 13:00,Gearbox Failure
897,129,18-04-2025 17:00,18-04-2025 23:00,Generator Failure
898,62,22-12-2025 00:00,22-12-2025 10:00,Blade Inspection
899,22,30-08-2025 09:00,30-08-2025 11:00,Blade Inspection
900,8,13-02-2025 11:00,13-02-2025 17:00,Generator Failure
901,27,24-12-2025 07:00,24-12-2025 08:00,Sensor Fault
902,58,12-09-2025 20:00,13-09-2025 00:00,Gearbox Failure
903,85,28-08-2025 11:00,28-08-2025 19:00,Scheduled Maintenance
904,129,10-11-2025 08:00,10-11-2025 11:00,Gearbox Failure
905,148,10-06-2025 07:00,10-06-2025 15:00,Generator Failure
906,41,05-02-2025 08:00,05-02-2025 14:00,Generator Failure
907,121,10-08-2025 04:00,10-08-2025 15:00,Sensor Fault
908,18,19-07-2025 10:00,19-07-2025 17:00,Sensor Fault
909,103,08-01-2025 15:00,08-01-2025 20:00,Generator Failure
910,119,12-06-2025 12:00,12-06-2025 16:00,Generator Failure
911,116,12-10-2025 20:00,13-10-2025 04:00,Sensor Fault
912,33,20-07-2025 06:00,20-07-2025 13:00,Sensor Fault
913,132,17-12-2025 18:00,17-12-2025 21:00,Sensor Fault
914,83,20-05-2025 10:00,20-05-2025 18:00,Gearbox Failure
915,77,06-10-2025 11:00,06-10-2025 14:00,Sensor Fault
916,54,26-02-2025 06:00,26-02-2025 16:00,Generator Failure
917,134,21-06-2025 20:00,22-06-2025 02:00,Generator Failure
918,34,17-10-2025 01:00,17-10-2025 09:00,Generator Failure
919,37,08-03-2025 05:00,08-03-2025 11:00,Scheduled Maintenance
920,61,17-01-2025 01:00,17-01-2025 05:00,Scheduled Maintenance
921,65,03-08-2025 21:00,04-08-2025 00:00,Gearbox Failure
922,108,29-01-2025 10:00,29-01-2025 17:00,Scheduled Maintenance
923,147,03-01-2025 23:00,04-01-2025 05:00,Sensor Fault
924,32,20-03-2025 11:00,20-03-2025 13:00,Blade Inspection
925,84,03-01-2025 11:00,03-01-2025 18:00,Generator Failure
926,144,06-09-2025 12:00,06-09-2025 22:00,Scheduled Maintenance
927,112,15-04-2025 18:00,15-04-2025 21:00,Sensor Fault
928,147,03-06-2025 14:00,03-06-2025 22:00,Sensor Fault
929,76,09-09-2025 17:00,09-09-2025 23:00,Generator Failure
930,65,08-05-2025 13:00,08-05-2025 21:00,Gearbox Failure
931,128,25-10-2025 18:00,25-10-2025 21:00,Blade Inspection
932,116,12-05-2025 16:00,12-05-2025 22:00,Gearbox Failure
933,53,01-03-2025 07:00,01-03-2025 17:00,Generator Failure
934,21,21-07-2025 09:00,21-07-2025 15:00,Scheduled Maintenance
935,62,13-10-2025 04:00,13-10-2025 06:00,Scheduled Maintenance
936,20,04-12-2025 23:00,05-12-2025 03:00,Sensor Fault
937,118,18-06-2025 11:00,18-06-2025 19:00,Scheduled Maintenance
938,24,25-03-2025 18:00,25-03-2025 19:00,Blade Inspection
939,15,22-05-2025 12:00,22-05-2025 19:00,Sensor Fault
940,149,09-04-2025 04:00,09-04-2025 09:00,Generator Failure
941,108,05-12-2025 07:00,05-12-2025 18:00,Scheduled Maintenance
942,23,14-02-2025 14:00,14-02-2025 23:00,Blade Inspection
943,55,05-01-2025 16:00,05-01-2025 19:00,Gearbox Failure
944,90,20-05-2025 19:00,20-05-2025 20:00,Blade Inspection
945,120,22-06-2025 07:00,22-06-2025 13:00,Scheduled Maintenance
946,69,20-09-2025 06:00,20-09-2025 13:00,Generator Failure
947,146,06-01-2025 04:00,06-01-2025 09:00,Sensor Fault
948,145,23-03-2025 10:00,23-03-2025 13:00,Generator Failure
949,31,19-08-2025 02:00,19-08-2025 07:00,Gearbox Failure
950,28,16-03-2025 03:00,16-03-2025 04:00,Blade Inspection
951,120,17-05-2025 13:00,17-05-2025 16:00,Sensor Fault
952,16,13-01-2025 05:00,13-01-2025 11:00,Blade Inspection
953,54,30-05-2025 23:00,31-05-2025 07:00,Scheduled Maintenance
954,74,17-06-2025 13:00,17-06-2025 18:00,Gearbox Failure
955,42,18-03-2025 16:00,18-03-2025 21:00,Blade Inspection
956,47,19-01-2025 16:00,19-01-2025 22:00,Generator Failure
957,97,12-02-2025 16:00,13-02-2025 01:00,Scheduled Maintenance
958,33,10-12-2025 13:00,10-12-2025 19:00,Scheduled Maintenance
959,97,11-02-2025 10:00,11-02-2025 17:00,Scheduled Maintenance
960,82,14-06-2025 00:00,14-06-2025 08:00,Generator Failure
961,141,10-12-2025 13:00,11-12-2025 00:00,Sensor Fault
962,58,05-03-2025 13:00,05-03-2025 14:00,Sensor Fault
963,81,15-11-2025 04:00,15-11-2025 07:00,Sensor Fault
964,65,23-05-2025 10:00,23-05-2025 19:00,Sensor Fault
965,104,20-11-2025 03:00,20-11-2025 05:00,Gearbox Failure
966,143,07-10-2025 11:00,07-10-2025 13:00,Blade Inspection
967,139,05-09-2025 14:00,05-09-2025 20:00,Generator Failure
968,145,01-07-2025 01:00,01-07-2025 06:00,Scheduled Maintenance
969,137,26-07-2025 13:00,26-07-2025 23:00,Gearbox Failure
970,78,16-11-2025 09:00,16-11-2025 18:00,Blade Inspection
971,150,08-05-2025 09:00,08-05-2025 16:00,Scheduled Maintenance
972,9,21-05-2025 01:00,21-05-2025 03:00,Sensor Fault
973,42,14-11-2025 15:00,14-11-2025 22:00,Gearbox Failure
974,115,29-06-2025 10:00,29-06-2025 21:00,Gearbox Failure
975,46,16-07-2025 21:00,17-07-2025 05:00,Scheduled Maintenance
976,25,31-03-2025 00:00,31-03-2025 05:00,Sensor Fault
977,29,15-04-2025 05:00,15-04-2025 09:00,Gearbox Failure
978,67,31-12-2025 20:00,01-01-2026 07:00,Scheduled Maintenance
979,12,31-01-2025 14:00,01-02-2025 00:00,Gearbox Failure
980,49,08-11-2025 02:00,08-11-2025 06:00,Gearbox Failure
981,105,29-07-2025 20:00,29-07-2025 23:00,Gearbox Failure
982,57,30-12-2025 18:00,31-12-2025 01:00,Scheduled Maintenance
983,122,09-11-2025 21:00,09-11-2025 22:00,Scheduled Maintenance
984,82,28-12-2025 12:00,28-12-2025 20:00,Blade Inspection
985,64,22-07-2025 14:00,22-07-2025 22:00,Sensor Fault
986,135,15-12-2025 17:00,16-12-2025 01:00,Sensor Fault
987,76,29-08-2025 20:00,30-08-2025 00:00,Gearbox Failure
988,88,27-06-2025 18:00,27-06-2025 20:00,Blade Inspection
989,133,23-01-2025 08:00,23-01-2025 19:00,Sensor Fault
990,137,20-09-2025 08:00,20-09-2025 09:00,Generator Failure
991,108,12-04-2025 06:00,12-04-2025 15:00,Scheduled Maintenance
992,25,06-02-2025 04:00,06-02-2025 13:00,Sensor Fault
993,31,11-09-2025 09:00,11-09-2025 16:00,Blade Inspection
994,52,09-06-2025 00:00,09-06-2025 06:00,Gearbox Failure
995,53,08-10-2025 07:00,08-10-2025 11:00,Gearbox Failure
996,109,18-11-2025 22:00,19-11-2025 02:00,Gearbox Failure
997,12,23-02-2025 22:00,24-02-2025 06:00,Sensor Fault
998,128,09-06-2025 07:00,09-06-2025 09:00,Generator Failure
999,31,21-03-2025 07:00,21-03-2025 12:00,Blade Inspection
1000,99,08-04-2025 22:00,09-04-2025 01:00,Generator Failure
1001,111,14-02-2025 15:00,14-02-2025 22:00,Scheduled Maintenance
1002,32,23-08-2025 15:00,24-08-2025 02:00,Scheduled Maintenance
1003,135,13-07-2025 08:00,13-07-2025 17:00,Generator Failure
1004,23,17-09-2025 03:00,17-09-2025 11:00,Generator Failure
1005,29,06-01-2025 20:00,06-01-2025 22:00,Sensor Fault
1006,102,29-03-2025 09:00,29-03-2025 15:00,Generator Failure
1007,99,07-05-2025 11:00,07-05-2025 19:00,Sensor Fault
1008,107,12-05-2025 19:00,13-05-2025 03:00,Gearbox Failure
1009,105,28-07-2025 19:00,29-07-2025 02:00,Blade Inspection
1010,147,22-05-2025 10:00,22-05-2025 11:00,Sensor Fault
1011,118,25-09-2025 11:00,25-09-2025 21:00,Sensor Fault
1012,20,17-10-2025 11:00,17-10-2025 19:00,Gearbox Failure
1013,89,01-02-2025 21:00,02-02-2025 08:00,Scheduled Maintenance
1014,135,27-03-2025 20:00,28-03-2025 06:00,Gearbox Failure
1015,7,08-11-2025 04:00,08-11-2025 07:00,Blade Inspection
1016,31,14-11-2025 10:00,14-11-2025 17:00,Sensor Fault
1017,59,04-02-2025 15:00,04-02-2025 19:00,Gearbox Failure
1018,17,11-03-2025 03:00,11-03-2025 11:00,Sensor Fault
1019,103,25-01-2025 07:00,25-01-2025 11:00,Blade Inspection
1020,108,29-09-2025 04:00,29-09-2025 10:00,Blade Inspection
1021,102,08-01-2025 04:00,08-01-2025 06:00,Sensor Fault
1022,139,11-05-2025 12:00,11-05-2025 17:00,Scheduled Maintenance
1023,70,03-08-2025 01:00,03-08-2025 10:00,Scheduled Maintenance
1024,15,18-05-2025 03:00,18-05-2025 11:00,Scheduled Maintenance
1025,123,20-10-2025 12:00,20-10-2025 20:00,Blade Inspection
1026,80,18-11-2025 13:00,18-11-2025 15:00,Scheduled Maintenance
1027,51,08-11-2025 13:00,08-11-2025 14:00,Gearbox Failure
1028,124,11-05-2025 06:00,11-05-2025 14:00,Scheduled Maintenance
1029,34,18-02-2025 10:00,18-02-2025 21:00,Gearbox Failure
1030,144,26-08-2025 00:00,26-08-2025 10:00,Blade Inspection
1031,88,22-08-2025 04:00,22-08-2025 07:00,Gearbox Failure
1032,144,08-03-2025 17:00,09-03-2025 00:00,Sensor Fault
1033,113,18-05-2025 05:00,18-05-2025 09:00,Blade Inspection
1034,27,25-11-2025 19:00,26-11-2025 04:00,Gearbox Failure
1035,104,20-10-2025 04:00,20-10-2025 10:00,Scheduled Maintenance
1036,55,13-12-2025 22:00,14-12-2025 00:00,Generator Failure
1037,14,06-03-2025 10:00,06-03-2025 17:00,Gearbox Failure
1038,12,28-05-2025 08:00,28-05-2025 13:00,Generator Failure
1039,27,05-01-2025 16:00,05-01-2025 17:00,Generator Failure
1040,116,23-06-2025 03:00,23-06-2025 11:00,Generator Failure
1041,141,23-07-2025 01:00,23-07-2025 08:00,Generator Failure
1042,70,16-03-2025 09:00,16-03-2025 13:00,Generator Failure
1043,46,16-09-2025 17:00,17-09-2025 02:00,Sensor Fault
1044,34,23-10-2025 19:00,24-10-2025 03:00,Scheduled Maintenance
1045,49,31-08-2025 15:00,31-08-2025 21:00,Blade Inspection
1046,100,11-04-2025 22:00,12-04-2025 00:00,Generator Failure
1047,37,18-09-2025 18:00,19-09-2025 00:00,Gearbox Failure
1048,30,20-10-2025 03:00,20-10-2025 06:00,Scheduled Maintenance
1049,66,13-08-2025 03:00,13-08-2025 04:00,Generator Failure
1050,124,02-04-2025 08:00,02-04-2025 16:00,Gearbox Failure
1051,85,01-03-2025 04:00,01-03-2025 05:00,Generator Failure
1052,129,07-03-2025 10:00,07-03-2025 18:00,Generator Failure
1053,111,23-06-2025 22:00,24-06-2025 06:00,Generator Failure
1054,51,26-12-2025 17:00,26-12-2025 22:00,Blade Inspection
1055,24,06-05-2025 14:00,07-05-2025 01:00,Sensor Fault
1056,126,02-09-2025 20:00,03-09-2025 04:00,Sensor Fault
1057,78,23-07-2025 14:00,23-07-2025 17:00,Scheduled Maintenance
1058,105,02-06-2025 13:00,02-06-2025 16:00,Scheduled Maintenance
1059,28,13-03-2025 16:00,13-03-2025 19:00,Gearbox Failure
1060,127,20-05-2025 11:00,20-05-2025 18:00,Sensor Fault
1061,42,05-11-2025 07:00,05-11-2025 12:00,Gearbox Failure
1062,57,14-07-2025 06:00,14-07-2025 13:00,Generator Failure
1063,111,25-03-2025 07:00,25-03-2025 10:00,Sensor Fault
1064,92,17-09-2025 02:00,17-09-2025 07:00,Generator Failure
1065,103,20-04-2025 15:00,20-04-2025 23:00,Scheduled Maintenance
1066,120,29-04-2025 05:00,29-04-2025 13:00,Scheduled Maintenance
1067,5,19-10-2025 18:00,19-10-2025 22:00,Gearbox Failure
1068,38,17-06-2025 19:00,17-06-2025 20:00,Sensor Fault
1069,93,14-10-2025 13:00,15-10-2025 00:00,Scheduled Maintenance
1070,140,12-08-2025 19:00,13-08-2025 02:00,Blade Inspection
1071,130,20-06-2025 16:00,21-06-2025 02:00,Gearbox Failure
1072,89,18-07-2025 08:00,18-07-2025 16:00,Gearbox Failure
1073,124,08-05-2025 22:00,09-05-2025 08:00,Blade Inspection
1074,100,02-11-2025 02:00,02-11-2025 08:00,Sensor Fault
1075,67,29-01-2025 09:00,29-01-2025 19:00,Scheduled Maintenance
1076,119,09-12-2025 21:00,09-12-2025 22:00,Sensor Fault
1077,104,03-03-2025 03:00,03-03-2025 08:00,Generator Failure
1078,107,07-08-2025 07:00,07-08-2025 14:00,Blade Inspection
1079,51,21-12-2025 04:00,21-12-2025 06:00,Blade Inspection
1080,132,12-10-2025 22:00,13-10-2025 04:00,Gearbox Failure
1081,117,16-09-2025 07:00,16-09-2025 16:00,Blade Inspection
1082,131,13-12-2025 08:00,13-12-2025 11:00,Generator Failure
1083,145,18-06-2025 10:00,18-06-2025 20:00,Generator Failure
1084,102,25-08-2025 21:00,25-08-2025 23:00,Sensor Fault
1085,107,03-11-2025 01:00,03-11-2025 09:00,Sensor Fault
1086,83,27-06-2025 03:00,27-06-2025 11:00,Generator Failure
1087,12,29-04-2025 16:00,30-04-2025 00:00,Blade Inspection
1088,139,04-02-2025 11:00,04-02-2025 16:00,Gearbox Failure
1089,132,05-03-2025 18:00,06-03-2025 02:00,Gearbox Failure
1090,53,13-12-2025 14:00,14-12-2025 01:00,Sensor Fault
1091,130,01-06-2025 05:00,01-06-2025 12:00,Gearbox Failure
1092,23,11-12-2025 09:00,11-12-2025 13:00,Scheduled Maintenance
1093,3,04-06-2025 12:00,04-06-2025 19:00,Scheduled Maintenance
1094,82,02-04-2025 15:00,02-04-2025 22:00,Sensor Fault
1095,14,07-07-2025 20:00,08-07-2025 07:00,Scheduled Maintenance
1096,97,27-01-2025 22:00,28-01-2025 08:00,Blade Inspection
1097,47,29-10-2025 09:00,29-10-2025 12:00,Sensor Fault
1098,95,06-08-2025 11:00,06-08-2025 17:00,Blade Inspection
1099,106,03-11-2025 01:00,03-11-2025 05:00,Gearbox Failure
1100,146,05-11-2025 13:00,05-11-2025 14:00,Generator Failure
1101,111,09-11-2025 09:00,09-11-2025 19:00,Gearbox Failure
1102,106,11-07-2025 04:00,11-07-2025 13:00,Generator Failure
1103,39,20-10-2025 17:00,21-10-2025 03:00,Scheduled Maintenance
1104,31,17-09-2025 09:00,17-09-2025 11:00,Blade Inspection
1105,95,14-10-2025 08:00,14-10-2025 16:00,Blade Inspection
1106,35,04-03-2025 08:00,04-03-2025 15:00,Sensor Fault
1107,15,14-02-2025 02:00,14-02-2025 03:00,Generator Failure
1108,8,06-01-2025 20:00,07-01-2025 05:00,Blade Inspection
1109,80,05-05-2025 17:00,06-05-2025 00:00,Scheduled Maintenance
1110,48,24-02-2025 01:00,24-02-2025 12:00,Gearbox Failure
1111,42,28-07-2025 14:00,28-07-2025 21:00,Gearbox Failure
1112,73,04-12-2025 04:00,04-12-2025 12:00,Generator Failure
1113,25,16-02-2025 22:00,17-02-2025 04:00,Sensor Fault
1114,99,02-04-2025 21:00,03-04-2025 02:00,Generator Failure
1115,99,01-01-2025 21:00,02-01-2025 00:00,Sensor Fault
1116,14,07-04-2025 16:00,07-04-2025 20:00,Scheduled Maintenance
1117,91,06-12-2025 06:00,06-12-2025 13:00,Blade Inspection
1118,14,31-10-2025 12:00,31-10-2025 20:00,Generator Failure
1119,10,15-07-2025 21:00,16-07-2025 08:00,Scheduled Maintenance
1120,114,23-04-2025 23:00,24-04-2025 02:00,Gearbox Failure
1121,17,02-06-2025 08:00,02-06-2025 19:00,Generator Failure
1122,127,19-08-2025 17:00,19-08-2025 22:00,Blade Inspection
1123,87,30-12-2025 13:00,30-12-2025 16:00,Generator Failure
1124,14,23-03-2025 18:00,24-03-2025 05:00,Blade Inspection
1125,127,01-01-2025 02:00,01-01-2025 08:00,Generator Failure
1126,146,17-05-2025 06:00,17-05-2025 11:00,Generator Failure
1127,76,29-11-2025 14:00,30-11-2025 01:00,Blade Inspection
1128,80,14-06-2025 04:00,14-06-2025 11:00,Scheduled Maintenance
1129,65,02-03-2025 09:00,02-03-2025 11:00,Scheduled Maintenance
1130,116,14-04-2025 15:00,14-04-2025 23:00,Gearbox Failure
1131,122,02-12-2025 19:00,03-12-2025 05:00,Scheduled Maintenance
1132,66,19-01-2025 14:00,19-01-2025 18:00,Sensor Fault
1133,30,12-05-2025 23:00,13-05-2025 04:00,Scheduled Maintenance
1134,26,03-02-2025 13:00,03-02-2025 21:00,Sensor Fault
1135,97,29-01-2025 16:00,29-01-2025 18:00,Scheduled Maintenance
1136,54,06-09-2025 13:00,06-09-2025 16:00,Gearbox Failure
1137,117,12-08-2025 22:00,13-08-2025 01:00,Sensor Fault
1138,17,15-06-2025 01:00,15-06-2025 08:00,Gearbox Failure
1139,127,19-02-2025 05:00,19-02-2025 06:00,Gearbox Failure
1140,42,03-12-2025 06:00,03-12-2025 16:00,Sensor Fault
1141,69,14-04-2025 13:00,14-04-2025 23:00,Gearbox Failure
1142,93,04-12-2025 03:00,04-12-2025 07:00,Generator Failure
1143,62,23-06-2025 00:00,23-06-2025 09:00,Sensor Fault
1144,24,01-06-2025 03:00,01-06-2025 06:00,Blade Inspection
1145,71,04-05-2025 13:00,04-05-2025 16:00,Blade Inspection
1146,106,15-06-2025 22:00,16-06-2025 01:00,Gearbox Failure
1147,58,17-09-2025 23:00,18-09-2025 02:00,Sensor Fault
1148,4,23-05-2025 11:00,23-05-2025 12:00,Sensor Fault
1149,35,13-05-2025 20:00,14-05-2025 04:00,Scheduled Maintenance
1150,19,04-04-2025 08:00,04-04-2025 13:00,Blade Inspection
1151,89,20-06-2025 17:00,20-06-2025 21:00,Sensor Fault
1152,46,12-04-2025 14:00,12-04-2025 15:00,Gearbox Failure
1153,23,25-01-2025 00:00,25-01-2025 05:00,Gearbox Failure
1154,38,12-01-2025 10:00,12-01-2025 14:00,Generator Failure
1155,104,21-05-2025 13:00,21-05-2025 18:00,Scheduled Maintenance
1156,7,07-05-2025 02:00,07-05-2025 06:00,Scheduled Maintenance
1157,84,12-09-2025 16:00,12-09-2025 18:00,Scheduled Maintenance
1158,5,19-08-2025 01:00,19-08-2025 07:00,Sensor Fault
1159,57,29-08-2025 12:00,29-08-2025 13:00,Scheduled Maintenance
1160,107,16-09-2025 21:00,16-09-2025 23:00,Sensor Fault
1161,97,30-12-2025 00:00,30-12-2025 09:00,Blade Inspection
1162,34,22-01-2025 04:00,22-01-2025 13:00,Sensor Fault
1163,130,26-11-2025 17:00,27-11-2025 01:00,Scheduled Maintenance
1164,30,09-11-2025 17:00,10-11-2025 02:00,Generator Failure
1165,138,01-08-2025 15:00,01-08-2025 23:00,Gearbox Failure
1166,6,11-07-2025 18:00,12-07-2025 02:00,Generator Failure
1167,61,04-12-2025 06:00,04-12-2025 07:00,Scheduled Maintenance
1168,12,20-04-2025 05:00,20-04-2025 10:00,Gearbox Failure
1169,135,06-01-2025 18:00,07-01-2025 04:00,Generator Failure
1170,40,03-03-2025 10:00,03-03-2025 20:00,Generator Failure
1171,82,07-07-2025 17:00,07-07-2025 20:00,Blade Inspection
1172,37,03-03-2025 17:00,04-03-2025 04:00,Gearbox Failure
1173,16,21-07-2025 06:00,21-07-2025 13:00,Blade Inspection
1174,58,28-08-2025 22:00,29-08-2025 06:00,Generator Failure
1175,95,16-07-2025 07:00,16-07-2025 08:00,Scheduled Maintenance
1176,17,23-11-2025 07:00,23-11-2025 17:00,Scheduled Maintenance
1177,5,22-06-2025 18:00,23-06-2025 03:00,Sensor Fault
1178,48,17-03-2025 06:00,17-03-2025 13:00,Sensor Fault
1179,56,03-12-2025 08:00,03-12-2025 13:00,Gearbox Failure
1180,57,18-05-2025 18:00,18-05-2025 19:00,Gearbox Failure
1181,106,28-05-2025 04:00,28-05-2025 11:00,Sensor Fault
1182,13,10-07-2025 20:00,11-07-2025 05:00,Sensor Fault
1183,82,09-02-2025 17:00,10-02-2025 00:00,Generator Failure
1184,124,27-09-2025 21:00,27-09-2025 22:00,Generator Failure
1185,52,20-09-2025 22:00,21-09-2025 03:00,Generator Failure
1186,41,05-06-2025 03:00,05-06-2025 12:00,Generator Failure
1187,123,26-09-2025 07:00,26-09-2025 10:00,Scheduled Maintenance
1188,121,10-12-2025 14:00,10-12-2025 18:00,Generator Failure
1189,107,19-10-2025 10:00,19-10-2025 16:00,Sensor Fault
1190,49,05-09-2025 04:00,05-09-2025 10:00,Sensor Fault
1191,28,04-04-2025 11:00,04-04-2025 12:00,Gearbox Failure
1192,149,06-05-2025 02:00,06-05-2025 11:00,Scheduled Maintenance
1193,72,07-07-2025 16:00,07-07-2025 21:00,Scheduled Maintenance
1194,43,10-05-2025 23:00,11-05-2025 05:00,Scheduled Maintenance
1195,135,27-11-2025 02:00,27-11-2025 10:00,Sensor Fault
1196,140,01-12-2025 02:00,01-12-2025 09:00,Sensor Fault
1197,75,08-05-2025 12:00,08-05-2025 17:00,Scheduled Maintenance
1198,43,18-07-2025 12:00,18-07-2025 14:00,Gearbox Failure
1199,96,12-06-2025 01:00,12-06-2025 11:00,Gearbox Failure
1200,39,20-04-2025 16:00,20-04-2025 23:00,Sensor Fault
1201,113,07-01-2025 06:00,07-01-2025 11:00,Sensor Fault
1202,15,11-12-2025 00:00,11-12-2025 08:00,Gearbox Failure
1203,31,24-07-2025 15:00,24-07-2025 22:00,Generator Failure
1204,148,06-06-2025 07:00,06-06-2025 14:00,Scheduled Maintenance
1205,77,30-09-2025 10:00,30-09-2025 12:00,Scheduled Maintenance
1206,142,15-06-2025 13:00,15-06-2025 19:00,Gearbox Failure
1207,19,02-07-2025 00:00,02-07-2025 10:00,Scheduled Maintenance
1208,84,12-12-2025 03:00,12-12-2025 10:00,Generator Failure
1209,146,27-09-2025 13:00,27-09-2025 19:00,Sensor Fault
1210,50,19-11-2025 12:00,19-11-2025 18:00,Generator Failure
1211,30,09-11-2025 07:00,09-11-2025 18:00,Generator Failure
1212,115,28-11-2025 06:00,28-11-2025 17:00,Gearbox Failure
1213,129,01-07-2025 21:00,02-07-2025 02:00,Blade Inspection
1214,70,18-11-2025 11:00,18-11-2025 17:00,Scheduled Maintenance
1215,48,11-02-2025 20:00,12-02-2025 00:00,Blade Inspection
1216,89,02-11-2025 06:00,02-11-2025 14:00,Generator Failure
1217,27,29-08-2025 19:00,30-08-2025 05:00,Scheduled Maintenance
1218,10,05-04-2025 20:00,06-04-2025 06:00,Generator Failure
1219,127,01-04-2025 00:00,01-04-2025 05:00,Scheduled Maintenance
1220,83,03-02-2025 17:00,03-02-2025 19:00,Sensor Fault
1221,59,27-12-2025 08:00,27-12-2025 13:00,Generator Failure
1222,97,07-01-2025 22:00,08-01-2025 05:00,Gearbox Failure
1223,148,07-11-2025 03:00,07-11-2025 11:00,Scheduled Maintenance
1224,67,05-10-2025 23:00,06-10-2025 08:00,Sensor Fault
1225,127,13-12-2025 07:00,13-12-2025 13:00,Blade Inspection
1226,130,03-12-2025 19:00,04-12-2025 00:00,Blade Inspection
1227,69,04-05-2025 12:00,04-05-2025 17:00,Scheduled Maintenance
1228,145,04-05-2025 02:00,04-05-2025 09:00,Blade Inspection
1229,15,26-10-2025 07:00,26-10-2025 15:00,Blade Inspection
1230,17,16-02-2025 17:00,17-02-2025 03:00,Sensor Fault
1231,22,29-04-2025 08:00,29-04-2025 15:00,Scheduled Maintenance
1232,77,03-01-2025 10:00,03-01-2025 17:00,Scheduled Maintenance
1233,51,01-05-2025 21:00,02-05-2025 01:00,Scheduled Maintenance
1234,126,30-05-2025 16:00,31-05-2025 01:00,Generator Failure
1235,41,10-12-2025 11:00,10-12-2025 12:00,Gearbox Failure
1236,28,06-06-2025 13:00,06-06-2025 19:00,Generator Failure
1237,133,20-07-2025 14:00,20-07-2025 15:00,Sensor Fault
1238,62,11-11-2025 19:00,11-11-2025 21:00,Sensor Fault
1239,90,25-02-2025 15:00,25-02-2025 22:00,Blade Inspection
1240,148,04-05-2025 17:00,04-05-2025 20:00,Blade Inspection
1241,46,24-04-2025 09:00,24-04-2025 15:00,Blade Inspection
1242,126,26-02-2025 15:00,26-02-2025 17:00,Generator Failure
1243,86,29-08-2025 01:00,29-08-2025 04:00,Gearbox Failure
1244,4,02-03-2025 23:00,03-03-2025 03:00,Scheduled Maintenance
1245,21,08-05-2025 18:00,09-05-2025 00:00,Scheduled Maintenance
1246,91,01-03-2025 01:00,01-03-2025 08:00,Sensor Fault
1247,99,20-04-2025 02:00,20-04-2025 06:00,Gearbox Failure
1248,78,17-03-2025 23:00,18-03-2025 02:00,Scheduled Maintenance
1249,62,15-10-2025 19:00,16-10-2025 05:00,Sensor Fault
1250,89,01-03-2025 23:00,02-03-2025 01:00,Gearbox Failure
1251,94,06-10-2025 18:00,06-10-2025 21:00,Scheduled Maintenance
1252,131,20-12-2025 20:00,21-12-2025 07:00,Generator Failure
1253,33,24-03-2025 11:00,24-03-2025 21:00,Blade Inspection
1254,106,23-07-2025 04:00,23-07-2025 15:00,Generator Failure
1255,113,18-11-2025 07:00,18-11-2025 12:00,Sensor Fault
1256,97,09-05-2025 04:00,09-05-2025 06:00,Blade Inspection
1257,75,31-10-2025 18:00,01-11-2025 02:00,Scheduled Maintenance
1258,56,14-05-2025 05:00,14-05-2025 11:00,Blade Inspection
1259,47,13-11-2025 21:00,14-11-2025 04:00,Sensor Fault
1260,86,09-12-2025 16:00,10-12-2025 02:00,Generator Failure
1261,90,10-08-2025 01:00,10-08-2025 04:00,Blade Inspection
1262,80,13-09-2025 18:00,14-09-2025 03:00,Gearbox Failure
1263,124,22-05-2025 16:00,22-05-2025 19:00,Generator Failure
1264,42,18-07-2025 03:00,18-07-2025 06:00,Sensor Fault
1265,64,18-07-2025 12:00,18-07-2025 16:00,Gearbox Failure
1266,74,21-02-2025 17:00,21-02-2025 19:00,Gearbox Failure
1267,142,26-12-2025 19:00,27-12-2025 06:00,Gearbox Failure
1268,110,08-06-2025 20:00,09-06-2025 03:00,Sensor Fault
1269,78,07-04-2025 06:00,07-04-2025 13:00,Scheduled Maintenance
1270,52,16-12-2025 17:00,16-12-2025 20:00,Generator Failure
1271,68,09-05-2025 22:00,10-05-2025 02:00,Generator Failure
1272,84,15-11-2025 17:00,15-11-2025 18:00,Gearbox Failure
1273,29,15-04-2025 01:00,15-04-2025 02:00,Generator Failure
1274,67,25-05-2025 10:00,25-05-2025 12:00,Blade Inspection
1275,103,24-02-2025 21:00,25-02-2025 07:00,Sensor Fault
1276,38,14-04-2025 03:00,14-04-2025 08:00,Scheduled Maintenance
1277,134,13-04-2025 20:00,14-04-2025 02:00,Blade Inspection
1278,94,24-12-2025 16:00,24-12-2025 19:00,Gearbox Failure
1279,85,17-12-2025 23:00,18-12-2025 00:00,Scheduled Maintenance
1280,94,25-08-2025 03:00,25-08-2025 11:00,Blade Inspection
1281,12,31-05-2025 12:00,31-05-2025 19:00,Blade Inspection
1282,6,06-03-2025 07:00,06-03-2025 17:00,Generator Failure
1283,130,13-10-2025 07:00,13-10-2025 08:00,Sensor Fault
1284,123,23-12-2025 20:00,24-12-2025 07:00,Scheduled Maintenance
1285,71,01-10-2025 03:00,01-10-2025 05:00,Generator Failure
1286,45,05-04-2025 15:00,05-04-2025 23:00,Sensor Fault
1287,39,10-01-2025 08:00,10-01-2025 09:00,Scheduled Maintenance
1288,111,03-02-2025 06:00,03-02-2025 16:00,Gearbox Failure
1289,30,04-09-2025 00:00,04-09-2025 09:00,Scheduled Maintenance
1290,52,31-03-2025 02:00,31-03-2025 03:00,Gearbox Failure
1291,46,10-08-2025 11:00,10-08-2025 19:00,Scheduled Maintenance
1292,129,10-10-2025 11:00,10-10-2025 22:00,Gearbox Failure
1293,25,04-10-2025 12:00,04-10-2025 17:00,Gearbox Failure
1294,116,25-05-2025 07:00,25-05-2025 10:00,Sensor Fault
1295,98,15-07-2025 17:00,16-07-2025 04:00,Sensor Fault
1296,96,11-07-2025 02:00,11-07-2025 06:00,Generator Failure
1297,127,09-02-2025 08:00,09-02-2025 19:00,Blade Inspection
1298,80,02-05-2025 06:00,02-05-2025 10:00,Blade Inspection
1299,71,21-10-2025 06:00,21-10-2025 08:00,Sensor Fault
1300,147,31-12-2025 16:00,31-12-2025 17:00,Gearbox Failure
1301,114,13-09-2025 06:00,13-09-2025 08:00,Scheduled Maintenance
1302,144,11-10-2025 03:00,11-10-2025 04:00,Scheduled Maintenance
1303,117,05-11-2025 00:00,05-11-2025 10:00,Gearbox Failure
1304,137,09-06-2025 22:00,10-06-2025 00:00,Sensor Fault
1305,112,19-12-2025 09:00,19-12-2025 12:00,Scheduled Maintenance
1306,69,13-02-2025 11:00,13-02-2025 14:00,Blade Inspection
1307,28,05-10-2025 07:00,05-10-2025 17:00,Sensor Fault
1308,143,25-10-2025 08:00,25-10-2025 19:00,Blade Inspection
1309,72,14-06-2025 04:00,14-06-2025 10:00,Generator Failure
1310,84,03-11-2025 02:00,03-11-2025 05:00,Scheduled Maintenance
1311,132,27-06-2025 16:00,27-06-2025 18:00,Scheduled Maintenance
1312,69,27-08-2025 10:00,27-08-2025 18:00,Blade Inspection
1313,44,23-07-2025 07:00,23-07-2025 13:00,Gearbox Failure
1314,16,16-09-2025 06:00,16-09-2025 15:00,Scheduled Maintenance
1315,74,09-05-2025 08:00,09-05-2025 17:00,Blade Inspection
1316,108,24-02-2025 00:00,24-02-2025 05:00,Sensor Fault
1317,13,13-03-2025 20:00,14-03-2025 03:00,Gearbox Failure
1318,54,29-07-2025 16:00,30-07-2025 02:00,Scheduled Maintenance
1319,34,01-09-2025 10:00,01-09-2025 12:00,Scheduled Maintenance
1320,85,02-07-2025 03:00,02-07-2025 04:00,Gearbox Failure
1321,96,27-07-2025 20:00,28-07-2025 05:00,Generator Failure
1322,124,01-03-2025 21:00,02-03-2025 08:00,Generator Failure
1323,95,26-09-2025 18:00,26-09-2025 20:00,Sensor Fault
1324,50,07-11-2025 16:00,08-11-2025 01:00,Gearbox Failure
1325,105,21-11-2025 07:00,21-11-2025 17:00,Gearbox Failure
1326,45,31-08-2025 01:00,31-08-2025 10:00,Generator Failure
1327,18,01-05-2025 02:00,01-05-2025 04:00,Gearbox Failure
1328,147,06-11-2025 16:00,06-11-2025 17:00,Generator Failure
1329,109,13-07-2025 12:00,13-07-2025 15:00,Blade Inspection
1330,134,20-09-2025 04:00,20-09-2025 14:00,Scheduled Maintenance
1331,15,14-02-2025 13:00,14-02-2025 17:00,Scheduled Maintenance
1332,5,16-01-2025 14:00,16-01-2025 22:00,Sensor Fault
1333,145,07-09-2025 02:00,07-09-2025 03:00,Generator Failure
1334,132,09-05-2025 11:00,09-05-2025 21:00,Generator Failure
1335,46,19-02-2025 00:00,19-02-2025 10:00,Blade Inspection
1336,70,31-05-2025 05:00,31-05-2025 13:00,Scheduled Maintenance
1337,65,15-08-2025 01:00,15-08-2025 12:00,Gearbox Failure
1338,1,13-09-2025 08:00,13-09-2025 19:00,Sensor Fault
1339,82,06-04-2025 21:00,07-04-2025 00:00,Scheduled Maintenance
1340,48,17-05-2025 21:00,18-05-2025 00:00,Generator Failure
1341,118,28-11-2025 23:00,29-11-2025 09:00,Blade Inspection
1342,137,11-04-2025 02:00,11-04-2025 05:00,Gearbox Failure
1343,12,10-05-2025 05:00,10-05-2025 12:00,Generator Failure
1344,42,27-03-2025 07:00,27-03-2025 11:00,Blade Inspection
1345,139,31-05-2025 11:00,31-05-2025 20:00,Scheduled Maintenance
1346,96,11-05-2025 06:00,11-05-2025 12:00,Scheduled Maintenance
1347,149,06-04-2025 18:00,06-04-2025 19:00,Gearbox Failure
1348,92,15-03-2025 09:00,15-03-2025 19:00,Generator Failure
1349,129,27-10-2025 11:00,27-10-2025 13:00,Gearbox Failure
1350,10,16-06-2025 22:00,17-06-2025 06:00,Blade Inspection
1351,103,06-08-2025 13:00,06-08-2025 15:00,Sensor Fault
1352,28,08-11-2025 18:00,09-11-2025 05:00,Gearbox Failure
1353,34,16-10-2025 16:00,17-10-2025 00:00,Sensor Fault
1354,147,29-03-2025 16:00,29-03-2025 18:00,Gearbox Failure
1355,69,16-08-2025 23:00,17-08-2025 05:00,Gearbox Failure
1356,144,28-10-2025 08:00,28-10-2025 13:00,Gearbox Failure
1357,51,29-01-2025 15:00,30-01-2025 01:00,Scheduled Maintenance
1358,4,06-12-2025 22:00,07-12-2025 08:00,Scheduled Maintenance
1359,40,15-06-2025 11:00,15-06-2025 16:00,Blade Inspection
1360,89,04-08-2025 10:00,04-08-2025 21:00,Generator Failure
1361,83,18-09-2025 22:00,19-09-2025 01:00,Generator Failure
1362,94,15-12-2025 21:00,16-12-2025 00:00,Scheduled Maintenance
1363,85,07-12-2025 07:00,07-12-2025 15:00,Gearbox Failure
1364,52,18-05-2025 07:00,18-05-2025 10:00,Sensor Fault
1365,79,16-08-2025 16:00,16-08-2025 22:00,Sensor Fault
1366,50,17-05-2025 20:00,18-05-2025 01:00,Blade Inspection
1367,93,27-07-2025 12:00,27-07-2025 19:00,Blade Inspection
1368,81,17-03-2025 08:00,17-03-2025 12:00,Scheduled Maintenance
1369,10,10-06-2025 02:00,10-06-2025 09:00,Scheduled Maintenance
1370,53,05-10-2025 08:00,05-10-2025 12:00,Generator Failure
1371,133,28-05-2025 23:00,29-05-2025 08:00,Scheduled Maintenance
1372,96,19-03-2025 21:00,20-03-2025 00:00,Gearbox Failure
1373,11,18-02-2025 06:00,18-02-2025 17:00,Blade Inspection
1374,87,19-08-2025 09:00,19-08-2025 19:00,Scheduled Maintenance
1375,118,03-06-2025 18:00,04-06-2025 03:00,Blade Inspection
1376,108,28-04-2025 19:00,29-04-2025 01:00,Generator Failure
1377,57,17-09-2025 11:00,17-09-2025 15:00,Generator Failure
1378,39,27-07-2025 04:00,27-07-2025 11:00,Gearbox Failure
1379,76,19-03-2025 05:00,19-03-2025 13:00,Gearbox Failure
1380,5,06-10-2025 02:00,06-10-2025 10:00,Sensor Fault
1381,5,05-04-2025 12:00,05-04-2025 20:00,Gearbox Failure
1382,44,30-10-2025 18:00,30-10-2025 22:00,Scheduled Maintenance
1383,85,11-02-2025 09:00,11-02-2025 11:00,Sensor Fault
1384,58,25-08-2025 23:00,26-08-2025 05:00,Generator Failure
1385,137,16-05-2025 09:00,16-05-2025 19:00,Blade Inspection
1386,140,24-07-2025 22:00,24-07-2025 23:00,Gearbox Failure
1387,139,16-12-2025 12:00,16-12-2025 17:00,Gearbox Failure
1388,49,14-03-2025 22:00,15-03-2025 07:00,Generator Failure
1389,138,26-01-2025 16:00,26-01-2025 19:00,Blade Inspection
1390,118,19-11-2025 03:00,19-11-2025 04:00,Gearbox Failure
1391,46,05-12-2025 11:00,05-12-2025 22:00,Sensor Fault
1392,67,09-12-2025 17:00,10-12-2025 00:00,Scheduled Maintenance
1393,57,05-03-2025 05:00,05-03-2025 10:00,Scheduled Maintenance
1394,117,10-11-2025 13:00,10-11-2025 16:00,Sensor Fault
1395,50,09-01-2025 12:00,09-01-2025 17:00,Blade Inspection
1396,128,27-04-2025 08:00,27-04-2025 12:00,Sensor Fault
1397,39,30-10-2025 00:00,30-10-2025 10:00,Generator Failure
1398,62,30-09-2025 05:00,30-09-2025 11:00,Scheduled Maintenance
1399,122,16-08-2025 10:00,16-08-2025 12:00,Generator Failure
1400,48,14-04-2025 09:00,14-04-2025 16:00,Gearbox Failure
1401,25,15-11-2025 07:00,15-11-2025 17:00,Blade Inspection
1402,19,07-12-2025 09:00,07-12-2025 11:00,Sensor Fault
1403,121,10-06-2025 22:00,11-06-2025 01:00,Blade Inspection
1404,122,17-08-2025 02:00,17-08-2025 09:00,Blade Inspection
1405,99,26-03-2025 08:00,26-03-2025 10:00,Scheduled Maintenance
1406,19,01-11-2025 16:00,01-11-2025 21:00,Blade Inspection
1407,78,01-09-2025 12:00,01-09-2025 17:00,Blade Inspection
1408,24,24-12-2025 06:00,24-12-2025 09:00,Gearbox Failure
1409,30,13-07-2025 06:00,13-07-2025 07:00,Scheduled Maintenance
1410,126,23-04-2025 12:00,23-04-2025 23:00,Scheduled Maintenance
1411,52,10-05-2025 17:00,11-05-2025 02:00,Blade Inspection
1412,59,25-07-2025 16:00,26-07-2025 02:00,Sensor Fault
1413,11,27-10-2025 16:00,27-10-2025 22:00,Scheduled Maintenance
1414,103,01-07-2025 00:00,01-07-2025 11:00,Blade Inspection
1415,34,24-03-2025 21:00,25-03-2025 04:00,Generator Failure
1416,99,01-04-2025 10:00,01-04-2025 15:00,Generator Failure
1417,103,28-05-2025 23:00,29-05-2025 05:00,Blade Inspection
1418,7,14-02-2025 02:00,14-02-2025 11:00,Generator Failure
1419,137,02-07-2025 06:00,02-07-2025 10:00,Generator Failure
1420,20,11-01-2025 12:00,11-01-2025 18:00,Generator Failure
1421,141,29-01-2025 01:00,29-01-2025 12:00,Gearbox Failure
1422,13,10-08-2025 11:00,10-08-2025 18:00,Scheduled Maintenance
1423,123,07-12-2025 15:00,07-12-2025 22:00,Sensor Fault
1424,95,21-01-2025 08:00,21-01-2025 19:00,Sensor Fault
1425,69,27-01-2025 03:00,27-01-2025 07:00,Generator Failure
1426,114,21-01-2025 06:00,21-01-2025 13:00,Gearbox Failure
1427,1,11-03-2025 00:00,11-03-2025 07:00,Blade Inspection
1428,86,01-10-2025 13:00,01-10-2025 23:00,Blade Inspection
1429,17,03-06-2025 18:00,03-06-2025 21:00,Scheduled Maintenance
1430,14,11-08-2025 13:00,11-08-2025 21:00,Sensor Fault
1431,148,22-11-2025 03:00,22-11-2025 11:00,Sensor Fault
1432,116,19-06-2025 10:00,19-06-2025 16:00,Scheduled Maintenance
1433,89,11-06-2025 14:00,12-06-2025 00:00,Scheduled Maintenance
1434,10,12-11-2025 21:00,13-11-2025 08:00,Scheduled Maintenance
1435,70,06-05-2025 00:00,06-05-2025 09:00,Sensor Fault
1436,115,01-02-2025 06:00,01-02-2025 14:00,Generator Failure
1437,53,03-02-2025 06:00,03-02-2025 07:00,Generator Failure
1438,142,12-09-2025 17:00,13-09-2025 04:00,Generator Failure
1439,55,07-09-2025 16:00,07-09-2025 19:00,Blade Inspection
1440,49,19-03-2025 19:00,19-03-2025 22:00,Scheduled Maintenance
1441,15,12-08-2025 11:00,12-08-2025 19:00,Generator Failure
1442,10,24-11-2025 19:00,24-11-2025 21:00,Sensor Fault
1443,100,28-09-2025 20:00,28-09-2025 23:00,Scheduled Maintenance
1444,87,20-03-2025 04:00,20-03-2025 07:00,Sensor Fault
1445,9,23-05-2025 02:00,23-05-2025 05:00,Scheduled Maintenance
1446,34,12-07-2025 15:00,12-07-2025 19:00,Generator Failure
1447,27,26-01-2025 08:00,26-01-2025 18:00,Generator Failure
1448,88,01-09-2025 20:00,02-09-2025 03:00,Gearbox Failure
1449,68,16-01-2025 04:00,16-01-2025 13:00,Scheduled Maintenance
1450,128,16-10-2025 15:00,17-10-2025 02:00,Generator Failure
1451,51,19-11-2025 07:00,19-11-2025 14:00,Sensor Fault
1452,21,10-04-2025 01:00,10-04-2025 09:00,Generator Failure
1453,65,04-05-2025 04:00,04-05-2025 07:00,Gearbox Failure
1454,35,20-01-2025 18:00,21-01-2025 04:00,Generator Failure
1455,86,28-06-2025 03:00,28-06-2025 04:00,Generator Failure
1456,115,17-05-2025 03:00,17-05-2025 04:00,Sensor Fault
1457,83,12-02-2025 19:00,13-02-2025 00:00,Sensor Fault
1458,97,29-03-2025 14:00,29-03-2025 18:00,Gearbox Failure
1459,126,23-06-2025 09:00,23-06-2025 20:00,Scheduled Maintenance
1460,17,30-06-2025 17:00,30-06-2025 18:00,Blade Inspection
1461,96,10-01-2025 07:00,10-01-2025 08:00,Blade Inspection
1462,1,12-06-2025 04:00,12-06-2025 12:00,Sensor Fault
1463,47,24-06-2025 15:00,24-06-2025 18:00,Sensor Fault
1464,96,01-07-2025 03:00,01-07-2025 13:00,Blade Inspection
1465,24,17-06-2025 22:00,18-06-2025 08:00,Gearbox Failure
1466,63,30-04-2025 23:00,01-05-2025 07:00,Blade Inspection
1467,94,07-11-2025 02:00,07-11-2025 06:00,Scheduled Maintenance
1468,27,12-11-2025 21:00,13-11-2025 08:00,Scheduled Maintenance
1469,31,13-09-2025 00:00,13-09-2025 04:00,Scheduled Maintenance
1470,51,10-03-2025 21:00,11-03-2025 06:00,Scheduled Maintenance
1471,15,03-02-2025 06:00,03-02-2025 08:00,Scheduled Maintenance
1472,137,15-08-2025 02:00,15-08-2025 03:00,Sensor Fault
1473,26,18-12-2025 01:00,18-12-2025 04:00,Gearbox Failure
1474,126,21-07-2025 14:00,21-07-2025 21:00,Gearbox Failure
1475,3,02-05-2025 02:00,02-05-2025 06:00,Scheduled Maintenance
1476,84,20-10-2025 08:00,20-10-2025 09:00,Blade Inspection
1477,78,24-12-2025 23:00,25-12-2025 09:00,Gearbox Failure
1478,67,23-01-2025 00:00,23-01-2025 09:00,Generator Failure
1479,150,17-02-2025 18:00,17-02-2025 20:00,Scheduled Maintenance
1480,122,29-06-2025 22:00,30-06-2025 07:00,Generator Failure
1481,133,13-06-2025 19:00,13-06-2025 21:00,Gearbox Failure
1482,120,14-12-2025 01:00,14-12-2025 02:00,Scheduled Maintenance
1483,57,13-10-2025 07:00,13-10-2025 09:00,Sensor Fault
1484,96,23-05-2025 03:00,23-05-2025 05:00,Scheduled Maintenance
1485,57,11-07-2025 18:00,12-07-2025 02:00,Sensor Fault
1486,93,24-09-2025 07:00,24-09-2025 11:00,Scheduled Maintenance
1487,135,13-03-2025 23:00,14-03-2025 04:00,Scheduled Maintenance
1488,104,20-11-2025 06:00,20-11-2025 10:00,Gearbox Failure
1489,71,27-01-2025 22:00,28-01-2025 09:00,Sensor Fault
1490,99,16-10-2025 14:00,17-10-2025 00:00,Scheduled Maintenance
1491,78,09-01-2025 03:00,09-01-2025 12:00,Scheduled Maintenance
1492,93,01-04-2025 20:00,02-04-2025 01:00,Gearbox Failure
1493,86,05-03-2025 13:00,05-03-2025 20:00,Gearbox Failure
1494,83,28-01-2025 09:00,28-01-2025 10:00,Generator Failure
1495,16,25-06-2025 14:00,25-06-2025 19:00,Sensor Fault
1496,77,23-09-2025 04:00,23-09-2025 07:00,Generator Failure
1497,23,03-07-2025 11:00,03-07-2025 22:00,Generator Failure
1498,42,25-04-2025 08:00,25-04-2025 11:00,Scheduled Maintenance
1499,111,24-06-2025 16:00,24-06-2025 20:00,Blade Inspection
1500,126,09-01-2025 05:00,09-01-2025 06:00,Sensor Fault
1501,112,06-12-2025 11:00,06-12-2025 21:00,Generator Failure
1502,13,01-06-2025 02:00,01-06-2025 11:00,Gearbox Failure
1503,126,19-07-2025 19:00,20-07-2025 00:00,Scheduled Maintenance
1504,100,02-12-2025 22:00,03-12-2025 05:00,Blade Inspection
1505,52,28-07-2025 13:00,29-07-2025 00:00,Scheduled Maintenance
1506,114,15-01-2025 15:00,15-01-2025 18:00,Sensor Fault
1507,99,30-11-2025 20:00,30-11-2025 23:00,Sensor Fault
1508,22,31-05-2025 00:00,31-05-2025 11:00,Scheduled Maintenance
1509,54,16-02-2025 03:00,16-02-2025 08:00,Generator Failure
1510,10,07-07-2025 02:00,07-07-2025 13:00,Sensor Fault
1511,95,26-03-2025 11:00,26-03-2025 16:00,Blade Inspection
1512,13,07-07-2025 01:00,07-07-2025 04:00,Scheduled Maintenance
1513,149,17-01-2025 00:00,17-01-2025 05:00,Generator Failure
1514,93,28-12-2025 09:00,28-12-2025 11:00,Blade Inspection
1515,78,07-02-2025 01:00,07-02-2025 02:00,Scheduled Maintenance
1516,11,13-10-2025 18:00,13-10-2025 22:00,Gearbox Failure
1517,18,20-12-2025 19:00,20-12-2025 23:00,Gearbox Failure
1518,40,02-09-2025 22:00,03-09-2025 02:00,Gearbox Failure
1519,73,02-06-2025 20:00,03-06-2025 07:00,Generator Failure
1520,27,08-02-2025 06:00,08-02-2025 11:00,Blade Inspection
1521,24,24-08-2025 04:00,24-08-2025 12:00,Gearbox Failure
1522,62,19-09-2025 14:00,19-09-2025 16:00,Generator Failure
1523,35,21-07-2025 05:00,21-07-2025 09:00,Sensor Fault
1524,133,29-11-2025 02:00,29-11-2025 08:00,Scheduled Maintenance
1525,17,16-11-2025 01:00,16-11-2025 10:00,Blade Inspection
1526,38,19-07-2025 13:00,19-07-2025 16:00,Gearbox Failure
1527,87,01-09-2025 22:00,02-09-2025 00:00,Scheduled Maintenance
1528,79,08-01-2025 19:00,08-01-2025 23:00,Gearbox Failure
1529,61,06-07-2025 18:00,06-07-2025 22:00,Sensor Fault
1530,89,26-12-2025 03:00,26-12-2025 13:00,Gearbox Failure
1531,6,20-01-2025 12:00,20-01-2025 19:00,Blade Inspection
1532,35,13-03-2025 05:00,13-03-2025 14:00,Generator Failure
1533,69,03-08-2025 21:00,04-08-2025 08:00,Scheduled Maintenance
1534,81,24-01-2025 00:00,24-01-2025 05:00,Gearbox Failure
1535,41,26-10-2025 17:00,26-10-2025 18:00,Generator Failure
1536,108,15-05-2025 16:00,16-05-2025 03:00,Generator Failure
1537,52,13-08-2025 14:00,13-08-2025 21:00,Sensor Fault
1538,1,17-09-2025 23:00,18-09-2025 03:00,Generator Failure
1539,19,11-03-2025 07:00,11-03-2025 18:00,Scheduled Maintenance
1540,1,14-10-2025 05:00,14-10-2025 16:00,Generator Failure
1541,126,29-04-2025 10:00,29-04-2025 17:00,Sensor Fault
1542,52,11-12-2025 02:00,11-12-2025 13:00,Gearbox Failure
1543,141,13-12-2025 16:00,13-12-2025 20:00,Blade Inspection
1544,83,01-08-2025 13:00,02-08-2025 00:00,Scheduled Maintenance
1545,138,06-02-2025 11:00,06-02-2025 22:00,Sensor Fault
1546,43,20-12-2025 19:00,20-12-2025 21:00,Generator Failure
1547,114,07-07-2025 03:00,07-07-2025 14:00,Sensor Fault
1548,81,07-05-2025 15:00,07-05-2025 16:00,Generator Failure
1549,5,22-09-2025 07:00,22-09-2025 12:00,Blade Inspection
1550,119,03-04-2025 14:00,03-04-2025 19:00,Generator Failure
1551,44,17-03-2025 03:00,17-03-2025 06:00,Scheduled Maintenance
1552,58,01-01-2025 00:00,01-01-2025 05:00,Gearbox Failure
1553,1,09-12-2025 16:00,10-12-2025 00:00,Generator Failure
1554,143,07-09-2025 03:00,07-09-2025 13:00,Sensor Fault
1555,26,09-07-2025 16:00,09-07-2025 18:00,Gearbox Failure
1556,123,08-03-2025 15:00,08-03-2025 21:00,Blade Inspection
1557,124,17-09-2025 23:00,18-09-2025 09:00,Scheduled Maintenance
1558,3,17-05-2025 17:00,18-05-2025 01:00,Generator Failure
1559,86,02-02-2025 00:00,02-02-2025 03:00,Blade Inspection
1560,6,09-12-2025 19:00,09-12-2025 20:00,Gearbox Failure
1561,9,17-03-2025 08:00,17-03-2025 16:00,Generator Failure
1562,31,18-01-2025 20:00,18-01-2025 23:00,Scheduled Maintenance
1563,84,15-06-2025 18:00,15-06-2025 21:00,Generator Failure
1564,131,02-06-2025 17:00,03-06-2025 04:00,Scheduled Maintenance
1565,17,18-09-2025 12:00,18-09-2025 20:00,Sensor Fault
1566,5,07-11-2025 18:00,08-11-2025 02:00,Generator Failure
1567,104,25-01-2025 00:00,25-01-2025 04:00,Generator Failure
1568,24,25-11-2025 10:00,25-11-2025 18:00,Generator Failure
1569,144,31-10-2025 15:00,31-10-2025 21:00,Gearbox Failure
1570,130,25-07-2025 05:00,25-07-2025 06:00,Gearbox Failure
1571,67,18-05-2025 08:00,18-05-2025 10:00,Scheduled Maintenance
1572,12,15-07-2025 17:00,15-07-2025 19:00,Blade Inspection
1573,9,19-08-2025 15:00,19-08-2025 23:00,Gearbox Failure
1574,123,23-11-2025 02:00,23-11-2025 10:00,Blade Inspection
1575,126,06-03-2025 06:00,06-03-2025 07:00,Sensor Fault
1576,98,02-06-2025 02:00,02-06-2025 04:00,Scheduled Maintenance
1577,115,23-11-2025 19:00,24-11-2025 03:00,Blade Inspection
1578,77,07-01-2025 10:00,07-01-2025 21:00,Gearbox Failure
1579,89,03-10-2025 08:00,03-10-2025 14:00,Gearbox Failure
1580,84,14-04-2025 15:00,14-04-2025 18:00,Sensor Fault
1581,72,12-11-2025 00:00,12-11-2025 02:00,Gearbox Failure
1582,101,26-06-2025 19:00,27-06-2025 05:00,Scheduled Maintenance
1583,40,16-08-2025 17:00,17-08-2025 04:00,Blade Inspection
1584,141,14-10-2025 07:00,14-10-2025 11:00,Sensor Fault
1585,98,13-10-2025 09:00,13-10-2025 13:00,Scheduled Maintenance
1586,55,29-12-2025 15:00,29-12-2025 21:00,Scheduled Maintenance
1587,127,18-11-2025 21:00,19-11-2025 00:00,Generator Failure
1588,3,05-07-2025 13:00,05-07-2025 22:00,Sensor Fault
1589,133,09-11-2025 19:00,10-11-2025 01:00,Blade Inspection
1590,145,19-07-2025 01:00,19-07-2025 05:00,Sensor Fault
1591,56,22-09-2025 14:00,22-09-2025 18:00,Sensor Fault
1592,64,07-01-2025 07:00,07-01-2025 15:00,Generator Failure
1593,18,01-09-2025 18:00,01-09-2025 21:00,Generator Failure
1594,74,11-08-2025 20:00,12-08-2025 05:00,Gearbox Failure
1595,149,22-12-2025 12:00,22-12-2025 16:00,Gearbox Failure
1596,58,02-04-2025 20:00,03-04-2025 04:00,Blade Inspection
1597,54,02-07-2025 11:00,02-07-2025 15:00,Gearbox Failure
1598,65,03-11-2025 20:00,04-11-2025 05:00,Generator Failure
1599,73,03-05-2025 11:00,03-05-2025 15:00,Generator Failure
1600,16,23-08-2025 15:00,23-08-2025 16:00,Generator Failure
1601,101,06-05-2025 22:00,07-05-2025 07:00,Scheduled Maintenance
1602,136,31-05-2025 13:00,31-05-2025 21:00,Scheduled Maintenance
1603,35,24-04-2025 04:00,24-04-2025 08:00,Gearbox Failure
1604,14,22-04-2025 10:00,22-04-2025 12:00,Sensor Fault
1605,133,27-06-2025 07:00,27-06-2025 10:00,Generator Failure
1606,59,14-08-2025 10:00,14-08-2025 11:00,Scheduled Maintenance
1607,14,30-01-2025 06:00,30-01-2025 09:00,Blade Inspection
1608,107,31-12-2025 01:00,31-12-2025 12:00,Gearbox Failure
1609,22,16-12-2025 04:00,16-12-2025 09:00,Sensor Fault
1610,65,18-07-2025 06:00,18-07-2025 10:00,Scheduled Maintenance
1611,122,22-04-2025 14:00,23-04-2025 01:00,Generator Failure
1612,110,31-01-2025 22:00,01-02-2025 01:00,Blade Inspection
1613,123,20-04-2025 18:00,21-04-2025 01:00,Gearbox Failure
1614,36,10-08-2025 07:00,10-08-2025 14:00,Blade Inspection
1615,67,10-12-2025 20:00,11-12-2025 02:00,Gearbox Failure
1616,46,12-06-2025 18:00,13-06-2025 01:00,Scheduled Maintenance
1617,31,04-07-2025 01:00,04-07-2025 08:00,Sensor Fault
1618,82,28-08-2025 13:00,28-08-2025 21:00,Scheduled Maintenance
1619,85,08-02-2025 14:00,08-02-2025 19:00,Sensor Fault
1620,75,21-07-2025 08:00,21-07-2025 12:00,Gearbox Failure
1621,13,01-08-2025 06:00,01-08-2025 15:00,Scheduled Maintenance
1622,150,17-02-2025 01:00,17-02-2025 08:00,Generator Failure
1623,21,12-10-2025 09:00,12-10-2025 19:00,Generator Failure
1624,29,27-08-2025 01:00,27-08-2025 10:00,Gearbox Failure
1625,147,22-02-2025 13:00,22-02-2025 20:00,Scheduled Maintenance
1626,90,06-03-2025 11:00,06-03-2025 13:00,Sensor Fault
1627,31,23-05-2025 08:00,23-05-2025 09:00,Generator Failure
1628,109,04-09-2025 10:00,04-09-2025 16:00,Sensor Fault
1629,79,21-08-2025 02:00,21-08-2025 10:00,Gearbox Failure
1630,98,20-11-2025 12:00,20-11-2025 20:00,Sensor Fault
1631,27,10-06-2025 15:00,10-06-2025 20:00,Blade Inspection
1632,143,12-09-2025 11:00,12-09-2025 16:00,Generator Failure
1633,37,23-03-2025 21:00,24-03-2025 04:00,Blade Inspection
1634,9,03-10-2025 19:00,04-10-2025 05:00,Scheduled Maintenance
1635,48,21-02-2025 22:00,22-02-2025 06:00,Scheduled Maintenance
1636,23,25-07-2025 02:00,25-07-2025 10:00,Generator Failure
1637,17,25-07-2025 21:00,26-07-2025 00:00,Gearbox Failure
1638,102,27-09-2025 18:00,27-09-2025 20:00,Sensor Fault
1639,1,10-05-2025 12:00,10-05-2025 22:00,Gearbox Failure
1640,138,29-05-2025 01:00,29-05-2025 03:00,Scheduled Maintenance
1641,131,24-09-2025 13:00,24-09-2025 16:00,Gearbox Failure
1642,62,25-06-2025 12:00,25-06-2025 18:00,Sensor Fault
1643,124,01-03-2025 07:00,01-03-2025 08:00,Generator Failure
1644,70,22-09-2025 13:00,22-09-2025 15:00,Sensor Fault
1645,82,08-10-2025 13:00,08-10-2025 14:00,Sensor Fault
1646,58,29-05-2025 09:00,29-05-2025 13:00,Generator Failure
1647,69,09-11-2025 06:00,09-11-2025 13:00,Scheduled Maintenance
1648,100,31-03-2025 12:00,31-03-2025 17:00,Generator Failure
1649,93,16-08-2025 16:00,17-08-2025 00:00,Generator Failure
1650,86,27-07-2025 02:00,27-07-2025 08:00,Scheduled Maintenance
1651,78,31-07-2025 01:00,31-07-2025 04:00,Blade Inspection
1652,68,30-11-2025 05:00,30-11-2025 08:00,Gearbox Failure
1653,145,05-05-2025 14:00,05-05-2025 22:00,Scheduled Maintenance
1654,17,22-11-2025 19:00,22-11-2025 20:00,Gearbox Failure
1655,48,16-09-2025 22:00,17-09-2025 02:00,Gearbox Failure
1656,14,27-03-2025 20:00,28-03-2025 02:00,Generator Failure
1657,93,20-12-2025 01:00,20-12-2025 05:00,Blade Inspection
1658,13,24-01-2025 12:00,24-01-2025 17:00,Gearbox Failure
1659,48,20-12-2025 08:00,20-12-2025 09:00,Scheduled Maintenance
1660,58,17-03-2025 04:00,17-03-2025 11:00,Blade Inspection
1661,124,22-06-2025 15:00,22-06-2025 20:00,Generator Failure
1662,124,15-07-2025 18:00,15-07-2025 22:00,Sensor Fault
1663,12,27-08-2025 03:00,27-08-2025 11:00,Blade Inspection
1664,38,30-06-2025 15:00,30-06-2025 22:00,Generator Failure
1665,47,01-08-2025 04:00,01-08-2025 12:00,Scheduled Maintenance
1666,96,27-05-2025 17:00,28-05-2025 02:00,Sensor Fault
1667,13,22-11-2025 18:00,23-11-2025 01:00,Generator Failure
1668,149,07-02-2025 07:00,07-02-2025 10:00,Blade Inspection
1669,120,20-03-2025 22:00,21-03-2025 08:00,Generator Failure
1670,36,05-04-2025 13:00,05-04-2025 23:00,Blade Inspection
1671,98,02-05-2025 13:00,02-05-2025 14:00,Sensor Fault
1672,149,09-07-2025 02:00,09-07-2025 11:00,Gearbox Failure
1673,98,31-01-2025 05:00,31-01-2025 08:00,Scheduled Maintenance
1674,56,08-06-2025 09:00,08-06-2025 12:00,Gearbox Failure
1675,77,09-02-2025 11:00,09-02-2025 14:00,Blade Inspection
1676,126,03-11-2025 23:00,04-11-2025 07:00,Scheduled Maintenance
1677,124,25-04-2025 15:00,25-04-2025 21:00,Sensor Fault
1678,120,28-10-2025 17:00,28-10-2025 18:00,Sensor Fault
1679,112,19-01-2025 18:00,20-01-2025 00:00,Scheduled Maintenance
1680,117,05-01-2025 18:00,05-01-2025 23:00,Generator Failure
1681,93,24-05-2025 14:00,24-05-2025 21:00,Generator Failure
1682,63,28-02-2025 13:00,28-02-2025 19:00,Generator Failure
1683,136,05-07-2025 07:00,05-07-2025 15:00,Gearbox Failure
1684,127,12-02-2025 17:00,13-02-2025 04:00,Scheduled Maintenance
1685,93,22-06-2025 15:00,22-06-2025 17:00,Scheduled Maintenance
1686,76,16-11-2025 12:00,16-11-2025 14:00,Generator Failure
1687,64,12-10-2025 21:00,13-10-2025 01:00,Scheduled Maintenance
1688,14,19-09-2025 14:00,19-09-2025 16:00,Gearbox Failure
1689,101,30-09-2025 07:00,30-09-2025 08:00,Gearbox Failure
1690,123,16-03-2025 10:00,16-03-2025 18:00,Blade Inspection
1691,73,06-09-2025 23:00,07-09-2025 01:00,Sensor Fault
1692,40,17-09-2025 11:00,17-09-2025 19:00,Sensor Fault
1693,146,01-12-2025 05:00,01-12-2025 06:00,Generator Failure
1694,17,26-06-2025 12:00,26-06-2025 16:00,Generator Failure
1695,95,05-01-2025 06:00,05-01-2025 11:00,Gearbox Failure
1696,38,18-08-2025 00:00,18-08-2025 11:00,Blade Inspection
1697,136,28-05-2025 05:00,28-05-2025 12:00,Sensor Fault
1698,119,19-01-2025 05:00,19-01-2025 09:00,Scheduled Maintenance
1699,103,28-03-2025 22:00,29-03-2025 03:00,Sensor Fault
1700,141,25-06-2025 10:00,25-06-2025 21:00,Generator Failure
1701,39,13-05-2025 10:00,13-05-2025 14:00,Sensor Fault
1702,104,04-10-2025 07:00,04-10-2025 15:00,Blade Inspection
1703,35,10-08-2025 15:00,10-08-2025 16:00,Scheduled Maintenance
1704,39,21-07-2025 01:00,21-07-2025 02:00,Scheduled Maintenance
1705,58,24-11-2025 21:00,25-11-2025 07:00,Scheduled Maintenance
1706,141,28-10-2025 21:00,29-10-2025 07:00,Sensor Fault
1707,125,30-03-2025 16:00,31-03-2025 00:00,Generator Failure
1708,60,09-06-2025 17:00,09-06-2025 23:00,Blade Inspection
1709,40,02-01-2025 13:00,03-01-2025 00:00,Gearbox Failure
1710,118,02-10-2025 22:00,03-10-2025 05:00,Scheduled Maintenance
1711,138,10-01-2025 04:00,10-01-2025 11:00,Generator Failure
1712,3,31-12-2025 02:00,31-12-2025 10:00,Blade Inspection
1713,110,22-11-2025 22:00,23-11-2025 05:00,Gearbox Failure
1714,56,02-12-2025 02:00,02-12-2025 05:00,Generator Failure
1715,21,26-02-2025 10:00,26-02-2025 14:00,Scheduled Maintenance
1716,68,14-02-2025 17:00,15-02-2025 01:00,Gearbox Failure
1717,4,06-07-2025 09:00,06-07-2025 16:00,Gearbox Failure
1718,40,05-03-2025 08:00,05-03-2025 15:00,Generator Failure
1719,63,04-10-2025 20:00,05-10-2025 01:00,Generator Failure
1720,99,11-10-2025 11:00,11-10-2025 19:00,Generator Failure
1721,111,13-08-2025 14:00,14-08-2025 01:00,Gearbox Failure
1722,60,07-03-2025 09:00,07-03-2025 13:00,Scheduled Maintenance
1723,69,18-03-2025 22:00,19-03-2025 08:00,Gearbox Failure
1724,13,21-09-2025 01:00,21-09-2025 10:00,Blade Inspection
1725,148,27-10-2025 04:00,27-10-2025 07:00,Scheduled Maintenance
1726,101,09-07-2025 18:00,10-07-2025 05:00,Generator Failure
1727,14,24-08-2025 11:00,24-08-2025 22:00,Blade Inspection
1728,36,02-06-2025 11:00,02-06-2025 22:00,Sensor Fault
1729,58,12-02-2025 11:00,12-02-2025 19:00,Scheduled Maintenance
1730,105,17-03-2025 17:00,17-03-2025 20:00,Blade Inspection
1731,106,27-12-2025 14:00,27-12-2025 18:00,Scheduled Maintenance
1732,4,27-12-2025 20:00,28-12-2025 06:00,Scheduled Maintenance
1733,49,17-05-2025 05:00,17-05-2025 11:00,Generator Failure
1734,104,06-08-2025 16:00,06-08-2025 22:00,Scheduled Maintenance
1735,60,16-02-2025 11:00,16-02-2025 20:00,Generator Failure
1736,18,08-04-2025 09:00,08-04-2025 19:00,Blade Inspection
1737,120,28-08-2025 10:00,28-08-2025 13:00,Generator Failure
1738,20,12-11-2025 05:00,12-11-2025 12:00,Scheduled Maintenance
1739,47,01-09-2025 14:00,01-09-2025 15:00,Generator Failure
1740,86,05-11-2025 18:00,05-11-2025 23:00,Gearbox Failure
1741,81,20-03-2025 04:00,20-03-2025 08:00,Gearbox Failure
1742,29,11-03-2025 23:00,12-03-2025 05:00,Blade Inspection
1743,149,12-06-2025 21:00,12-06-2025 22:00,Blade Inspection
1744,116,07-12-2025 19:00,08-12-2025 02:00,Gearbox Failure
1745,143,03-11-2025 22:00,04-11-2025 06:00,Sensor Fault
1746,38,12-10-2025 09:00,12-10-2025 17:00,Generator Failure
1747,16,23-05-2025 11:00,23-05-2025 14:00,Scheduled Maintenance
1748,57,03-03-2025 23:00,04-03-2025 06:00,Sensor Fault
1749,6,29-06-2025 17:00,30-06-2025 04:00,Generator Failure
1750,137,27-06-2025 05:00,27-06-2025 09:00,Blade Inspection
1751,96,19-07-2025 06:00,19-07-2025 10:00,Scheduled Maintenance
1752,133,25-01-2025 17:00,25-01-2025 22:00,Generator Failure
1753,119,02-04-2025 10:00,02-04-2025 11:00,Blade Inspection
1754,83,15-02-2025 20:00,16-02-2025 05:00,Sensor Fault
1755,143,02-03-2025 04:00,02-03-2025 07:00,Sensor Fault
1756,49,01-09-2025 22:00,02-09-2025 08:00,Generator Failure
1757,16,06-10-2025 10:00,06-10-2025 20:00,Blade Inspection
1758,88,09-07-2025 22:00,10-07-2025 01:00,Gearbox Failure
1759,130,23-06-2025 21:00,24-06-2025 00:00,Blade Inspection
1760,134,08-07-2025 04:00,08-07-2025 13:00,Scheduled Maintenance
1761,55,03-08-2025 09:00,03-08-2025 13:00,Blade Inspection
1762,55,30-04-2025 22:00,01-05-2025 03:00,Sensor Fault
1763,69,21-02-2025 07:00,21-02-2025 12:00,Sensor Fault
1764,104,06-06-2025 04:00,06-06-2025 13:00,Blade Inspection
1765,63,30-01-2025 06:00,30-01-2025 09:00,Generator Failure
1766,9,23-03-2025 22:00,24-03-2025 00:00,Scheduled Maintenance
1767,128,01-09-2025 11:00,01-09-2025 22:00,Scheduled Maintenance
1768,54,03-12-2025 12:00,03-12-2025 19:00,Generator Failure
1769,106,06-05-2025 19:00,07-05-2025 02:00,Gearbox Failure
1770,69,15-12-2025 08:00,15-12-2025 19:00,Gearbox Failure
1771,38,31-05-2025 22:00,31-05-2025 23:00,Generator Failure
1772,10,13-01-2025 10:00,13-01-2025 12:00,Blade Inspection
1773,45,03-05-2025 14:00,04-05-2025 00:00,Scheduled Maintenance
1774,61,07-05-2025 01:00,07-05-2025 11:00,Generator Failure
1775,113,10-06-2025 10:00,10-06-2025 12:00,Sensor Fault
1776,16,09-03-2025 16:00,09-03-2025 21:00,Scheduled Maintenance
1777,61,05-03-2025 00:00,05-03-2025 01:00,Blade Inspection
1778,117,23-12-2025 18:00,23-12-2025 23:00,Gearbox Failure
1779,94,07-08-2025 09:00,07-08-2025 12:00,Gearbox Failure
1780,73,26-11-2025 22:00,27-11-2025 03:00,Scheduled Maintenance
1781,49,20-05-2025 10:00,20-05-2025 21:00,Scheduled Maintenance
1782,140,18-11-2025 09:00,18-11-2025 13:00,Gearbox Failure
1783,126,16-05-2025 09:00,16-05-2025 19:00,Generator Failure
1784,33,30-12-2025 21:00,30-12-2025 22:00,Scheduled Maintenance
1785,115,30-07-2025 22:00,31-07-2025 00:00,Blade Inspection
1786,103,19-08-2025 08:00,19-08-2025 17:00,Generator Failure
1787,112,07-03-2025 16:00,08-03-2025 02:00,Sensor Fault
1788,84,13-10-2025 19:00,14-10-2025 04:00,Blade Inspection
1789,113,24-01-2025 13:00,24-01-2025 19:00,Sensor Fault
1790,8,15-05-2025 19:00,16-05-2025 06:00,Blade Inspection
1791,30,30-12-2025 04:00,30-12-2025 09:00,Generator Failure
1792,83,18-11-2025 18:00,18-11-2025 19:00,Scheduled Maintenance
1793,50,23-07-2025 05:00,23-07-2025 06:00,Scheduled Maintenance
1794,13,06-07-2025 20:00,07-07-2025 06:00,Sensor Fault
1795,83,01-12-2025 01:00,01-12-2025 02:00,Sensor Fault
1796,23,20-06-2025 00:00,20-06-2025 02:00,Scheduled Maintenance
1797,110,15-02-2025 07:00,15-02-2025 14:00,Scheduled Maintenance
1798,107,04-07-2025 17:00,05-07-2025 04:00,Generator Failure
1799,3,10-01-2025 16:00,10-01-2025 22:00,Generator Failure
1800,2,17-06-2025 06:00,17-06-2025 17:00,Gearbox Failure
1801,11,18-05-2025 09:00,18-05-2025 15:00,Blade Inspection
1802,24,05-09-2025 15:00,06-09-2025 02:00,Sensor Fault
1803,107,09-03-2025 17:00,09-03-2025 20:00,Gearbox Failure
1804,48,16-04-2025 05:00,16-04-2025 10:00,Blade Inspection
1805,146,07-07-2025 01:00,07-07-2025 02:00,Generator Failure
1806,89,25-10-2025 16:00,26-10-2025 01:00,Gearbox Failure
1807,99,07-12-2025 04:00,07-12-2025 11:00,Sensor Fault
1808,137,14-11-2025 15:00,14-11-2025 21:00,Gearbox Failure
1809,50,10-09-2025 05:00,10-09-2025 15:00,Scheduled Maintenance
1810,38,02-05-2025 23:00,03-05-2025 03:00,Blade Inspection
1811,149,21-12-2025 15:00,22-12-2025 00:00,Gearbox Failure
1812,128,15-12-2025 10:00,15-12-2025 15:00,Gearbox Failure
1813,25,05-06-2025 05:00,05-06-2025 09:00,Gearbox Failure
1814,37,01-09-2025 20:00,01-09-2025 23:00,Blade Inspection
1815,72,17-02-2025 20:00,18-02-2025 01:00,Generator Failure
1816,60,31-12-2025 21:00,01-01-2026 02:00,Sensor Fault
1817,54,13-07-2025 05:00,13-07-2025 14:00,Sensor Fault
1818,14,08-02-2025 16:00,08-02-2025 22:00,Gearbox Failure
1819,34,12-02-2025 03:00,12-02-2025 07:00,Gearbox Failure
1820,141,24-12-2025 02:00,24-12-2025 13:00,Sensor Fault
1821,60,12-09-2025 04:00,12-09-2025 05:00,Gearbox Failure
1822,9,14-09-2025 09:00,14-09-2025 16:00,Gearbox Failure
1823,149,24-03-2025 19:00,25-03-2025 02:00,Gearbox Failure
1824,72,13-02-2025 21:00,13-02-2025 23:00,Gearbox Failure
1825,142,26-10-2025 03:00,26-10-2025 10:00,Generator Failure
1826,107,24-07-2025 06:00,24-07-2025 07:00,Gearbox Failure
1827,148,18-06-2025 03:00,18-06-2025 13:00,Gearbox Failure
1828,86,16-12-2025 01:00,16-12-2025 08:00,Blade Inspection
1829,117,12-10-2025 05:00,12-10-2025 10:00,Generator Failure
1830,72,18-07-2025 05:00,18-07-2025 06:00,Sensor Fault
1831,128,02-01-2025 17:00,03-01-2025 04:00,Scheduled Maintenance
1832,3,08-08-2025 20:00,09-08-2025 04:00,Blade Inspection
1833,78,28-05-2025 07:00,28-05-2025 09:00,Generator Failure
1834,99,09-01-2025 10:00,09-01-2025 11:00,Gearbox Failure
1835,62,09-12-2025 17:00,09-12-2025 20:00,Scheduled Maintenance
1836,50,10-05-2025 17:00,11-05-2025 03:00,Gearbox Failure
1837,114,16-10-2025 00:00,16-10-2025 01:00,Gearbox Failure
1838,53,19-06-2025 07:00,19-06-2025 15:00,Sensor Fault
1839,52,15-04-2025 20:00,15-04-2025 22:00,Blade Inspection
1840,37,14-08-2025 14:00,14-08-2025 21:00,Gearbox Failure
1841,125,27-02-2025 01:00,27-02-2025 04:00,Gearbox Failure
1842,83,02-12-2025 10:00,02-12-2025 21:00,Scheduled Maintenance
1843,134,14-06-2025 20:00,15-06-2025 02:00,Gearbox Failure
1844,40,19-12-2025 11:00,19-12-2025 14:00,Generator Failure
1845,20,14-05-2025 17:00,14-05-2025 18:00,Scheduled Maintenance
1846,64,11-11-2025 20:00,12-11-2025 07:00,Generator Failure
1847,140,28-11-2025 01:00,28-11-2025 12:00,Gearbox Failure
1848,76,23-02-2025 17:00,23-02-2025 18:00,Sensor Fault
1849,33,23-08-2025 17:00,23-08-2025 18:00,Generator Failure
1850,13,02-02-2025 15:00,02-02-2025 16:00,Scheduled Maintenance
1851,67,18-05-2025 09:00,18-05-2025 13:00,Blade Inspection
1852,87,31-08-2025 03:00,31-08-2025 06:00,Generator Failure
1853,31,17-04-2025 16:00,17-04-2025 18:00,Scheduled Maintenance
1854,73,28-04-2025 11:00,28-04-2025 21:00,Gearbox Failure
1855,30,19-05-2025 22:00,19-05-2025 23:00,Generator Failure
1856,106,30-10-2025 03:00,30-10-2025 06:00,Blade Inspection
1857,140,08-12-2025 09:00,08-12-2025 11:00,Generator Failure
1858,22,01-07-2025 10:00,01-07-2025 16:00,Scheduled Maintenance
1859,97,10-11-2025 08:00,10-11-2025 17:00,Blade Inspection
1860,137,29-03-2025 23:00,30-03-2025 08:00,Scheduled Maintenance
1861,29,22-09-2025 23:00,23-09-2025 10:00,Scheduled Maintenance
1862,90,16-07-2025 08:00,16-07-2025 15:00,Scheduled Maintenance
1863,136,08-06-2025 05:00,08-06-2025 08:00,Scheduled Maintenance
1864,14,01-07-2025 21:00,02-07-2025 05:00,Gearbox Failure
1865,48,24-09-2025 06:00,24-09-2025 15:00,Sensor Fault
1866,76,22-12-2025 01:00,22-12-2025 05:00,Sensor Fault
1867,25,13-12-2025 07:00,13-12-2025 15:00,Blade Inspection
1868,90,23-06-2025 23:00,24-06-2025 08:00,Blade Inspection
1869,18,27-01-2025 22:00,28-01-2025 00:00,Blade Inspection
1870,46,01-08-2025 12:00,01-08-2025 23:00,Generator Failure
1871,51,02-09-2025 22:00,03-09-2025 08:00,Scheduled Maintenance
1872,94,16-01-2025 18:00,16-01-2025 23:00,Scheduled Maintenance
1873,6,03-12-2025 23:00,04-12-2025 08:00,Gearbox Failure
1874,57,23-09-2025 09:00,23-09-2025 13:00,Scheduled Maintenance
1875,11,20-10-2025 14:00,21-10-2025 00:00,Scheduled Maintenance
1876,57,11-08-2025 23:00,12-08-2025 06:00,Scheduled Maintenance
1877,40,26-04-2025 07:00,26-04-2025 11:00,Generator Failure
1878,74,13-04-2025 03:00,13-04-2025 06:00,Sensor Fault
1879,150,24-02-2025 22:00,25-02-2025 06:00,Generator Failure
1880,120,26-12-2025 19:00,27-12-2025 00:00,Gearbox Failure
1881,46,04-04-2025 09:00,04-04-2025 13:00,Blade Inspection
1882,55,21-08-2025 15:00,21-08-2025 21:00,Blade Inspection
1883,50,23-08-2025 12:00,23-08-2025 20:00,Gearbox Failure
1884,87,13-05-2025 12:00,13-05-2025 22:00,Blade Inspection
1885,89,01-05-2025 23:00,02-05-2025 00:00,Sensor Fault
1886,13,17-05-2025 08:00,17-05-2025 14:00,Gearbox Failure
1887,34,05-05-2025 06:00,05-05-2025 16:00,Blade Inspection
1888,43,02-08-2025 16:00,02-08-2025 21:00,Blade Inspection
1889,29,27-03-2025 20:00,28-03-2025 00:00,Sensor Fault
1890,29,24-01-2025 10:00,24-01-2025 13:00,Scheduled Maintenance
1891,132,16-01-2025 20:00,17-01-2025 01:00,Sensor Fault
1892,48,27-12-2025 08:00,27-12-2025 09:00,Blade Inspection
1893,102,08-12-2025 06:00,08-12-2025 11:00,Scheduled Maintenance
1894,104,09-07-2025 03:00,09-07-2025 11:00,Blade Inspection
1895,104,24-03-2025 22:00,24-03-2025 23:00,Scheduled Maintenance
1896,100,15-06-2025 13:00,15-06-2025 14:00,Scheduled Maintenance
1897,102,12-07-2025 16:00,12-07-2025 20:00,Blade Inspection
1898,11,16-04-2025 07:00,16-04-2025 15:00,Generator Failure
1899,88,15-05-2025 17:00,15-05-2025 20:00,Sensor Fault
1900,122,02-05-2025 05:00,02-05-2025 13:00,Blade Inspection
1901,42,01-11-2025 21:00,01-11-2025 23:00,Scheduled Maintenance
1902,99,30-04-2025 11:00,30-04-2025 14:00,Sensor Fault
1903,149,05-02-2025 12:00,05-02-2025 19:00,Scheduled Maintenance
1904,58,16-12-2025 17:00,17-12-2025 00:00,Sensor Fault
1905,31,03-11-2025 09:00,03-11-2025 18:00,Generator Failure
1906,54,30-04-2025 14:00,01-05-2025 00:00,Generator Failure
1907,15,01-11-2025 08:00,01-11-2025 14:00,Blade Inspection
1908,102,19-09-2025 15:00,19-09-2025 20:00,Blade Inspection
1909,61,08-10-2025 08:00,08-10-2025 19:00,Scheduled Maintenance
1910,61,09-07-2025 21:00,10-07-2025 07:00,Generator Failure
1911,142,04-07-2025 05:00,04-07-2025 14:00,Gearbox Failure
1912,64,24-02-2025 11:00,24-02-2025 14:00,Scheduled Maintenance
1913,110,27-03-2025 21:00,27-03-2025 23:00,Blade Inspection
1914,85,27-06-2025 02:00,27-06-2025 12:00,Gearbox Failure
1915,146,23-09-2025 16:00,23-09-2025 22:00,Sensor Fault
1916,29,28-01-2025 04:00,28-01-2025 15:00,Blade Inspection
1917,126,04-07-2025 11:00,04-07-2025 20:00,Generator Failure
1918,104,24-07-2025 11:00,24-07-2025 15:00,Gearbox Failure
1919,98,18-05-2025 16:00,19-05-2025 03:00,Scheduled Maintenance
1920,139,15-09-2025 12:00,15-09-2025 13:00,Sensor Fault
1921,136,24-06-2025 17:00,25-06-2025 00:00,Blade Inspection
1922,18,10-05-2025 16:00,11-05-2025 03:00,Generator Failure
1923,25,14-11-2025 10:00,14-11-2025 21:00,Sensor Fault
1924,94,06-05-2025 10:00,06-05-2025 21:00,Scheduled Maintenance
1925,27,27-10-2025 19:00,28-10-2025 04:00,Sensor Fault
1926,20,25-01-2025 02:00,25-01-2025 11:00,Scheduled Maintenance
1927,13,27-04-2025 08:00,27-04-2025 19:00,Scheduled Maintenance
1928,98,18-04-2025 12:00,18-04-2025 16:00,Scheduled Maintenance
1929,88,10-09-2025 23:00,11-09-2025 06:00,Generator Failure
1930,116,30-04-2025 05:00,30-04-2025 16:00,Generator Failure
1931,141,12-08-2025 08:00,12-08-2025 10:00,Scheduled Maintenance
1932,22,10-04-2025 15:00,11-04-2025 02:00,Generator Failure
1933,73,02-02-2025 17:00,02-02-2025 20:00,Sensor Fault
1934,87,16-08-2025 08:00,16-08-2025 19:00,Blade Inspection
1935,66,30-04-2025 15:00,01-05-2025 01:00,Sensor Fault
1936,120,13-03-2025 22:00,14-03-2025 01:00,Generator Failure
1937,108,25-01-2025 03:00,25-01-2025 05:00,Sensor Fault
1938,89,13-11-2025 02:00,13-11-2025 06:00,Sensor Fault
1939,29,27-02-2025 12:00,27-02-2025 15:00,Scheduled Maintenance
1940,130,20-03-2025 20:00,21-03-2025 04:00,Blade Inspection
1941,71,08-01-2025 16:00,09-01-2025 01:00,Gearbox Failure
1942,120,28-06-2025 03:00,28-06-2025 07:00,Blade Inspection
1943,76,08-03-2025 17:00,08-03-2025 20:00,Gearbox Failure
1944,83,07-12-2025 09:00,07-12-2025 16:00,Generator Failure
1945,80,02-06-2025 04:00,02-06-2025 14:00,Sensor Fault
1946,140,26-10-2025 09:00,26-10-2025 10:00,Blade Inspection
1947,96,23-11-2025 19:00,24-11-2025 01:00,Sensor Fault
1948,51,08-07-2025 18:00,08-07-2025 20:00,Gearbox Failure
1949,10,10-01-2025 13:00,10-01-2025 20:00,Generator Failure
1950,19,30-06-2025 10:00,30-06-2025 21:00,Scheduled Maintenance
1951,104,25-08-2025 03:00,25-08-2025 07:00,Sensor Fault
1952,66,30-01-2025 08:00,30-01-2025 14:00,Generator Failure
1953,10,20-05-2025 15:00,20-05-2025 18:00,Generator Failure
1954,127,13-12-2025 06:00,13-12-2025 07:00,Blade Inspection
1955,49,18-02-2025 00:00,18-02-2025 04:00,Sensor Fault
1956,75,03-02-2025 03:00,03-02-2025 05:00,Sensor Fault
1957,69,24-04-2025 09:00,24-04-2025 18:00,Blade Inspection
1958,137,05-09-2025 16:00,06-09-2025 00:00,Blade Inspection
1959,44,29-03-2025 09:00,29-03-2025 20:00,Blade Inspection
1960,118,20-09-2025 11:00,20-09-2025 17:00,Gearbox Failure
1961,123,11-12-2025 05:00,11-12-2025 15:00,Sensor Fault
1962,45,29-11-2025 03:00,29-11-2025 05:00,Scheduled Maintenance
1963,4,15-08-2025 11:00,15-08-2025 21:00,Generator Failure
1964,16,27-01-2025 21:00,28-01-2025 06:00,Scheduled Maintenance
1965,63,03-05-2025 03:00,03-05-2025 11:00,Generator Failure
1966,17,26-12-2025 04:00,26-12-2025 08:00,Sensor Fault
1967,47,20-04-2025 02:00,20-04-2025 11:00,Scheduled Maintenance
1968,108,27-03-2025 18:00,28-03-2025 00:00,Gearbox Failure
1969,126,14-04-2025 11:00,14-04-2025 21:00,Generator Failure
1970,2,01-02-2025 07:00,01-02-2025 10:00,Blade Inspection
1971,124,12-10-2025 02:00,12-10-2025 10:00,Generator Failure
1972,45,25-01-2025 08:00,25-01-2025 14:00,Blade Inspection
1973,123,27-07-2025 10:00,27-07-2025 18:00,Blade Inspection
1974,30,24-03-2025 14:00,24-03-2025 20:00,Generator Failure
1975,134,17-09-2025 16:00,17-09-2025 21:00,Sensor Fault
1976,42,04-03-2025 12:00,04-03-2025 13:00,Generator Failure
1977,108,07-06-2025 21:00,08-06-2025 05:00,Blade Inspection
1978,135,23-06-2025 23:00,24-06-2025 02:00,Blade Inspection
1979,44,16-05-2025 10:00,16-05-2025 18:00,Sensor Fault
1980,66,01-07-2025 05:00,01-07-2025 09:00,Gearbox Failure
1981,146,25-02-2025 00:00,25-02-2025 05:00,Scheduled Maintenance
1982,104,03-03-2025 00:00,03-03-2025 09:00,Generator Failure
1983,113,14-11-2025 06:00,14-11-2025 13:00,Generator Failure
1984,134,01-02-2025 11:00,01-02-2025 14:00,Blade Inspection
1985,145,26-02-2025 09:00,26-02-2025 16:00,Sensor Fault
1986,1,30-08-2025 23:00,31-08-2025 00:00,Gearbox Failure
1987,142,03-06-2025 09:00,03-06-2025 17:00,Sensor Fault
1988,81,27-05-2025 08:00,27-05-2025 15:00,Generator Failure
1989,107,27-07-2025 14:00,28-07-2025 01:00,Gearbox Failure
1990,149,02-02-2025 11:00,02-02-2025 17:00,Sensor Fault
1991,2,25-02-2025 17:00,26-02-2025 01:00,Scheduled Maintenance
1992,2,17-12-2025 08:00,17-12-2025 12:00,Gearbox Failure
1993,78,20-10-2025 06:00,20-10-2025 17:00,Gearbox Failure
1994,1,17-09-2025 15:00,17-09-2025 19:00,Sensor Fault
1995,120,24-03-2025 05:00,24-03-2025 15:00,Scheduled Maintenance
1996,38,11-03-2025 07:00,11-03-2025 15:00,Scheduled Maintenance
1997,100,03-10-2025 22:00,04-10-2025 06:00,Blade Inspection
1998,23,24-02-2025 15:00,24-02-2025 21:00,Gearbox Failure
1999,82,18-03-2025 16:00,19-03-2025 00:00,Sensor Fault
2000,101,05-02-2025 16:00,05-02-2025 21:00,Scheduled Maintenance
2001,90,04-02-2025 12:00,04-02-2025 23:00,Sensor Fault
2002,21,23-08-2025 02:00,23-08-2025 12:00,Blade Inspection
2003,63,25-02-2025 11:00,25-02-2025 20:00,Sensor Fault
2004,33,28-07-2025 17:00,28-07-2025 20:00,Generator Failure
2005,60,09-10-2025 04:00,09-10-2025 09:00,Scheduled Maintenance
2006,65,12-11-2025 12:00,12-11-2025 19:00,Sensor Fault
2007,28,06-08-2025 14:00,06-08-2025 22:00,Blade Inspection
2008,124,13-06-2025 18:00,14-06-2025 04:00,Sensor Fault
2009,83,24-01-2025 23:00,25-01-2025 04:00,Blade Inspection
2010,19,25-05-2025 08:00,25-05-2025 09:00,Scheduled Maintenance
2011,36,10-11-2025 05:00,10-11-2025 14:00,Scheduled Maintenance
2012,24,03-04-2025 09:00,03-04-2025 11:00,Sensor Fault
2013,6,05-02-2025 16:00,06-02-2025 00:00,Blade Inspection
2014,124,28-06-2025 12:00,28-06-2025 16:00,Blade Inspection
2015,41,01-06-2025 19:00,01-06-2025 20:00,Sensor Fault
2016,126,13-09-2025 02:00,13-09-2025 11:00,Generator Failure
2017,131,27-06-2025 16:00,28-06-2025 02:00,Blade Inspection
2018,38,23-08-2025 14:00,23-08-2025 17:00,Generator Failure
2019,132,14-08-2025 14:00,14-08-2025 23:00,Sensor Fault
2020,75,19-08-2025 08:00,19-08-2025 14:00,Generator Failure
2021,57,29-08-2025 23:00,30-08-2025 06:00,Scheduled Maintenance
2022,62,16-07-2025 19:00,16-07-2025 22:00,Blade Inspection
2023,85,15-09-2025 07:00,15-09-2025 08:00,Gearbox Failure
2024,27,08-04-2025 01:00,08-04-2025 11:00,Scheduled Maintenance
2025,3,07-02-2025 14:00,07-02-2025 22:00,Sensor Fault
2026,79,02-06-2025 05:00,02-06-2025 13:00,Generator Failure
2027,58,13-07-2025 15:00,13-07-2025 18:00,Sensor Fault
2028,84,02-12-2025 15:00,02-12-2025 20:00,Blade Inspection
2029,7,12-07-2025 13:00,12-07-2025 15:00,Blade Inspection
2030,30,23-08-2025 01:00,23-08-2025 12:00,Sensor Fault
2031,18,08-04-2025 09:00,08-04-2025 18:00,Scheduled Maintenance
2032,22,25-08-2025 07:00,25-08-2025 18:00,Sensor Fault
2033,58,03-10-2025 06:00,03-10-2025 13:00,Sensor Fault
2034,101,21-06-2025 08:00,21-06-2025 16:00,Generator Failure
2035,48,25-07-2025 10:00,25-07-2025 21:00,Gearbox Failure
2036,53,08-09-2025 09:00,08-09-2025 13:00,Generator Failure
2037,68,03-07-2025 07:00,03-07-2025 08:00,Sensor Fault
2038,13,16-06-2025 10:00,16-06-2025 17:00,Scheduled Maintenance
2039,10,04-10-2025 12:00,04-10-2025 17:00,Scheduled Maintenance
2040,48,12-10-2025 21:00,13-10-2025 08:00,Sensor Fault
2041,130,09-11-2025 06:00,09-11-2025 07:00,Sensor Fault
2042,141,03-02-2025 16:00,04-02-2025 03:00,Blade Inspection
2043,66,08-10-2025 07:00,08-10-2025 15:00,Blade Inspection
2044,19,03-12-2025 01:00,03-12-2025 10:00,Gearbox Failure
2045,71,14-02-2025 23:00,15-02-2025 07:00,Sensor Fault
2046,101,02-08-2025 22:00,03-08-2025 05:00,Gearbox Failure
2047,18,21-02-2025 09:00,21-02-2025 18:00,Blade Inspection
2048,142,15-01-2025 09:00,15-01-2025 10:00,Scheduled Maintenance
2049,118,04-12-2025 21:00,05-12-2025 01:00,Sensor Fault
2050,110,17-01-2025 00:00,17-01-2025 02:00,Scheduled Maintenance
2051,30,09-05-2025 10:00,09-05-2025 14:00,Gearbox Failure
2052,67,13-09-2025 05:00,13-09-2025 12:00,Generator Failure
2053,70,06-04-2025 16:00,06-04-2025 23:00,Gearbox Failure
2054,46,11-02-2025 00:00,11-02-2025 11:00,Gearbox Failure
2055,89,09-01-2025 08:00,09-01-2025 13:00,Blade Inspection
2056,72,02-05-2025 09:00,02-05-2025 17:00,Gearbox Failure
2057,121,28-09-2025 04:00,28-09-2025 08:00,Scheduled Maintenance
2058,49,17-01-2025 16:00,18-01-2025 03:00,Gearbox Failure
2059,125,23-09-2025 12:00,23-09-2025 15:00,Gearbox Failure
2060,17,19-09-2025 02:00,19-09-2025 04:00,Blade Inspection
2061,11,26-11-2025 11:00,26-11-2025 20:00,Scheduled Maintenance
2062,116,11-10-2025 05:00,11-10-2025 12:00,Sensor Fault
2063,106,18-10-2025 11:00,18-10-2025 20:00,Sensor Fault
2064,21,07-02-2025 14:00,08-02-2025 01:00,Sensor Fault
2065,48,29-06-2025 13:00,29-06-2025 15:00,Scheduled Maintenance
2066,3,15-07-2025 13:00,15-07-2025 14:00,Scheduled Maintenance
2067,113,28-11-2025 19:00,29-11-2025 03:00,Gearbox Failure
2068,95,21-06-2025 00:00,21-06-2025 07:00,Scheduled Maintenance
2069,129,23-03-2025 00:00,23-03-2025 02:00,Gearbox Failure
2070,113,23-09-2025 00:00,23-09-2025 02:00,Gearbox Failure
2071,21,12-08-2025 23:00,13-08-2025 08:00,Sensor Fault
2072,53,04-05-2025 03:00,04-05-2025 06:00,Gearbox Failure
2073,39,01-02-2025 19:00,02-02-2025 06:00,Blade Inspection
2074,91,18-11-2025 04:00,18-11-2025 09:00,Generator Failure
2075,103,28-02-2025 21:00,01-03-2025 07:00,Sensor Fault
2076,65,09-09-2025 06:00,09-09-2025 17:00,Gearbox Failure
2077,133,23-02-2025 03:00,23-02-2025 10:00,Sensor Fault
2078,60,16-07-2025 19:00,16-07-2025 23:00,Sensor Fault
2079,13,25-11-2025 13:00,25-11-2025 17:00,Generator Failure
2080,27,29-04-2025 06:00,29-04-2025 17:00,Scheduled Maintenance
2081,59,08-12-2025 23:00,09-12-2025 09:00,Generator Failure
2082,76,19-11-2025 19:00,20-11-2025 06:00,Generator Failure
2083,59,28-09-2025 10:00,28-09-2025 19:00,Generator Failure
2084,39,02-05-2025 00:00,02-05-2025 05:00,Blade Inspection
2085,104,12-08-2025 00:00,12-08-2025 01:00,Scheduled Maintenance
2086,144,02-08-2025 17:00,02-08-2025 18:00,Gearbox Failure
2087,87,30-11-2025 21:00,01-12-2025 08:00,Sensor Fault
2088,102,12-09-2025 05:00,12-09-2025 07:00,Sensor Fault
2089,37,07-07-2025 04:00,07-07-2025 11:00,Scheduled Maintenance
2090,61,09-06-2025 06:00,09-06-2025 09:00,Blade Inspection
2091,119,22-11-2025 07:00,22-11-2025 11:00,Sensor Fault
2092,105,23-09-2025 18:00,24-09-2025 02:00,Sensor Fault
2093,12,11-10-2025 13:00,11-10-2025 21:00,Generator Failure
2094,115,19-02-2025 15:00,19-02-2025 21:00,Generator Failure
2095,87,07-08-2025 10:00,07-08-2025 20:00,Gearbox Failure
2096,69,29-12-2025 04:00,29-12-2025 13:00,Scheduled Maintenance
2097,126,21-12-2025 22:00,22-12-2025 00:00,Gearbox Failure
2098,133,03-06-2025 07:00,03-06-2025 14:00,Scheduled Maintenance
2099,67,30-10-2025 08:00,30-10-2025 15:00,Scheduled Maintenance
2100,123,06-09-2025 03:00,06-09-2025 10:00,Scheduled Maintenance
2101,46,25-10-2025 07:00,25-10-2025 11:00,Scheduled Maintenance
2102,115,13-09-2025 03:00,13-09-2025 10:00,Scheduled Maintenance
2103,93,17-01-2025 21:00,18-01-2025 08:00,Generator Failure
2104,65,01-07-2025 09:00,01-07-2025 13:00,Gearbox Failure
2105,133,18-09-2025 01:00,18-09-2025 03:00,Gearbox Failure
2106,105,26-04-2025 06:00,26-04-2025 11:00,Generator Failure
2107,145,05-08-2025 18:00,06-08-2025 04:00,Generator Failure
2108,93,27-03-2025 21:00,28-03-2025 01:00,Generator Failure
2109,48,03-09-2025 19:00,04-09-2025 02:00,Sensor Fault
2110,106,18-05-2025 17:00,18-05-2025 21:00,Scheduled Maintenance
2111,16,08-01-2025 04:00,08-01-2025 11:00,Generator Failure
2112,68,12-03-2025 01:00,12-03-2025 08:00,Sensor Fault
2113,132,11-06-2025 00:00,11-06-2025 01:00,Sensor Fault
2114,109,07-03-2025 02:00,07-03-2025 04:00,Blade Inspection
2115,54,17-07-2025 15:00,18-07-2025 00:00,Scheduled Maintenance
2116,46,13-10-2025 04:00,13-10-2025 07:00,Gearbox Failure
2117,19,15-05-2025 05:00,15-05-2025 07:00,Generator Failure
2118,76,09-11-2025 08:00,09-11-2025 14:00,Sensor Fault
2119,2,19-01-2025 23:00,20-01-2025 01:00,Sensor Fault
2120,84,09-05-2025 23:00,10-05-2025 04:00,Blade Inspection
2121,27,01-09-2025 21:00,02-09-2025 06:00,Blade Inspection
2122,62,28-05-2025 18:00,29-05-2025 00:00,Scheduled Maintenance
2123,132,09-03-2025 02:00,09-03-2025 12:00,Scheduled Maintenance
2124,12,20-07-2025 04:00,20-07-2025 14:00,Sensor Fault
2125,117,09-07-2025 19:00,10-07-2025 05:00,Blade Inspection
2126,146,04-07-2025 16:00,04-07-2025 17:00,Generator Failure
2127,54,20-12-2025 12:00,20-12-2025 18:00,Sensor Fault
2128,62,13-08-2025 01:00,13-08-2025 11:00,Scheduled Maintenance
2129,120,01-06-2025 14:00,01-06-2025 16:00,Generator Failure
2130,111,28-06-2025 05:00,28-06-2025 06:00,Generator Failure
2131,60,19-06-2025 04:00,19-06-2025 10:00,Gearbox Failure
2132,93,02-05-2025 00:00,02-05-2025 03:00,Blade Inspection
2133,145,10-02-2025 08:00,10-02-2025 18:00,Sensor Fault
2134,40,26-07-2025 03:00,26-07-2025 04:00,Sensor Fault
2135,136,10-05-2025 22:00,11-05-2025 04:00,Scheduled Maintenance
2136,16,23-05-2025 23:00,24-05-2025 01:00,Blade Inspection
2137,3,12-02-2025 13:00,12-02-2025 18:00,Blade Inspection
2138,71,27-10-2025 12:00,27-10-2025 19:00,Blade Inspection
2139,5,05-05-2025 03:00,05-05-2025 07:00,Scheduled Maintenance
2140,83,24-03-2025 13:00,25-03-2025 00:00,Gearbox Failure
2141,91,05-11-2025 20:00,05-11-2025 21:00,Gearbox Failure
2142,77,09-07-2025 11:00,09-07-2025 18:00,Generator Failure
2143,30,31-12-2025 07:00,31-12-2025 13:00,Blade Inspection
2144,119,21-10-2025 14:00,21-10-2025 19:00,Scheduled Maintenance
2145,81,14-10-2025 02:00,14-10-2025 03:00,Generator Failure
2146,95,21-01-2025 09:00,21-01-2025 13:00,Sensor Fault
2147,47,07-04-2025 03:00,07-04-2025 09:00,Gearbox Failure
2148,134,01-12-2025 01:00,01-12-2025 12:00,Gearbox Failure
2149,124,30-11-2025 03:00,30-11-2025 06:00,Scheduled Maintenance
2150,42,01-04-2025 19:00,02-04-2025 00:00,Sensor Fault
2151,39,19-08-2025 11:00,19-08-2025 22:00,Gearbox Failure
2152,82,22-12-2025 13:00,22-12-2025 17:00,Blade Inspection
2153,55,17-11-2025 15:00,17-11-2025 21:00,Sensor Fault
2154,36,21-01-2025 02:00,21-01-2025 04:00,Generator Failure
2155,16,25-01-2025 18:00,25-01-2025 20:00,Gearbox Failure
2156,109,10-06-2025 13:00,10-06-2025 20:00,Blade Inspection
2157,72,05-10-2025 13:00,05-10-2025 18:00,Sensor Fault
2158,17,14-07-2025 11:00,14-07-2025 22:00,Gearbox Failure
2159,95,19-09-2025 05:00,19-09-2025 07:00,Generator Failure
2160,116,16-04-2025 06:00,16-04-2025 12:00,Scheduled Maintenance
2161,147,16-05-2025 23:00,17-05-2025 10:00,Blade Inspection
2162,37,03-11-2025 22:00,04-11-2025 04:00,Blade Inspection
2163,9,22-03-2025 03:00,22-03-2025 10:00,Sensor Fault
2164,28,19-02-2025 05:00,19-02-2025 13:00,Scheduled Maintenance
2165,76,13-06-2025 02:00,13-06-2025 12:00,Sensor Fault
2166,76,03-03-2025 00:00,03-03-2025 04:00,Scheduled Maintenance
2167,71,25-05-2025 01:00,25-05-2025 11:00,Gearbox Failure
2168,75,26-01-2025 06:00,26-01-2025 08:00,Blade Inspection
2169,53,27-11-2025 15:00,27-11-2025 23:00,Scheduled Maintenance
2170,19,17-03-2025 01:00,17-03-2025 06:00,Gearbox Failure
2171,77,25-05-2025 15:00,25-05-2025 20:00,Generator Failure
2172,76,23-08-2025 17:00,24-08-2025 04:00,Sensor Fault
2173,4,16-01-2025 21:00,16-01-2025 23:00,Blade Inspection
2174,69,21-03-2025 11:00,21-03-2025 15:00,Blade Inspection
2175,23,27-12-2025 09:00,27-12-2025 16:00,Scheduled Maintenance
2176,23,26-02-2025 16:00,26-02-2025 17:00,Gearbox Failure
2177,119,11-09-2025 23:00,12-09-2025 07:00,Generator Failure
2178,79,20-01-2025 02:00,20-01-2025 09:00,Blade Inspection
2179,95,31-07-2025 16:00,31-07-2025 22:00,Sensor Fault
2180,14,14-04-2025 19:00,15-04-2025 03:00,Scheduled Maintenance
2181,40,19-08-2025 20:00,20-08-2025 03:00,Sensor Fault
2182,55,25-04-2025 20:00,26-04-2025 05:00,Scheduled Maintenance
2183,35,10-05-2025 11:00,10-05-2025 19:00,Blade Inspection
2184,20,05-11-2025 14:00,05-11-2025 16:00,Scheduled Maintenance
2185,144,15-03-2025 04:00,15-03-2025 06:00,Scheduled Maintenance
2186,108,10-02-2025 06:00,10-02-2025 11:00,Generator Failure
2187,67,15-11-2025 10:00,15-11-2025 20:00,Generator Failure
2188,144,27-10-2025 11:00,27-10-2025 12:00,Generator Failure
2189,19,29-07-2025 22:00,30-07-2025 01:00,Scheduled Maintenance
2190,138,02-06-2025 13:00,02-06-2025 18:00,Scheduled Maintenance
2191,104,12-09-2025 15:00,12-09-2025 20:00,Gearbox Failure
2192,95,16-05-2025 16:00,17-05-2025 00:00,Gearbox Failure
2193,52,19-06-2025 03:00,19-06-2025 07:00,Generator Failure
2194,27,20-07-2025 04:00,20-07-2025 08:00,Gearbox Failure
2195,17,01-10-2025 02:00,01-10-2025 09:00,Blade Inspection
2196,18,24-11-2025 13:00,24-11-2025 19:00,Blade Inspection
2197,74,13-10-2025 13:00,13-10-2025 21:00,Generator Failure
2198,64,02-12-2025 11:00,02-12-2025 12:00,Sensor Fault
2199,61,17-09-2025 03:00,17-09-2025 07:00,Blade Inspection
2200,120,18-11-2025 19:00,19-11-2025 05:00,Blade Inspection
2201,139,09-05-2025 12:00,09-05-2025 13:00,Blade Inspection
2202,19,19-09-2025 17:00,19-09-2025 23:00,Blade Inspection
2203,84,30-05-2025 18:00,31-05-2025 02:00,Generator Failure
2204,148,28-07-2025 04:00,28-07-2025 05:00,Scheduled Maintenance
2205,149,23-09-2025 02:00,23-09-2025 10:00,Gearbox Failure
2206,41,21-09-2025 04:00,21-09-2025 06:00,Gearbox Failure
2207,14,04-04-2025 13:00,04-04-2025 21:00,Scheduled Maintenance
2208,17,16-02-2025 16:00,16-02-2025 21:00,Gearbox Failure
2209,31,23-12-2025 02:00,23-12-2025 03:00,Generator Failure
2210,149,29-01-2025 08:00,29-01-2025 16:00,Gearbox Failure
2211,79,01-04-2025 05:00,01-04-2025 08:00,Sensor Fault
2212,15,30-05-2025 01:00,30-05-2025 11:00,Sensor Fault
2213,86,28-06-2025 04:00,28-06-2025 12:00,Blade Inspection
2214,77,09-05-2025 03:00,09-05-2025 06:00,Sensor Fault
2215,93,29-01-2025 10:00,29-01-2025 21:00,Gearbox Failure
2216,82,05-09-2025 07:00,05-09-2025 16:00,Sensor Fault
2217,142,04-10-2025 22:00,05-10-2025 04:00,Sensor Fault
2218,17,28-08-2025 12:00,28-08-2025 14:00,Generator Failure
2219,40,23-01-2025 01:00,23-01-2025 02:00,Blade Inspection
2220,52,10-01-2025 16:00,10-01-2025 21:00,Gearbox Failure
2221,20,20-02-2025 00:00,20-02-2025 08:00,Blade Inspection
2222,54,19-10-2025 16:00,20-10-2025 02:00,Sensor Fault
2223,16,04-03-2025 15:00,05-03-2025 02:00,Sensor Fault
2224,108,06-06-2025 10:00,06-06-2025 13:00,Scheduled Maintenance
2225,118,18-11-2025 08:00,18-11-2025 17:00,Gearbox Failure
2226,97,19-07-2025 10:00,19-07-2025 18:00,Scheduled Maintenance
2227,24,16-10-2025 16:00,17-10-2025 03:00,Sensor Fault
2228,21,02-11-2025 06:00,02-11-2025 13:00,Gearbox Failure
2229,121,25-04-2025 12:00,25-04-2025 21:00,Gearbox Failure
2230,129,13-12-2025 23:00,14-12-2025 02:00,Generator Failure
2231,64,11-06-2025 02:00,11-06-2025 13:00,Sensor Fault
2232,125,30-08-2025 19:00,30-08-2025 20:00,Sensor Fault
2233,14,11-12-2025 10:00,11-12-2025 12:00,Gearbox Failure
2234,126,17-04-2025 07:00,17-04-2025 09:00,Scheduled Maintenance
2235,38,24-11-2025 13:00,24-11-2025 18:00,Gearbox Failure
2236,5,15-09-2025 01:00,15-09-2025 11:00,Generator Failure
2237,97,15-07-2025 01:00,15-07-2025 12:00,Scheduled Maintenance
2238,29,26-10-2025 08:00,26-10-2025 11:00,Gearbox Failure
2239,4,28-09-2025 00:00,28-09-2025 04:00,Generator Failure
2240,36,23-04-2025 10:00,23-04-2025 11:00,Generator Failure
2241,88,15-09-2025 04:00,15-09-2025 15:00,Sensor Fault
2242,95,07-01-2025 08:00,07-01-2025 13:00,Scheduled Maintenance
2243,17,29-10-2025 11:00,29-10-2025 12:00,Blade Inspection
2244,69,15-06-2025 06:00,15-06-2025 12:00,Scheduled Maintenance
2245,96,16-01-2025 16:00,16-01-2025 20:00,Generator Failure
2246,131,13-05-2025 21:00,14-05-2025 06:00,Blade Inspection
2247,61,15-12-2025 03:00,15-12-2025 08:00,Blade Inspection
2248,95,05-10-2025 03:00,05-10-2025 12:00,Scheduled Maintenance
2249,115,13-07-2025 23:00,14-07-2025 01:00,Sensor Fault
2250,4,31-07-2025 04:00,31-07-2025 15:00,Gearbox Failure
2251,107,25-10-2025 23:00,26-10-2025 08:00,Scheduled Maintenance
2252,105,25-02-2025 19:00,26-02-2025 05:00,Blade Inspection
2253,124,08-08-2025 23:00,09-08-2025 00:00,Blade Inspection
2254,5,16-03-2025 14:00,16-03-2025 18:00,Blade Inspection
2255,53,26-03-2025 04:00,26-03-2025 07:00,Generator Failure
2256,97,11-08-2025 03:00,11-08-2025 14:00,Generator Failure
2257,88,03-09-2025 04:00,03-09-2025 12:00,Gearbox Failure
2258,43,26-09-2025 13:00,26-09-2025 15:00,Gearbox Failure
2259,92,25-07-2025 01:00,25-07-2025 08:00,Scheduled Maintenance
2260,31,12-08-2025 19:00,12-08-2025 21:00,Scheduled Maintenance
2261,49,06-04-2025 14:00,07-04-2025 01:00,Gearbox Failure
2262,110,25-05-2025 17:00,25-05-2025 22:00,Sensor Fault
2263,48,29-10-2025 10:00,29-10-2025 21:00,Generator Failure
2264,20,10-09-2025 23:00,11-09-2025 05:00,Generator Failure
2265,16,26-01-2025 06:00,26-01-2025 16:00,Generator Failure
2266,45,09-12-2025 16:00,10-12-2025 01:00,Blade Inspection
2267,60,04-12-2025 20:00,05-12-2025 07:00,Blade Inspection
2268,115,20-09-2025 00:00,20-09-2025 07:00,Scheduled Maintenance
2269,134,12-10-2025 19:00,12-10-2025 21:00,Scheduled Maintenance
2270,83,14-11-2025 20:00,15-11-2025 01:00,Sensor Fault
2271,114,01-04-2025 07:00,01-04-2025 14:00,Generator Failure
2272,102,17-12-2025 21:00,18-12-2025 07:00,Scheduled Maintenance
2273,119,12-10-2025 09:00,12-10-2025 12:00,Generator Failure
2274,142,15-09-2025 15:00,16-09-2025 02:00,Generator Failure
2275,128,24-07-2025 08:00,24-07-2025 14:00,Sensor Fault
2276,42,16-10-2025 23:00,17-10-2025 04:00,Sensor Fault
2277,129,13-10-2025 00:00,13-10-2025 05:00,Sensor Fault
2278,17,14-02-2025 19:00,15-02-2025 02:00,Blade Inspection
2279,133,28-04-2025 22:00,29-04-2025 05:00,Gearbox Failure
2280,20,09-11-2025 14:00,09-11-2025 16:00,Scheduled Maintenance
2281,141,05-08-2025 16:00,06-08-2025 00:00,Scheduled Maintenance
2282,39,24-05-2025 02:00,24-05-2025 12:00,Blade Inspection
2283,95,28-03-2025 01:00,28-03-2025 03:00,Gearbox Failure
2284,120,06-07-2025 15:00,06-07-2025 23:00,Sensor Fault
2285,66,05-04-2025 18:00,06-04-2025 03:00,Generator Failure
2286,101,27-04-2025 14:00,27-04-2025 16:00,Scheduled Maintenance
2287,12,11-03-2025 16:00,11-03-2025 23:00,Scheduled Maintenance
2288,45,12-03-2025 00:00,12-03-2025 06:00,Scheduled Maintenance
2289,120,02-01-2025 20:00,02-01-2025 21:00,Scheduled Maintenance
2290,124,26-11-2025 09:00,26-11-2025 10:00,Sensor Fault
2291,136,07-09-2025 08:00,07-09-2025 14:00,Scheduled Maintenance
2292,105,19-12-2025 15:00,20-12-2025 00:00,Generator Failure
2293,65,05-03-2025 20:00,06-03-2025 05:00,Gearbox Failure
2294,2,02-09-2025 13:00,02-09-2025 14:00,Gearbox Failure
2295,120,29-04-2025 21:00,30-04-2025 00:00,Gearbox Failure
2296,3,07-02-2025 13:00,07-02-2025 14:00,Generator Failure
2297,79,18-11-2025 14:00,18-11-2025 22:00,Scheduled Maintenance
2298,123,28-05-2025 02:00,28-05-2025 12:00,Gearbox Failure
2299,69,28-12-2025 21:00,29-12-2025 07:00,Blade Inspection
2300,27,07-04-2025 13:00,07-04-2025 20:00,Generator Failure
2301,131,02-06-2025 03:00,02-06-2025 12:00,Scheduled Maintenance
2302,65,04-11-2025 03:00,04-11-2025 08:00,Sensor Fault
2303,80,09-09-2025 09:00,09-09-2025 16:00,Blade Inspection
2304,139,29-07-2025 05:00,29-07-2025 09:00,Blade Inspection
2305,36,12-05-2025 13:00,12-05-2025 16:00,Blade Inspection
2306,150,01-04-2025 20:00,01-04-2025 23:00,Scheduled Maintenance
2307,35,20-12-2025 13:00,20-12-2025 18:00,Sensor Fault
2308,84,12-08-2025 03:00,12-08-2025 08:00,Generator Failure
2309,48,13-03-2025 04:00,13-03-2025 13:00,Blade Inspection
2310,126,28-08-2025 01:00,28-08-2025 09:00,Scheduled Maintenance
2311,92,27-03-2025 17:00,28-03-2025 02:00,Scheduled Maintenance
2312,37,12-08-2025 15:00,12-08-2025 19:00,Gearbox Failure
2313,52,14-02-2025 19:00,14-02-2025 21:00,Blade Inspection
2314,58,07-08-2025 19:00,08-08-2025 06:00,Blade Inspection
2315,83,27-10-2025 15:00,28-10-2025 01:00,Blade Inspection
2316,118,19-03-2025 09:00,19-03-2025 14:00,Blade Inspection
2317,17,02-11-2025 09:00,02-11-2025 10:00,Generator Failure
2318,144,26-02-2025 22:00,26-02-2025 23:00,Scheduled Maintenance
2319,68,18-01-2025 17:00,19-01-2025 02:00,Blade Inspection
2320,68,25-04-2025 03:00,25-04-2025 05:00,Scheduled Maintenance
2321,128,06-12-2025 13:00,06-12-2025 18:00,Generator Failure
2322,55,16-01-2025 06:00,16-01-2025 07:00,Gearbox Failure
2323,41,24-02-2025 18:00,25-02-2025 04:00,Sensor Fault
2324,89,08-03-2025 09:00,08-03-2025 14:00,Scheduled Maintenance
2325,33,01-04-2025 01:00,01-04-2025 06:00,Generator Failure
2326,115,19-12-2025 04:00,19-12-2025 14:00,Gearbox Failure
2327,115,30-12-2025 18:00,31-12-2025 03:00,Generator Failure
2328,77,15-01-2025 05:00,15-01-2025 14:00,Gearbox Failure
2329,41,03-07-2025 11:00,03-07-2025 17:00,Gearbox Failure
2330,39,28-08-2025 19:00,29-08-2025 02:00,Sensor Fault
2331,77,19-07-2025 11:00,19-07-2025 21:00,Blade Inspection
2332,143,30-05-2025 10:00,30-05-2025 13:00,Gearbox Failure
2333,75,07-03-2025 02:00,07-03-2025 03:00,Sensor Fault
2334,128,07-03-2025 00:00,07-03-2025 08:00,Scheduled Maintenance
2335,37,10-09-2025 15:00,10-09-2025 19:00,Scheduled Maintenance
2336,140,08-08-2025 04:00,08-08-2025 12:00,Generator Failure
2337,103,15-07-2025 03:00,15-07-2025 13:00,Gearbox Failure
2338,127,17-06-2025 21:00,18-06-2025 03:00,Blade Inspection
2339,45,20-02-2025 22:00,20-02-2025 23:00,Gearbox Failure
2340,48,16-11-2025 18:00,17-11-2025 00:00,Blade Inspection
2341,34,09-06-2025 21:00,10-06-2025 04:00,Scheduled Maintenance
2342,39,08-07-2025 18:00,09-07-2025 00:00,Sensor Fault
2343,9,08-01-2025 07:00,08-01-2025 09:00,Gearbox Failure
2344,126,24-02-2025 11:00,24-02-2025 13:00,Generator Failure
2345,139,16-05-2025 05:00,16-05-2025 15:00,Blade Inspection
2346,150,30-09-2025 10:00,30-09-2025 18:00,Gearbox Failure
2347,14,29-08-2025 00:00,29-08-2025 04:00,Generator Failure
2348,63,27-12-2025 18:00,27-12-2025 19:00,Sensor Fault
2349,13,20-07-2025 13:00,20-07-2025 19:00,Sensor Fault
2350,50,27-10-2025 13:00,27-10-2025 20:00,Gearbox Failure
2351,53,02-06-2025 20:00,03-06-2025 01:00,Gearbox Failure
2352,30,28-03-2025 19:00,29-03-2025 04:00,Generator Failure
2353,67,05-06-2025 01:00,05-06-2025 12:00,Sensor Fault
2354,119,13-04-2025 22:00,14-04-2025 03:00,Scheduled Maintenance
2355,102,30-11-2025 03:00,30-11-2025 04:00,Gearbox Failure
2356,107,14-01-2025 18:00,15-01-2025 04:00,Blade Inspection
2357,80,17-04-2025 20:00,18-04-2025 07:00,Scheduled Maintenance
2358,135,13-06-2025 19:00,13-06-2025 23:00,Gearbox Failure
2359,109,08-05-2025 19:00,09-05-2025 02:00,Blade Inspection
2360,74,14-05-2025 23:00,15-05-2025 09:00,Generator Failure
2361,81,08-12-2025 22:00,09-12-2025 00:00,Gearbox Failure
2362,109,12-10-2025 18:00,13-10-2025 05:00,Generator Failure
2363,148,12-10-2025 19:00,13-10-2025 03:00,Generator Failure
2364,100,18-01-2025 07:00,18-01-2025 14:00,Blade Inspection
2365,90,28-10-2025 04:00,28-10-2025 11:00,Sensor Fault
2366,17,10-04-2025 19:00,11-04-2025 06:00,Scheduled Maintenance
2367,41,06-08-2025 21:00,07-08-2025 04:00,Sensor Fault
2368,38,12-02-2025 16:00,12-02-2025 21:00,Generator Failure
2369,96,27-06-2025 02:00,27-06-2025 04:00,Generator Failure
2370,118,17-05-2025 21:00,18-05-2025 06:00,Generator Failure
2371,103,19-04-2025 05:00,19-04-2025 10:00,Generator Failure
2372,147,23-05-2025 10:00,23-05-2025 14:00,Blade Inspection
2373,69,16-09-2025 01:00,16-09-2025 02:00,Gearbox Failure
2374,76,30-05-2025 21:00,31-05-2025 08:00,Scheduled Maintenance
2375,82,08-03-2025 03:00,08-03-2025 11:00,Sensor Fault
2376,131,22-11-2025 09:00,22-11-2025 14:00,Scheduled Maintenance
2377,28,29-04-2025 18:00,30-04-2025 01:00,Sensor Fault
2378,107,26-06-2025 14:00,27-06-2025 01:00,Gearbox Failure
2379,65,11-09-2025 04:00,11-09-2025 05:00,Blade Inspection
2380,7,17-08-2025 21:00,18-08-2025 02:00,Blade Inspection
2381,72,10-01-2025 11:00,10-01-2025 12:00,Sensor Fault
2382,90,20-03-2025 22:00,21-03-2025 04:00,Sensor Fault
2383,140,06-03-2025 11:00,06-03-2025 22:00,Blade Inspection
2384,98,22-03-2025 12:00,22-03-2025 14:00,Scheduled Maintenance
2385,106,24-09-2025 14:00,24-09-2025 22:00,Sensor Fault
2386,39,17-10-2025 08:00,17-10-2025 12:00,Gearbox Failure
2387,83,17-06-2025 22:00,18-06-2025 01:00,Gearbox Failure
2388,40,26-01-2025 18:00,26-01-2025 20:00,Gearbox Failure
2389,140,25-09-2025 16:00,26-09-2025 00:00,Generator Failure
2390,149,03-12-2025 02:00,03-12-2025 09:00,Sensor Fault
2391,134,24-12-2025 22:00,25-12-2025 01:00,Gearbox Failure
2392,8,17-12-2025 20:00,18-12-2025 04:00,Blade Inspection
2393,121,02-06-2025 05:00,02-06-2025 14:00,Gearbox Failure
2394,50,13-01-2025 17:00,14-01-2025 03:00,Sensor Fault
2395,54,26-08-2025 19:00,26-08-2025 21:00,Scheduled Maintenance
2396,114,01-04-2025 03:00,01-04-2025 05:00,Blade Inspection
2397,27,29-12-2025 16:00,30-12-2025 01:00,Gearbox Failure
2398,28,05-01-2025 02:00,05-01-2025 07:00,Generator Failure
2399,140,24-04-2025 19:00,24-04-2025 20:00,Sensor Fault
2400,48,29-05-2025 11:00,29-05-2025 14:00,Blade Inspection
2401,148,28-03-2025 23:00,29-03-2025 04:00,Generator Failure
2402,121,19-10-2025 14:00,19-10-2025 19:00,Generator Failure
2403,91,16-06-2025 20:00,17-06-2025 07:00,Scheduled Maintenance
2404,139,20-03-2025 08:00,20-03-2025 14:00,Gearbox Failure
2405,11,08-08-2025 08:00,08-08-2025 14:00,Blade Inspection
2406,85,06-06-2025 09:00,06-06-2025 16:00,Scheduled Maintenance
2407,121,30-10-2025 11:00,30-10-2025 18:00,Gearbox Failure
2408,138,18-02-2025 14:00,18-02-2025 15:00,Scheduled Maintenance
2409,97,02-08-2025 23:00,03-08-2025 10:00,Blade Inspection
2410,36,25-02-2025 22:00,26-02-2025 03:00,Generator Failure
2411,98,18-03-2025 15:00,19-03-2025 01:00,Gearbox Failure
2412,88,03-04-2025 03:00,03-04-2025 04:00,Blade Inspection
2413,31,04-11-2025 20:00,04-11-2025 23:00,Scheduled Maintenance
2414,17,22-05-2025 00:00,22-05-2025 06:00,Sensor Fault
2415,78,28-05-2025 17:00,28-05-2025 18:00,Generator Failure
2416,116,10-02-2025 15:00,11-02-2025 00:00,Gearbox Failure
2417,20,17-03-2025 04:00,17-03-2025 13:00,Blade Inspection
2418,109,11-02-2025 17:00,12-02-2025 02:00,Blade Inspection
2419,27,26-01-2025 11:00,26-01-2025 22:00,Sensor Fault
2420,139,22-02-2025 17:00,22-02-2025 20:00,Blade Inspection
2421,60,14-12-2025 02:00,14-12-2025 04:00,Gearbox Failure
2422,129,07-09-2025 22:00,07-09-2025 23:00,Gearbox Failure
2423,82,14-01-2025 09:00,14-01-2025 20:00,Scheduled Maintenance
2424,136,19-07-2025 18:00,20-07-2025 05:00,Gearbox Failure
2425,68,03-05-2025 00:00,03-05-2025 03:00,Blade Inspection
2426,135,12-11-2025 16:00,12-11-2025 20:00,Blade Inspection
2427,69,11-03-2025 13:00,11-03-2025 17:00,Sensor Fault
2428,100,17-08-2025 19:00,17-08-2025 23:00,Scheduled Maintenance
2429,56,22-03-2025 13:00,22-03-2025 17:00,Scheduled Maintenance
2430,136,28-11-2025 21:00,29-11-2025 01:00,Generator Failure
2431,50,13-10-2025 16:00,14-10-2025 02:00,Sensor Fault
2432,66,17-08-2025 23:00,18-08-2025 04:00,Sensor Fault
2433,35,18-01-2025 10:00,18-01-2025 16:00,Sensor Fault
2434,79,28-10-2025 23:00,29-10-2025 04:00,Scheduled Maintenance
2435,107,11-10-2025 14:00,11-10-2025 18:00,Blade Inspection
2436,145,15-06-2025 16:00,16-06-2025 01:00,Gearbox Failure
2437,127,28-07-2025 08:00,28-07-2025 09:00,Sensor Fault
2438,23,03-09-2025 13:00,03-09-2025 19:00,Blade Inspection
2439,102,03-03-2025 16:00,03-03-2025 20:00,Scheduled Maintenance
2440,63,09-12-2025 04:00,09-12-2025 14:00,Blade Inspection
2441,3,10-01-2025 20:00,10-01-2025 22:00,Generator Failure
2442,81,10-01-2025 07:00,10-01-2025 09:00,Gearbox Failure
2443,103,18-10-2025 21:00,19-10-2025 06:00,Gearbox Failure
2444,27,08-01-2025 04:00,08-01-2025 10:00,Sensor Fault
2445,62,28-05-2025 18:00,29-05-2025 00:00,Sensor Fault
2446,46,05-05-2025 14:00,06-05-2025 01:00,Sensor Fault
2447,26,01-01-2025 03:00,01-01-2025 11:00,Gearbox Failure
2448,2,03-09-2025 20:00,04-09-2025 00:00,Gearbox Failure
2449,71,01-09-2025 04:00,01-09-2025 09:00,Gearbox Failure
2450,142,15-03-2025 09:00,15-03-2025 18:00,Blade Inspection
2451,99,27-06-2025 00:00,27-06-2025 11:00,Generator Failure
2452,11,15-07-2025 01:00,15-07-2025 05:00,Sensor Fault
2453,40,25-04-2025 13:00,25-04-2025 18:00,Blade Inspection
2454,146,16-07-2025 02:00,16-07-2025 12:00,Scheduled Maintenance
2455,12,11-11-2025 12:00,11-11-2025 23:00,Sensor Fault
2456,134,28-05-2025 22:00,29-05-2025 07:00,Scheduled Maintenance
2457,115,06-08-2025 04:00,06-08-2025 15:00,Blade Inspection
2458,66,17-06-2025 02:00,17-06-2025 08:00,Blade Inspection
2459,63,31-10-2025 01:00,31-10-2025 12:00,Blade Inspection
2460,43,02-07-2025 05:00,02-07-2025 16:00,Gearbox Failure
2461,89,10-06-2025 13:00,10-06-2025 18:00,Gearbox Failure
2462,131,09-12-2025 10:00,09-12-2025 13:00,Blade Inspection
2463,26,23-08-2025 19:00,23-08-2025 20:00,Generator Failure
2464,51,01-10-2025 08:00,01-10-2025 13:00,Blade Inspection
2465,31,16-11-2025 19:00,17-11-2025 02:00,Scheduled Maintenance
2466,4,25-07-2025 23:00,26-07-2025 06:00,Blade Inspection
2467,63,22-10-2025 21:00,23-10-2025 02:00,Scheduled Maintenance
2468,75,04-10-2025 17:00,05-10-2025 04:00,Generator Failure
2469,16,20-11-2025 04:00,20-11-2025 09:00,Gearbox Failure
2470,131,24-12-2025 05:00,24-12-2025 13:00,Gearbox Failure
2471,89,18-09-2025 19:00,19-09-2025 03:00,Gearbox Failure
2472,116,08-05-2025 00:00,08-05-2025 03:00,Gearbox Failure
2473,116,27-01-2025 17:00,27-01-2025 20:00,Sensor Fault
2474,115,07-12-2025 07:00,07-12-2025 14:00,Sensor Fault
2475,36,11-03-2025 08:00,11-03-2025 11:00,Gearbox Failure
2476,41,06-12-2025 20:00,06-12-2025 21:00,Scheduled Maintenance
2477,97,27-09-2025 18:00,28-09-2025 04:00,Generator Failure
2478,20,27-03-2025 14:00,27-03-2025 15:00,Gearbox Failure
2479,96,05-10-2025 22:00,06-10-2025 02:00,Blade Inspection
2480,72,21-12-2025 21:00,22-12-2025 06:00,Blade Inspection
2481,25,22-11-2025 23:00,23-11-2025 01:00,Generator Failure
2482,63,06-10-2025 22:00,07-10-2025 03:00,Scheduled Maintenance
2483,31,27-08-2025 02:00,27-08-2025 06:00,Blade Inspection
2484,38,05-08-2025 11:00,05-08-2025 12:00,Blade Inspection
2485,53,05-07-2025 15:00,06-07-2025 01:00,Gearbox Failure
2486,103,10-05-2025 00:00,10-05-2025 08:00,Sensor Fault
2487,11,22-07-2025 07:00,22-07-2025 09:00,Sensor Fault
2488,97,24-11-2025 13:00,24-11-2025 16:00,Generator Failure
2489,83,27-09-2025 12:00,27-09-2025 15:00,Generator Failure
2490,59,15-08-2025 19:00,16-08-2025 02:00,Scheduled Maintenance
2491,25,07-02-2025 18:00,07-02-2025 21:00,Scheduled Maintenance
2492,87,08-09-2025 20:00,09-09-2025 01:00,Generator Failure
2493,85,18-11-2025 16:00,18-11-2025 23:00,Sensor Fault
2494,91,26-07-2025 02:00,26-07-2025 09:00,Generator Failure
2495,57,08-11-2025 14:00,08-11-2025 18:00,Gearbox Failure
2496,114,31-12-2025 09:00,31-12-2025 10:00,Scheduled Maintenance
2497,14,08-04-2025 20:00,09-04-2025 01:00,Gearbox Failure
2498,68,27-06-2025 05:00,27-06-2025 08:00,Generator Failure
2499,6,16-03-2025 07:00,16-03-2025 09:00,Gearbox Failure
2500,104,25-04-2025 05:00,25-04-2025 10:00,Gearbox Failure
2501,92,15-11-2025 16:00,15-11-2025 21:00,Gearbox Failure
2502,62,20-02-2025 03:00,20-02-2025 08:00,Sensor Fault
2503,30,25-01-2025 07:00,25-01-2025 09:00,Sensor Fault
2504,136,03-07-2025 03:00,03-07-2025 09:00,Blade Inspection
2505,137,10-02-2025 11:00,10-02-2025 22:00,Blade Inspection
2506,71,11-04-2025 04:00,11-04-2025 05:00,Blade Inspection
2507,148,27-10-2025 08:00,27-10-2025 14:00,Scheduled Maintenance
2508,137,21-02-2025 04:00,21-02-2025 11:00,Gearbox Failure
2509,21,28-12-2025 04:00,28-12-2025 12:00,Blade Inspection
2510,126,15-10-2025 17:00,16-10-2025 02:00,Scheduled Maintenance
2511,14,21-02-2025 20:00,22-02-2025 07:00,Scheduled Maintenance
2512,89,30-11-2025 15:00,30-11-2025 21:00,Blade Inspection
2513,124,30-12-2025 06:00,30-12-2025 11:00,Scheduled Maintenance
2514,97,19-11-2025 17:00,19-11-2025 21:00,Gearbox Failure
2515,6,03-06-2025 10:00,03-06-2025 17:00,Sensor Fault
2516,80,22-07-2025 07:00,22-07-2025 10:00,Blade Inspection
2517,100,21-01-2025 17:00,21-01-2025 18:00,Sensor Fault
2518,65,05-03-2025 16:00,05-03-2025 18:00,Generator Failure
2519,121,08-01-2025 02:00,08-01-2025 03:00,Generator Failure
2520,115,09-04-2025 08:00,09-04-2025 15:00,Sensor Fault
2521,133,05-07-2025 17:00,06-07-2025 00:00,Sensor Fault
2522,13,05-07-2025 08:00,05-07-2025 11:00,Generator Failure
2523,35,15-12-2025 20:00,16-12-2025 06:00,Sensor Fault
2524,90,21-01-2025 13:00,22-01-2025 00:00,Generator Failure
2525,91,06-06-2025 12:00,06-06-2025 19:00,Generator Failure
2526,87,11-05-2025 15:00,11-05-2025 22:00,Blade Inspection
2527,40,26-10-2025 09:00,26-10-2025 12:00,Scheduled Maintenance
2528,112,10-09-2025 22:00,11-09-2025 04:00,Blade Inspection
2529,13,03-05-2025 10:00,03-05-2025 18:00,Generator Failure
2530,11,23-12-2025 00:00,23-12-2025 09:00,Generator Failure
2531,76,28-09-2025 11:00,28-09-2025 20:00,Gearbox Failure
2532,84,01-01-2025 02:00,01-01-2025 03:00,Scheduled Maintenance
2533,79,13-02-2025 09:00,13-02-2025 13:00,Generator Failure
2534,12,03-05-2025 00:00,03-05-2025 11:00,Blade Inspection
2535,48,08-11-2025 04:00,08-11-2025 12:00,Sensor Fault
2536,54,30-10-2025 02:00,30-10-2025 09:00,Sensor Fault
2537,60,29-12-2025 03:00,29-12-2025 11:00,Sensor Fault
2538,58,19-12-2025 08:00,19-12-2025 14:00,Generator Failure
2539,82,05-09-2025 11:00,05-09-2025 17:00,Sensor Fault
2540,62,15-01-2025 08:00,15-01-2025 15:00,Sensor Fault
2541,110,12-09-2025 14:00,12-09-2025 20:00,Generator Failure
2542,55,31-03-2025 03:00,31-03-2025 05:00,Generator Failure
2543,26,18-08-2025 00:00,18-08-2025 04:00,Gearbox Failure
2544,75,12-02-2025 03:00,12-02-2025 12:00,Sensor Fault
2545,121,22-05-2025 12:00,22-05-2025 23:00,Blade Inspection
2546,3,17-11-2025 14:00,18-11-2025 00:00,Sensor Fault
2547,100,26-07-2025 15:00,26-07-2025 23:00,Sensor Fault
2548,150,08-09-2025 08:00,08-09-2025 11:00,Blade Inspection
2549,18,01-01-2025 11:00,01-01-2025 18:00,Generator Failure
2550,22,24-10-2025 05:00,24-10-2025 06:00,Blade Inspection
2551,10,10-08-2025 08:00,10-08-2025 14:00,Sensor Fault
2552,15,06-04-2025 00:00,06-04-2025 01:00,Scheduled Maintenance
2553,137,13-04-2025 19:00,14-04-2025 02:00,Sensor Fault
2554,131,25-11-2025 06:00,25-11-2025 15:00,Generator Failure
2555,1,01-12-2025 22:00,01-12-2025 23:00,Generator Failure
2556,63,17-09-2025 16:00,17-09-2025 18:00,Scheduled Maintenance
2557,105,08-08-2025 13:00,08-08-2025 14:00,Generator Failure
2558,139,03-08-2025 23:00,04-08-2025 06:00,Sensor Fault
2559,3,08-07-2025 14:00,08-07-2025 20:00,Blade Inspection
2560,42,01-04-2025 22:00,02-04-2025 08:00,Sensor Fault
2561,139,16-10-2025 19:00,16-10-2025 21:00,Gearbox Failure
2562,94,24-05-2025 09:00,24-05-2025 11:00,Blade Inspection
2563,72,28-10-2025 01:00,28-10-2025 04:00,Generator Failure
2564,41,15-06-2025 06:00,15-06-2025 13:00,Blade Inspection
2565,2,21-04-2025 19:00,22-04-2025 04:00,Scheduled Maintenance
2566,126,22-06-2025 17:00,22-06-2025 18:00,Scheduled Maintenance
2567,24,18-12-2025 06:00,18-12-2025 12:00,Generator Failure
2568,137,06-05-2025 04:00,06-05-2025 13:00,Blade Inspection
2569,7,02-01-2025 15:00,02-01-2025 23:00,Generator Failure
2570,138,13-11-2025 04:00,13-11-2025 05:00,Blade Inspection
2571,145,30-09-2025 00:00,30-09-2025 08:00,Blade Inspection
2572,24,22-02-2025 12:00,22-02-2025 18:00,Gearbox Failure
2573,104,10-09-2025 04:00,10-09-2025 15:00,Scheduled Maintenance
2574,67,17-01-2025 10:00,17-01-2025 19:00,Gearbox Failure
2575,142,03-07-2025 06:00,03-07-2025 09:00,Generator Failure
2576,66,19-12-2025 17:00,20-12-2025 04:00,Gearbox Failure
2577,96,16-07-2025 05:00,16-07-2025 13:00,Scheduled Maintenance
2578,135,30-10-2025 01:00,30-10-2025 03:00,Scheduled Maintenance
2579,45,01-01-2025 04:00,01-01-2025 06:00,Blade Inspection
2580,132,16-11-2025 20:00,17-11-2025 02:00,Scheduled Maintenance
2581,125,14-04-2025 08:00,14-04-2025 19:00,Gearbox Failure
2582,133,16-07-2025 05:00,16-07-2025 10:00,Blade Inspection
2583,108,05-11-2025 21:00,06-11-2025 07:00,Generator Failure
2584,24,27-10-2025 16:00,27-10-2025 20:00,Blade Inspection
2585,53,09-02-2025 11:00,09-02-2025 13:00,Sensor Fault
2586,84,29-12-2025 14:00,29-12-2025 16:00,Gearbox Failure
2587,139,11-03-2025 06:00,11-03-2025 11:00,Generator Failure
2588,37,03-10-2025 03:00,03-10-2025 08:00,Blade Inspection
2589,96,09-01-2025 13:00,09-01-2025 21:00,Generator Failure
2590,34,20-11-2025 09:00,20-11-2025 19:00,Gearbox Failure
2591,56,06-04-2025 09:00,06-04-2025 13:00,Gearbox Failure
2592,60,13-07-2025 14:00,13-07-2025 17:00,Scheduled Maintenance
2593,12,05-03-2025 09:00,05-03-2025 17:00,Blade Inspection
2594,71,09-03-2025 19:00,09-03-2025 20:00,Gearbox Failure
2595,19,10-11-2025 19:00,10-11-2025 21:00,Scheduled Maintenance
2596,9,23-02-2025 02:00,23-02-2025 04:00,Generator Failure
2597,88,27-11-2025 09:00,27-11-2025 19:00,Blade Inspection
2598,20,13-04-2025 09:00,13-04-2025 18:00,Generator Failure
2599,89,22-12-2025 08:00,22-12-2025 10:00,Scheduled Maintenance
2600,118,22-11-2025 05:00,22-11-2025 14:00,Gearbox Failure
2601,139,15-04-2025 12:00,15-04-2025 15:00,Sensor Fault
2602,39,15-12-2025 02:00,15-12-2025 07:00,Sensor Fault
2603,132,26-10-2025 19:00,27-10-2025 00:00,Sensor Fault
2604,126,21-11-2025 12:00,21-11-2025 18:00,Generator Failure
2605,7,25-07-2025 08:00,25-07-2025 14:00,Blade Inspection
2606,23,09-08-2025 14:00,09-08-2025 16:00,Generator Failure
2607,129,13-06-2025 03:00,13-06-2025 07:00,Blade Inspection
2608,108,29-04-2025 22:00,30-04-2025 06:00,Generator Failure
2609,45,06-06-2025 16:00,07-06-2025 03:00,Gearbox Failure
2610,57,27-10-2025 17:00,28-10-2025 00:00,Generator Failure
2611,59,03-06-2025 18:00,03-06-2025 21:00,Sensor Fault
2612,54,09-12-2025 14:00,09-12-2025 17:00,Gearbox Failure
2613,65,22-02-2025 05:00,22-02-2025 09:00,Generator Failure
2614,150,19-05-2025 08:00,19-05-2025 19:00,Sensor Fault
2615,13,03-10-2025 15:00,03-10-2025 17:00,Sensor Fault
2616,52,06-12-2025 16:00,06-12-2025 22:00,Generator Failure
2617,30,06-02-2025 15:00,06-02-2025 23:00,Blade Inspection
2618,64,14-06-2025 14:00,14-06-2025 20:00,Gearbox Failure
2619,103,14-12-2025 05:00,14-12-2025 10:00,Generator Failure
2620,139,29-09-2025 15:00,30-09-2025 01:00,Gearbox Failure
2621,96,22-08-2025 01:00,22-08-2025 08:00,Sensor Fault
2622,46,03-12-2025 22:00,04-12-2025 04:00,Gearbox Failure
2623,30,22-04-2025 12:00,22-04-2025 19:00,Blade Inspection
2624,144,27-05-2025 02:00,27-05-2025 07:00,Gearbox Failure
2625,101,09-01-2025 06:00,09-01-2025 11:00,Blade Inspection
2626,63,14-11-2025 19:00,14-11-2025 20:00,Generator Failure
2627,91,25-11-2025 21:00,26-11-2025 05:00,Blade Inspection
2628,43,01-06-2025 15:00,01-06-2025 19:00,Gearbox Failure
2629,74,23-12-2025 12:00,23-12-2025 14:00,Generator Failure
2630,19,19-07-2025 06:00,19-07-2025 17:00,Generator Failure
2631,82,21-09-2025 11:00,21-09-2025 17:00,Blade Inspection
2632,70,29-10-2025 14:00,29-10-2025 20:00,Generator Failure
2633,30,26-11-2025 23:00,27-11-2025 00:00,Blade Inspection
2634,49,19-11-2025 20:00,20-11-2025 04:00,Gearbox Failure
2635,107,06-03-2025 10:00,06-03-2025 15:00,Sensor Fault
2636,71,22-11-2025 04:00,22-11-2025 11:00,Generator Failure
2637,78,09-08-2025 04:00,09-08-2025 11:00,Sensor Fault
2638,130,17-12-2025 18:00,18-12-2025 04:00,Scheduled Maintenance
2639,143,11-11-2025 01:00,11-11-2025 10:00,Sensor Fault
2640,150,17-10-2025 16:00,18-10-2025 02:00,Gearbox Failure
2641,139,07-08-2025 22:00,08-08-2025 06:00,Gearbox Failure
2642,65,28-12-2025 13:00,28-12-2025 21:00,Blade Inspection
2643,85,02-01-2025 03:00,02-01-2025 10:00,Gearbox Failure
2644,51,17-10-2025 04:00,17-10-2025 05:00,Sensor Fault
2645,79,21-04-2025 07:00,21-04-2025 09:00,Sensor Fault
2646,141,27-08-2025 17:00,28-08-2025 03:00,Blade Inspection
2647,86,03-01-2025 16:00,03-01-2025 17:00,Sensor Fault
2648,1,30-09-2025 20:00,01-10-2025 07:00,Sensor Fault
2649,8,15-10-2025 02:00,15-10-2025 13:00,Sensor Fault
2650,61,18-09-2025 01:00,18-09-2025 07:00,Blade Inspection
2651,97,15-08-2025 05:00,15-08-2025 14:00,Generator Failure
2652,64,01-01-2025 15:00,01-01-2025 17:00,Generator Failure
2653,132,09-10-2025 13:00,09-10-2025 15:00,Generator Failure
2654,96,19-01-2025 02:00,19-01-2025 08:00,Sensor Fault
2655,86,29-09-2025 11:00,29-09-2025 22:00,Generator Failure
2656,133,19-03-2025 01:00,19-03-2025 08:00,Blade Inspection
2657,106,20-10-2025 22:00,21-10-2025 08:00,Gearbox Failure
2658,90,25-06-2025 01:00,25-06-2025 04:00,Blade Inspection
2659,28,13-05-2025 04:00,13-05-2025 10:00,Blade Inspection
2660,107,12-10-2025 14:00,12-10-2025 23:00,Gearbox Failure
2661,54,04-10-2025 16:00,04-10-2025 20:00,Sensor Fault
2662,131,09-09-2025 21:00,09-09-2025 23:00,Gearbox Failure
2663,79,07-05-2025 17:00,07-05-2025 19:00,Sensor Fault
2664,15,01-04-2025 03:00,01-04-2025 13:00,Sensor Fault
2665,8,01-12-2025 00:00,01-12-2025 06:00,Sensor Fault
2666,136,29-10-2025 16:00,29-10-2025 23:00,Scheduled Maintenance
2667,84,28-05-2025 07:00,28-05-2025 16:00,Blade Inspection
2668,149,01-11-2025 05:00,01-11-2025 11:00,Scheduled Maintenance
2669,91,20-10-2025 04:00,20-10-2025 14:00,Gearbox Failure
2670,73,02-12-2025 11:00,02-12-2025 12:00,Gearbox Failure
2671,105,20-01-2025 06:00,20-01-2025 12:00,Generator Failure
2672,29,10-06-2025 10:00,10-06-2025 20:00,Blade Inspection
2673,18,04-12-2025 16:00,04-12-2025 19:00,Sensor Fault
2674,119,19-07-2025 11:00,19-07-2025 19:00,Generator Failure
2675,17,05-03-2025 03:00,05-03-2025 10:00,Blade Inspection
2676,72,03-11-2025 05:00,03-11-2025 09:00,Scheduled Maintenance
2677,19,19-04-2025 07:00,19-04-2025 15:00,Sensor Fault
2678,9,28-12-2025 19:00,29-12-2025 02:00,Scheduled Maintenance
2679,84,07-09-2025 23:00,08-09-2025 04:00,Generator Failure
2680,31,06-06-2025 03:00,06-06-2025 11:00,Blade Inspection
2681,69,17-10-2025 19:00,17-10-2025 23:00,Scheduled Maintenance
2682,145,23-12-2025 02:00,23-12-2025 06:00,Blade Inspection
2683,28,21-06-2025 20:00,22-06-2025 04:00,Blade Inspection
2684,44,29-11-2025 16:00,29-11-2025 22:00,Generator Failure
2685,45,17-07-2025 23:00,18-07-2025 08:00,Gearbox Failure
2686,120,17-01-2025 09:00,17-01-2025 18:00,Gearbox Failure
2687,72,08-05-2025 11:00,08-05-2025 13:00,Generator Failure
2688,50,14-03-2025 23:00,15-03-2025 01:00,Gearbox Failure
2689,135,03-06-2025 00:00,03-06-2025 01:00,Scheduled Maintenance
2690,21,19-03-2025 14:00,20-03-2025 00:00,Sensor Fault
2691,142,23-09-2025 11:00,23-09-2025 18:00,Sensor Fault
2692,62,11-01-2025 18:00,11-01-2025 21:00,Generator Failure
2693,122,16-07-2025 17:00,16-07-2025 19:00,Sensor Fault
2694,61,02-07-2025 08:00,02-07-2025 13:00,Generator Failure
2695,19,08-12-2025 07:00,08-12-2025 08:00,Gearbox Failure
2696,85,28-01-2025 12:00,28-01-2025 21:00,Blade Inspection
2697,52,13-01-2025 03:00,13-01-2025 04:00,Sensor Fault
2698,45,31-03-2025 14:00,31-03-2025 17:00,Gearbox Failure
2699,22,03-05-2025 16:00,03-05-2025 18:00,Scheduled Maintenance
2700,97,13-04-2025 08:00,13-04-2025 12:00,Gearbox Failure
2701,11,07-02-2025 22:00,08-02-2025 09:00,Scheduled Maintenance
2702,109,06-08-2025 18:00,07-08-2025 01:00,Gearbox Failure
2703,76,12-03-2025 15:00,13-03-2025 01:00,Gearbox Failure
2704,53,16-12-2025 18:00,17-12-2025 03:00,Gearbox Failure
2705,71,26-06-2025 17:00,26-06-2025 22:00,Scheduled Maintenance
2706,85,24-01-2025 13:00,24-01-2025 18:00,Scheduled Maintenance
2707,81,11-05-2025 08:00,11-05-2025 18:00,Gearbox Failure
2708,145,25-07-2025 06:00,25-07-2025 16:00,Blade Inspection
2709,132,28-08-2025 23:00,29-08-2025 10:00,Sensor Fault
2710,45,05-12-2025 14:00,05-12-2025 17:00,Blade Inspection
2711,112,14-04-2025 08:00,14-04-2025 17:00,Scheduled Maintenance
2712,143,27-12-2025 12:00,27-12-2025 22:00,Scheduled Maintenance
2713,140,29-08-2025 01:00,29-08-2025 10:00,Scheduled Maintenance
2714,40,06-04-2025 13:00,06-04-2025 22:00,Scheduled Maintenance
2715,102,16-09-2025 06:00,16-09-2025 08:00,Blade Inspection
2716,75,05-04-2025 06:00,05-04-2025 09:00,Gearbox Failure
2717,106,20-10-2025 21:00,21-10-2025 08:00,Generator Failure
2718,124,26-03-2025 17:00,27-03-2025 03:00,Scheduled Maintenance
2719,67,03-10-2025 12:00,03-10-2025 15:00,Gearbox Failure
2720,28,08-03-2025 03:00,08-03-2025 04:00,Sensor Fault
2721,28,28-02-2025 05:00,28-02-2025 10:00,Sensor Fault
2722,42,10-07-2025 12:00,10-07-2025 17:00,Gearbox Failure
2723,6,08-03-2025 15:00,08-03-2025 22:00,Gearbox Failure
2724,77,07-04-2025 15:00,07-04-2025 21:00,Scheduled Maintenance
2725,133,09-07-2025 01:00,09-07-2025 08:00,Blade Inspection
2726,20,27-06-2025 21:00,28-06-2025 05:00,Gearbox Failure
2727,74,03-09-2025 13:00,03-09-2025 18:00,Blade Inspection
2728,122,18-02-2025 00:00,18-02-2025 07:00,Blade Inspection
2729,121,21-09-2025 07:00,21-09-2025 17:00,Scheduled Maintenance
2730,32,04-11-2025 04:00,04-11-2025 14:00,Gearbox Failure
2731,70,23-04-2025 19:00,24-04-2025 03:00,Blade Inspection
2732,72,03-04-2025 13:00,03-04-2025 16:00,Generator Failure
2733,128,14-09-2025 22:00,15-09-2025 05:00,Scheduled Maintenance
2734,48,14-10-2025 11:00,14-10-2025 16:00,Generator Failure
2735,72,31-10-2025 21:00,01-11-2025 08:00,Sensor Fault
2736,98,07-02-2025 16:00,07-02-2025 21:00,Gearbox Failure
2737,51,18-09-2025 03:00,18-09-2025 08:00,Sensor Fault
2738,98,24-06-2025 03:00,24-06-2025 13:00,Scheduled Maintenance
2739,88,28-01-2025 06:00,28-01-2025 10:00,Scheduled Maintenance
2740,44,10-11-2025 02:00,10-11-2025 06:00,Generator Failure
2741,28,24-04-2025 22:00,25-04-2025 08:00,Sensor Fault
2742,38,26-01-2025 03:00,26-01-2025 06:00,Gearbox Failure
2743,100,24-11-2025 12:00,24-11-2025 21:00,Sensor Fault
2744,9,10-06-2025 02:00,10-06-2025 07:00,Generator Failure
2745,8,09-05-2025 07:00,09-05-2025 12:00,Generator Failure
2746,76,23-08-2025 06:00,23-08-2025 07:00,Sensor Fault
2747,1,19-07-2025 18:00,20-07-2025 04:00,Scheduled Maintenance
2748,70,10-10-2025 23:00,11-10-2025 02:00,Sensor Fault
2749,121,22-11-2025 18:00,23-11-2025 03:00,Sensor Fault
2750,140,18-08-2025 02:00,18-08-2025 05:00,Sensor Fault
2751,20,27-01-2025 10:00,27-01-2025 20:00,Gearbox Failure
2752,77,08-05-2025 06:00,08-05-2025 11:00,Gearbox Failure
2753,46,31-05-2025 12:00,31-05-2025 18:00,Sensor Fault
2754,52,25-04-2025 07:00,25-04-2025 14:00,Sensor Fault
2755,53,10-06-2025 04:00,10-06-2025 08:00,Generator Failure
2756,37,14-10-2025 10:00,14-10-2025 19:00,Blade Inspection
2757,117,07-10-2025 15:00,07-10-2025 22:00,Sensor Fault
2758,58,25-02-2025 06:00,25-02-2025 17:00,Gearbox Failure
2759,88,24-06-2025 18:00,25-06-2025 01:00,Generator Failure
2760,66,03-02-2025 05:00,03-02-2025 10:00,Sensor Fault
2761,18,01-07-2025 14:00,01-07-2025 20:00,Generator Failure
2762,42,09-04-2025 16:00,10-04-2025 02:00,Blade Inspection
2763,63,23-08-2025 16:00,23-08-2025 22:00,Blade Inspection
2764,32,14-09-2025 02:00,14-09-2025 11:00,Gearbox Failure
2765,69,26-08-2025 23:00,27-08-2025 01:00,Gearbox Failure
2766,130,08-09-2025 15:00,08-09-2025 20:00,Blade Inspection
2767,70,15-04-2025 19:00,16-04-2025 02:00,Scheduled Maintenance
2768,35,23-07-2025 21:00,24-07-2025 05:00,Gearbox Failure
2769,129,09-06-2025 10:00,09-06-2025 19:00,Blade Inspection
2770,91,29-03-2025 06:00,29-03-2025 07:00,Sensor Fault
2771,61,04-07-2025 18:00,05-07-2025 03:00,Scheduled Maintenance
2772,148,09-04-2025 16:00,10-04-2025 03:00,Scheduled Maintenance
2773,100,02-12-2025 17:00,02-12-2025 18:00,Blade Inspection
2774,111,02-08-2025 08:00,02-08-2025 16:00,Sensor Fault
2775,82,15-03-2025 22:00,16-03-2025 03:00,Generator Failure
2776,95,24-01-2025 05:00,24-01-2025 16:00,Sensor Fault
2777,6,25-09-2025 06:00,25-09-2025 15:00,Scheduled Maintenance
2778,5,08-12-2025 08:00,08-12-2025 09:00,Generator Failure
2779,57,17-09-2025 12:00,17-09-2025 16:00,Generator Failure
2780,142,07-12-2025 22:00,08-12-2025 03:00,Blade Inspection
2781,142,27-02-2025 07:00,27-02-2025 09:00,Blade Inspection
2782,4,25-01-2025 20:00,26-01-2025 03:00,Blade Inspection
2783,16,16-01-2025 17:00,16-01-2025 22:00,Sensor Fault
2784,77,03-12-2025 01:00,03-12-2025 04:00,Gearbox Failure
2785,98,10-01-2025 03:00,10-01-2025 06:00,Blade Inspection
2786,145,31-05-2025 01:00,31-05-2025 11:00,Scheduled Maintenance
2787,149,30-05-2025 21:00,31-05-2025 03:00,Gearbox Failure
2788,138,29-06-2025 04:00,29-06-2025 07:00,Generator Failure
2789,71,29-01-2025 15:00,30-01-2025 02:00,Blade Inspection
2790,50,04-07-2025 02:00,04-07-2025 04:00,Blade Inspection
2791,56,19-10-2025 10:00,19-10-2025 18:00,Blade Inspection
2792,108,14-09-2025 18:00,14-09-2025 20:00,Generator Failure
2793,148,23-11-2025 13:00,23-11-2025 20:00,Scheduled Maintenance
2794,107,24-12-2025 05:00,24-12-2025 13:00,Scheduled Maintenance
2795,101,03-02-2025 05:00,03-02-2025 11:00,Gearbox Failure
2796,26,18-07-2025 15:00,18-07-2025 19:00,Blade Inspection
2797,7,24-11-2025 23:00,25-11-2025 05:00,Blade Inspection
2798,144,16-07-2025 00:00,16-07-2025 10:00,Scheduled Maintenance
2799,40,31-03-2025 06:00,31-03-2025 14:00,Blade Inspection
2800,47,10-12-2025 04:00,10-12-2025 11:00,Blade Inspection
2801,56,10-05-2025 23:00,11-05-2025 09:00,Gearbox Failure
2802,41,26-08-2025 09:00,26-08-2025 11:00,Generator Failure
2803,21,11-06-2025 23:00,12-06-2025 08:00,Gearbox Failure
2804,16,01-03-2025 00:00,01-03-2025 04:00,Scheduled Maintenance
2805,118,28-08-2025 21:00,28-08-2025 22:00,Scheduled Maintenance
2806,124,13-12-2025 17:00,14-12-2025 04:00,Blade Inspection
2807,62,20-05-2025 02:00,20-05-2025 06:00,Sensor Fault
2808,70,04-02-2025 03:00,04-02-2025 06:00,Sensor Fault
2809,144,05-06-2025 00:00,05-06-2025 08:00,Generator Failure
2810,148,19-12-2025 19:00,19-12-2025 20:00,Sensor Fault
2811,19,24-04-2025 04:00,24-04-2025 06:00,Gearbox Failure
2812,126,11-11-2025 11:00,11-11-2025 12:00,Sensor Fault
2813,98,01-02-2025 06:00,01-02-2025 16:00,Generator Failure
2814,58,11-03-2025 00:00,11-03-2025 02:00,Gearbox Failure
2815,28,04-12-2025 07:00,04-12-2025 12:00,Sensor Fault
2816,115,16-02-2025 04:00,16-02-2025 08:00,Generator Failure
2817,130,11-08-2025 01:00,11-08-2025 07:00,Sensor Fault
2818,15,26-07-2025 16:00,26-07-2025 20:00,Generator Failure
2819,100,13-12-2025 13:00,13-12-2025 20:00,Scheduled Maintenance
2820,122,09-12-2025 06:00,09-12-2025 07:00,Blade Inspection
2821,149,28-02-2025 05:00,28-02-2025 16:00,Blade Inspection
2822,120,22-06-2025 02:00,22-06-2025 07:00,Gearbox Failure
2823,17,20-08-2025 20:00,21-08-2025 04:00,Generator Failure
2824,50,03-09-2025 18:00,04-09-2025 03:00,Generator Failure
2825,93,25-11-2025 20:00,26-11-2025 07:00,Generator Failure
2826,58,05-03-2025 10:00,05-03-2025 12:00,Gearbox Failure
2827,104,01-11-2025 07:00,01-11-2025 08:00,Blade Inspection
2828,19,18-01-2025 18:00,19-01-2025 00:00,Generator Failure
2829,15,19-08-2025 21:00,20-08-2025 00:00,Blade Inspection
2830,70,26-05-2025 11:00,26-05-2025 22:00,Gearbox Failure
2831,73,31-10-2025 11:00,31-10-2025 21:00,Generator Failure
2832,18,25-02-2025 18:00,25-02-2025 20:00,Gearbox Failure
2833,39,04-09-2025 09:00,04-09-2025 13:00,Scheduled Maintenance
2834,56,15-01-2025 05:00,15-01-2025 11:00,Gearbox Failure
2835,99,15-08-2025 20:00,16-08-2025 01:00,Blade Inspection
2836,88,04-01-2025 02:00,04-01-2025 10:00,Sensor Fault
2837,37,23-09-2025 04:00,23-09-2025 08:00,Scheduled Maintenance
2838,104,03-06-2025 06:00,03-06-2025 11:00,Gearbox Failure
2839,85,28-02-2025 21:00,01-03-2025 07:00,Generator Failure
2840,85,17-05-2025 07:00,17-05-2025 10:00,Generator Failure
2841,13,26-02-2025 13:00,26-02-2025 21:00,Blade Inspection
2842,30,10-09-2025 12:00,10-09-2025 21:00,Blade Inspection
2843,94,10-06-2025 13:00,10-06-2025 15:00,Generator Failure
2844,146,23-08-2025 00:00,23-08-2025 07:00,Blade Inspection
2845,132,06-11-2025 14:00,06-11-2025 21:00,Sensor Fault
2846,69,14-08-2025 14:00,14-08-2025 21:00,Blade Inspection
2847,86,12-12-2025 20:00,13-12-2025 06:00,Scheduled Maintenance
2848,148,16-08-2025 06:00,16-08-2025 13:00,Generator Failure
2849,103,09-05-2025 16:00,09-05-2025 17:00,Scheduled Maintenance
2850,127,18-03-2025 18:00,19-03-2025 02:00,Sensor Fault
2851,91,26-02-2025 01:00,26-02-2025 04:00,Gearbox Failure
2852,122,02-11-2025 22:00,03-11-2025 05:00,Gearbox Failure
2853,99,25-11-2025 07:00,25-11-2025 08:00,Sensor Fault
2854,126,07-01-2025 19:00,07-01-2025 22:00,Scheduled Maintenance
2855,96,12-06-2025 03:00,12-06-2025 11:00,Blade Inspection
2856,45,29-04-2025 12:00,29-04-2025 21:00,Gearbox Failure
2857,59,06-09-2025 19:00,07-09-2025 03:00,Scheduled Maintenance
2858,16,23-02-2025 20:00,24-02-2025 07:00,Gearbox Failure
2859,33,29-10-2025 21:00,30-10-2025 08:00,Gearbox Failure
2860,70,28-09-2025 17:00,28-09-2025 19:00,Gearbox Failure
2861,127,17-11-2025 13:00,17-11-2025 14:00,Blade Inspection
2862,25,01-07-2025 03:00,01-07-2025 09:00,Gearbox Failure
2863,73,22-03-2025 01:00,22-03-2025 10:00,Gearbox Failure
2864,96,08-03-2025 00:00,08-03-2025 08:00,Generator Failure
2865,58,19-05-2025 07:00,19-05-2025 15:00,Generator Failure
2866,102,16-03-2025 11:00,16-03-2025 21:00,Sensor Fault
2867,45,16-02-2025 06:00,16-02-2025 09:00,Scheduled Maintenance
2868,22,06-06-2025 20:00,07-06-2025 03:00,Blade Inspection
2869,30,15-10-2025 05:00,15-10-2025 06:00,Blade Inspection
2870,111,24-03-2025 11:00,24-03-2025 15:00,Blade Inspection
2871,36,31-08-2025 18:00,01-09-2025 03:00,Scheduled Maintenance
2872,22,06-04-2025 17:00,06-04-2025 23:00,Gearbox Failure
2873,26,09-10-2025 17:00,09-10-2025 19:00,Gearbox Failure
2874,62,20-11-2025 18:00,21-11-2025 03:00,Blade Inspection
2875,145,20-06-2025 17:00,20-06-2025 21:00,Sensor Fault
2876,7,15-05-2025 23:00,16-05-2025 03:00,Generator Failure
2877,82,01-02-2025 03:00,01-02-2025 08:00,Gearbox Failure
2878,17,25-02-2025 11:00,25-02-2025 21:00,Blade Inspection
2879,139,22-06-2025 03:00,22-06-2025 13:00,Gearbox Failure
2880,21,08-05-2025 01:00,08-05-2025 09:00,Gearbox Failure
2881,28,19-04-2025 22:00,20-04-2025 09:00,Generator Failure
2882,38,27-11-2025 22:00,28-11-2025 00:00,Blade Inspection
2883,147,30-11-2025 22:00,01-12-2025 07:00,Gearbox Failure
2884,149,04-05-2025 18:00,05-05-2025 04:00,Blade Inspection
2885,10,12-10-2025 02:00,12-10-2025 12:00,Gearbox Failure
2886,97,25-06-2025 20:00,26-06-2025 04:00,Scheduled Maintenance
2887,32,24-06-2025 22:00,25-06-2025 06:00,Sensor Fault
2888,103,09-02-2025 00:00,09-02-2025 05:00,Blade Inspection
2889,103,23-11-2025 02:00,23-11-2025 05:00,Gearbox Failure
2890,38,26-01-2025 06:00,26-01-2025 11:00,Sensor Fault
2891,121,01-02-2025 06:00,01-02-2025 11:00,Gearbox Failure
2892,28,29-05-2025 07:00,29-05-2025 11:00,Gearbox Failure
2893,53,18-10-2025 03:00,18-10-2025 13:00,Scheduled Maintenance
2894,126,12-01-2025 06:00,12-01-2025 10:00,Gearbox Failure
2895,79,04-01-2025 07:00,04-01-2025 13:00,Blade Inspection
2896,52,10-12-2025 15:00,11-12-2025 02:00,Blade Inspection
2897,85,14-08-2025 03:00,14-08-2025 04:00,Generator Failure
2898,147,14-01-2025 20:00,14-01-2025 23:00,Generator Failure
2899,39,29-01-2025 03:00,29-01-2025 06:00,Gearbox Failure
2900,56,27-06-2025 07:00,27-06-2025 11:00,Generator Failure
2901,63,17-02-2025 13:00,17-02-2025 19:00,Scheduled Maintenance
2902,16,08-05-2025 17:00,09-05-2025 02:00,Gearbox Failure
2903,142,29-04-2025 16:00,29-04-2025 23:00,Gearbox Failure
2904,148,26-01-2025 07:00,26-01-2025 16:00,Sensor Fault
2905,106,29-06-2025 22:00,30-06-2025 09:00,Generator Failure
2906,137,20-06-2025 13:00,20-06-2025 17:00,Sensor Fault
2907,139,07-07-2025 17:00,07-07-2025 18:00,Generator Failure
2908,45,27-03-2025 02:00,27-03-2025 04:00,Generator Failure
2909,22,27-09-2025 19:00,27-09-2025 22:00,Blade Inspection
2910,10,29-08-2025 09:00,29-08-2025 20:00,Gearbox Failure
2911,128,13-11-2025 11:00,13-11-2025 15:00,Blade Inspection
2912,83,05-01-2025 04:00,05-01-2025 11:00,Sensor Fault
2913,76,18-11-2025 00:00,18-11-2025 10:00,Sensor Fault
2914,129,09-10-2025 17:00,10-10-2025 01:00,Scheduled Maintenance
2915,129,25-08-2025 23:00,26-08-2025 04:00,Generator Failure
2916,123,21-02-2025 16:00,21-02-2025 22:00,Blade Inspection
2917,17,09-12-2025 21:00,10-12-2025 00:00,Sensor Fault
2918,41,17-08-2025 10:00,17-08-2025 18:00,Sensor Fault
2919,77,08-07-2025 20:00,08-07-2025 21:00,Generator Failure
2920,60,20-12-2025 11:00,20-12-2025 20:00,Generator Failure
2921,23,03-09-2025 09:00,03-09-2025 18:00,Gearbox Failure
2922,25,17-08-2025 09:00,17-08-2025 14:00,Sensor Fault
2923,39,28-02-2025 17:00,01-03-2025 00:00,Generator Failure
2924,137,15-07-2025 16:00,15-07-2025 23:00,Blade Inspection
2925,128,29-12-2025 11:00,29-12-2025 19:00,Scheduled Maintenance
2926,11,20-06-2025 06:00,20-06-2025 09:00,Blade Inspection
2927,143,25-11-2025 03:00,25-11-2025 13:00,Generator Failure
2928,116,16-07-2025 04:00,16-07-2025 08:00,Scheduled Maintenance
2929,65,24-04-2025 02:00,24-04-2025 05:00,Sensor Fault
2930,66,11-06-2025 10:00,11-06-2025 11:00,Sensor Fault
2931,69,05-05-2025 15:00,05-05-2025 23:00,Sensor Fault
2932,32,30-07-2025 01:00,30-07-2025 03:00,Scheduled Maintenance
2933,137,18-08-2025 08:00,18-08-2025 14:00,Sensor Fault
2934,23,29-08-2025 07:00,29-08-2025 16:00,Scheduled Maintenance
2935,78,25-07-2025 15:00,25-07-2025 23:00,Sensor Fault
2936,135,07-02-2025 05:00,07-02-2025 14:00,Blade Inspection
2937,109,06-02-2025 16:00,06-02-2025 18:00,Scheduled Maintenance
2938,14,26-12-2025 10:00,26-12-2025 21:00,Gearbox Failure
2939,96,28-03-2025 12:00,28-03-2025 18:00,Gearbox Failure
2940,79,20-09-2025 10:00,20-09-2025 20:00,Blade Inspection
2941,69,05-10-2025 13:00,05-10-2025 20:00,Scheduled Maintenance
2942,65,18-09-2025 19:00,19-09-2025 01:00,Generator Failure
2943,91,23-08-2025 11:00,23-08-2025 13:00,Gearbox Failure
2944,2,20-06-2025 13:00,20-06-2025 15:00,Gearbox Failure
2945,143,09-01-2025 04:00,09-01-2025 11:00,Scheduled Maintenance
2946,27,05-04-2025 04:00,05-04-2025 14:00,Scheduled Maintenance
2947,61,06-07-2025 14:00,06-07-2025 16:00,Sensor Fault
2948,60,21-01-2025 02:00,21-01-2025 05:00,Generator Failure
2949,49,05-02-2025 04:00,05-02-2025 10:00,Blade Inspection
2950,59,17-07-2025 21:00,18-07-2025 04:00,Blade Inspection
2951,126,19-09-2025 10:00,19-09-2025 11:00,Blade Inspection
2952,98,24-02-2025 21:00,25-02-2025 08:00,Sensor Fault
2953,86,19-04-2025 21:00,20-04-2025 01:00,Generator Failure
2954,130,24-01-2025 07:00,24-01-2025 09:00,Blade Inspection
2955,35,03-12-2025 22:00,04-12-2025 04:00,Sensor Fault
2956,127,09-12-2025 07:00,09-12-2025 14:00,Sensor Fault
2957,121,17-08-2025 00:00,17-08-2025 07:00,Blade Inspection
2958,59,07-12-2025 04:00,07-12-2025 09:00,Sensor Fault
2959,131,25-09-2025 11:00,25-09-2025 20:00,Sensor Fault
2960,135,27-07-2025 19:00,27-07-2025 20:00,Gearbox Failure
2961,24,05-08-2025 06:00,05-08-2025 14:00,Blade Inspection
2962,146,27-05-2025 23:00,28-05-2025 02:00,Sensor Fault
2963,19,13-05-2025 07:00,13-05-2025 09:00,Blade Inspection
2964,150,15-05-2025 11:00,15-05-2025 14:00,Generator Failure
2965,147,11-12-2025 08:00,11-12-2025 13:00,Scheduled Maintenance
2966,93,28-04-2025 05:00,28-04-2025 15:00,Scheduled Maintenance
2967,105,06-08-2025 10:00,06-08-2025 13:00,Gearbox Failure
2968,115,07-07-2025 03:00,07-07-2025 05:00,Generator Failure
2969,138,18-03-2025 12:00,18-03-2025 13:00,Sensor Fault
2970,21,05-04-2025 05:00,05-04-2025 16:00,Gearbox Failure
2971,81,11-09-2025 04:00,11-09-2025 09:00,Sensor Fault
2972,81,25-04-2025 17:00,26-04-2025 01:00,Generator Failure
2973,26,18-03-2025 22:00,19-03-2025 01:00,Generator Failure
2974,13,07-10-2025 23:00,08-10-2025 06:00,Blade Inspection
2975,56,11-03-2025 03:00,11-03-2025 08:00,Blade Inspection
2976,24,25-10-2025 13:00,25-10-2025 14:00,Scheduled Maintenance
2977,100,10-03-2025 20:00,11-03-2025 00:00,Blade Inspection
2978,97,25-10-2025 04:00,25-10-2025 14:00,Sensor Fault
2979,90,08-01-2025 02:00,08-01-2025 08:00,Sensor Fault
2980,63,29-01-2025 07:00,29-01-2025 08:00,Gearbox Failure
2981,130,29-08-2025 00:00,29-08-2025 07:00,Generator Failure
2982,32,07-12-2025 04:00,07-12-2025 15:00,Gearbox Failure
2983,59,03-02-2025 06:00,03-02-2025 10:00,Scheduled Maintenance
2984,72,23-01-2025 23:00,24-01-2025 02:00,Sensor Fault
2985,3,24-11-2025 21:00,25-11-2025 01:00,Generator Failure
2986,120,11-06-2025 03:00,11-06-2025 05:00,Scheduled Maintenance
2987,18,01-10-2025 19:00,01-10-2025 21:00,Gearbox Failure
2988,133,03-01-2025 21:00,04-01-2025 04:00,Blade Inspection
2989,47,23-08-2025 12:00,23-08-2025 17:00,Blade Inspection
2990,141,10-01-2025 18:00,10-01-2025 20:00,Blade Inspection
2991,54,20-02-2025 02:00,20-02-2025 09:00,Sensor Fault
2992,62,31-05-2025 04:00,31-05-2025 05:00,Sensor Fault
2993,4,02-09-2025 10:00,02-09-2025 18:00,Scheduled Maintenance
2994,3,31-08-2025 07:00,31-08-2025 18:00,Scheduled Maintenance
2995,77,27-08-2025 21:00,28-08-2025 03:00,Gearbox Failure
2996,48,07-12-2025 04:00,07-12-2025 12:00,Scheduled Maintenance
2997,12,02-06-2025 02:00,02-06-2025 07:00,Gearbox Failure
2998,116,16-01-2025 14:00,16-01-2025 21:00,Sensor Fault
2999,120,04-12-2025 15:00,04-12-2025 18:00,Blade Inspection
3000,64,07-03-2025 01:00,07-03-2025 02:00,Sensor Fault
3001,143,18-04-2025 16:00,18-04-2025 23:00,Gearbox Failure
3002,105,16-08-2025 07:00,16-08-2025 13:00,Sensor Fault
3003,110,12-03-2025 19:00,12-03-2025 20:00,Scheduled Maintenance
3004,106,10-12-2025 18:00,11-12-2025 04:00,Scheduled Maintenance
3005,71,22-09-2025 06:00,22-09-2025 07:00,Generator Failure
3006,14,04-11-2025 17:00,04-11-2025 23:00,Gearbox Failure
3007,26,22-09-2025 01:00,22-09-2025 08:00,Sensor Fault
3008,72,18-03-2025 03:00,18-03-2025 14:00,Generator Failure
3009,62,14-10-2025 07:00,14-10-2025 12:00,Generator Failure
3010,61,04-05-2025 15:00,05-05-2025 00:00,Blade Inspection
3011,134,27-05-2025 21:00,27-05-2025 23:00,Blade Inspection
3012,59,10-07-2025 01:00,10-07-2025 10:00,Blade Inspection
3013,80,31-10-2025 11:00,31-10-2025 21:00,Generator Failure
3014,129,21-04-2025 08:00,21-04-2025 14:00,Gearbox Failure
3015,89,03-02-2025 14:00,03-02-2025 17:00,Blade Inspection
3016,100,01-01-2025 06:00,01-01-2025 13:00,Scheduled Maintenance
3017,31,05-12-2025 11:00,05-12-2025 13:00,Blade Inspection
3018,107,25-03-2025 18:00,25-03-2025 20:00,Sensor Fault
3019,81,17-11-2025 23:00,18-11-2025 09:00,Gearbox Failure
3020,50,13-10-2025 11:00,13-10-2025 15:00,Scheduled Maintenance
3021,119,28-03-2025 00:00,28-03-2025 05:00,Sensor Fault
3022,46,24-08-2025 01:00,24-08-2025 06:00,Gearbox Failure
3023,34,11-02-2025 17:00,12-02-2025 02:00,Scheduled Maintenance
3024,25,11-12-2025 11:00,11-12-2025 22:00,Gearbox Failure
3025,80,21-02-2025 15:00,21-02-2025 19:00,Scheduled Maintenance
3026,3,11-01-2025 01:00,11-01-2025 07:00,Gearbox Failure
3027,136,02-12-2025 21:00,02-12-2025 22:00,Sensor Fault
3028,130,27-12-2025 15:00,28-12-2025 00:00,Blade Inspection
3029,83,29-03-2025 00:00,29-03-2025 05:00,Scheduled Maintenance
3030,28,06-02-2025 05:00,06-02-2025 08:00,Gearbox Failure
3031,30,11-05-2025 16:00,11-05-2025 17:00,Blade Inspection
3032,52,15-01-2025 20:00,15-01-2025 23:00,Generator Failure
3033,130,12-11-2025 08:00,12-11-2025 17:00,Generator Failure
3034,51,02-04-2025 19:00,02-04-2025 23:00,Gearbox Failure
3035,65,30-03-2025 11:00,30-03-2025 15:00,Scheduled Maintenance
3036,35,07-01-2025 18:00,08-01-2025 00:00,Blade Inspection
3037,94,01-12-2025 14:00,01-12-2025 20:00,Blade Inspection
3038,106,06-03-2025 20:00,06-03-2025 21:00,Blade Inspection
3039,111,28-01-2025 20:00,29-01-2025 02:00,Sensor Fault
3040,121,12-04-2025 10:00,12-04-2025 11:00,Sensor Fault
3041,52,13-01-2025 05:00,13-01-2025 08:00,Blade Inspection
3042,34,29-08-2025 22:00,30-08-2025 09:00,Gearbox Failure
3043,34,20-08-2025 03:00,20-08-2025 14:00,Gearbox Failure
3044,60,22-06-2025 09:00,22-06-2025 17:00,Scheduled Maintenance
3045,53,13-06-2025 18:00,14-06-2025 03:00,Sensor Fault
3046,15,06-12-2025 05:00,06-12-2025 06:00,Sensor Fault
3047,144,26-10-2025 00:00,26-10-2025 09:00,Gearbox Failure
3048,52,26-03-2025 23:00,27-03-2025 06:00,Scheduled Maintenance
3049,82,24-02-2025 14:00,24-02-2025 16:00,Sensor Fault
3050,107,25-07-2025 06:00,25-07-2025 09:00,Blade Inspection
3051,89,27-01-2025 02:00,27-01-2025 04:00,Scheduled Maintenance
3052,78,14-08-2025 01:00,14-08-2025 03:00,Blade Inspection
3053,78,12-08-2025 15:00,12-08-2025 17:00,Sensor Fault
3054,142,04-10-2025 20:00,04-10-2025 22:00,Sensor Fault
3055,60,26-11-2025 02:00,26-11-2025 10:00,Blade Inspection
3056,133,12-06-2025 04:00,12-06-2025 11:00,Blade Inspection
3057,33,06-08-2025 11:00,06-08-2025 18:00,Sensor Fault
3058,19,23-11-2025 20:00,24-11-2025 04:00,Gearbox Failure
3059,102,06-11-2025 11:00,06-11-2025 17:00,Generator Failure
3060,76,06-01-2025 10:00,06-01-2025 18:00,Blade Inspection
3061,27,07-09-2025 18:00,08-09-2025 03:00,Generator Failure
3062,65,09-03-2025 19:00,09-03-2025 20:00,Generator Failure
3063,89,19-02-2025 15:00,19-02-2025 23:00,Scheduled Maintenance
3064,92,13-09-2025 07:00,13-09-2025 17:00,Scheduled Maintenance
3065,114,17-07-2025 17:00,18-07-2025 00:00,Generator Failure
3066,116,09-12-2025 17:00,10-12-2025 00:00,Gearbox Failure
3067,77,11-02-2025 03:00,11-02-2025 12:00,Blade Inspection
3068,96,07-11-2025 13:00,07-11-2025 18:00,Scheduled Maintenance
3069,95,02-09-2025 04:00,02-09-2025 15:00,Scheduled Maintenance
3070,69,02-12-2025 01:00,02-12-2025 10:00,Scheduled Maintenance
3071,85,30-04-2025 14:00,30-04-2025 17:00,Sensor Fault
3072,15,05-06-2025 21:00,06-06-2025 03:00,Gearbox Failure
3073,97,22-11-2025 17:00,23-11-2025 01:00,Blade Inspection
3074,124,28-12-2025 14:00,29-12-2025 01:00,Scheduled Maintenance
3075,1,01-02-2025 03:00,01-02-2025 09:00,Blade Inspection
3076,105,22-06-2025 14:00,22-06-2025 20:00,Scheduled Maintenance
3077,28,19-10-2025 01:00,19-10-2025 03:00,Scheduled Maintenance
3078,140,08-02-2025 00:00,08-02-2025 04:00,Generator Failure
3079,138,24-07-2025 10:00,24-07-2025 18:00,Sensor Fault
3080,75,20-10-2025 08:00,20-10-2025 16:00,Scheduled Maintenance
3081,83,07-02-2025 18:00,08-02-2025 00:00,Blade Inspection
3082,74,05-06-2025 07:00,05-06-2025 08:00,Generator Failure
3083,107,17-04-2025 01:00,17-04-2025 04:00,Gearbox Failure
3084,12,05-01-2025 02:00,05-01-2025 06:00,Generator Failure
3085,57,27-03-2025 17:00,28-03-2025 03:00,Generator Failure
3086,91,11-02-2025 18:00,11-02-2025 22:00,Scheduled Maintenance
3087,119,22-03-2025 12:00,22-03-2025 16:00,Blade Inspection
3088,110,18-10-2025 07:00,18-10-2025 09:00,Gearbox Failure
3089,7,17-09-2025 11:00,17-09-2025 17:00,Scheduled Maintenance
3090,27,12-10-2025 05:00,12-10-2025 14:00,Scheduled Maintenance
3091,101,17-02-2025 22:00,18-02-2025 01:00,Gearbox Failure
3092,100,17-08-2025 23:00,18-08-2025 04:00,Blade Inspection
3093,58,15-01-2025 02:00,15-01-2025 11:00,Blade Inspection
3094,14,15-01-2025 18:00,16-01-2025 00:00,Gearbox Failure
3095,141,10-05-2025 22:00,11-05-2025 04:00,Gearbox Failure
3096,98,28-03-2025 15:00,28-03-2025 18:00,Gearbox Failure
3097,102,12-03-2025 14:00,12-03-2025 17:00,Generator Failure
3098,50,26-01-2025 13:00,26-01-2025 21:00,Blade Inspection
3099,65,22-08-2025 08:00,22-08-2025 10:00,Sensor Fault
3100,88,15-05-2025 15:00,16-05-2025 02:00,Scheduled Maintenance
3101,117,07-08-2025 09:00,07-08-2025 11:00,Sensor Fault
3102,10,03-09-2025 23:00,04-09-2025 03:00,Blade Inspection
3103,84,04-03-2025 18:00,04-03-2025 23:00,Gearbox Failure
3104,18,18-03-2025 18:00,19-03-2025 02:00,Blade Inspection
3105,24,28-12-2025 06:00,28-12-2025 17:00,Blade Inspection
3106,86,08-11-2025 04:00,08-11-2025 11:00,Gearbox Failure
3107,144,02-07-2025 23:00,03-07-2025 00:00,Generator Failure
3108,9,13-04-2025 08:00,13-04-2025 13:00,Gearbox Failure
3109,103,19-06-2025 02:00,19-06-2025 06:00,Gearbox Failure
3110,15,27-12-2025 05:00,27-12-2025 11:00,Gearbox Failure
3111,95,23-03-2025 19:00,23-03-2025 20:00,Generator Failure
3112,100,25-11-2025 16:00,26-11-2025 00:00,Scheduled Maintenance
3113,15,21-07-2025 22:00,22-07-2025 04:00,Generator Failure
3114,54,30-03-2025 15:00,31-03-2025 00:00,Generator Failure
3115,146,19-04-2025 05:00,19-04-2025 11:00,Scheduled Maintenance
3116,69,30-04-2025 13:00,30-04-2025 21:00,Gearbox Failure
3117,52,04-08-2025 23:00,05-08-2025 10:00,Gearbox Failure
3118,140,25-05-2025 09:00,25-05-2025 14:00,Blade Inspection
3119,99,20-08-2025 00:00,20-08-2025 10:00,Gearbox Failure
3120,96,16-08-2025 21:00,17-08-2025 07:00,Gearbox Failure
3121,90,18-11-2025 19:00,19-11-2025 05:00,Generator Failure
3122,66,25-03-2025 20:00,26-03-2025 05:00,Gearbox Failure
3123,34,21-12-2025 05:00,21-12-2025 07:00,Scheduled Maintenance
3124,113,29-12-2025 00:00,29-12-2025 01:00,Scheduled Maintenance
3125,2,11-04-2025 01:00,11-04-2025 08:00,Blade Inspection
3126,146,20-09-2025 02:00,20-09-2025 04:00,Gearbox Failure
3127,140,07-11-2025 23:00,08-11-2025 07:00,Scheduled Maintenance
3128,94,27-03-2025 05:00,27-03-2025 14:00,Sensor Fault
3129,12,25-06-2025 22:00,26-06-2025 04:00,Generator Failure
3130,125,07-09-2025 04:00,07-09-2025 09:00,Sensor Fault
3131,48,26-10-2025 22:00,26-10-2025 23:00,Generator Failure
3132,142,20-10-2025 10:00,20-10-2025 17:00,Gearbox Failure
3133,68,27-07-2025 09:00,27-07-2025 16:00,Sensor Fault
3134,7,16-08-2025 23:00,17-08-2025 08:00,Scheduled Maintenance
3135,49,13-06-2025 21:00,14-06-2025 08:00,Sensor Fault
3136,93,23-03-2025 10:00,23-03-2025 20:00,Sensor Fault
3137,120,29-04-2025 19:00,29-04-2025 22:00,Blade Inspection
3138,66,01-10-2025 05:00,01-10-2025 09:00,Sensor Fault
3139,125,20-07-2025 14:00,20-07-2025 16:00,Generator Failure
3140,122,16-07-2025 11:00,16-07-2025 15:00,Sensor Fault
3141,136,22-07-2025 09:00,22-07-2025 15:00,Sensor Fault
3142,135,02-02-2025 16:00,02-02-2025 17:00,Gearbox Failure
3143,70,25-05-2025 17:00,25-05-2025 21:00,Scheduled Maintenance
3144,30,04-06-2025 16:00,04-06-2025 23:00,Gearbox Failure
3145,1,05-07-2025 11:00,05-07-2025 16:00,Generator Failure
3146,104,09-01-2025 16:00,09-01-2025 20:00,Blade Inspection
3147,12,11-04-2025 07:00,11-04-2025 16:00,Gearbox Failure
3148,102,06-12-2025 20:00,07-12-2025 04:00,Sensor Fault
3149,62,02-04-2025 21:00,03-04-2025 06:00,Generator Failure
3150,107,24-08-2025 06:00,24-08-2025 07:00,Generator Failure
3151,64,08-10-2025 19:00,09-10-2025 05:00,Sensor Fault
3152,26,18-10-2025 02:00,18-10-2025 08:00,Sensor Fault
3153,135,10-04-2025 23:00,11-04-2025 01:00,Blade Inspection
3154,54,25-09-2025 17:00,25-09-2025 19:00,Generator Failure
3155,44,24-05-2025 22:00,25-05-2025 01:00,Blade Inspection
3156,113,30-08-2025 06:00,30-08-2025 12:00,Gearbox Failure
3157,135,28-08-2025 17:00,28-08-2025 21:00,Blade Inspection
3158,125,06-12-2025 17:00,06-12-2025 21:00,Blade Inspection
3159,26,13-09-2025 06:00,13-09-2025 15:00,Generator Failure
3160,127,21-11-2025 08:00,21-11-2025 09:00,Blade Inspection
3161,17,18-05-2025 08:00,18-05-2025 14:00,Sensor Fault
3162,40,28-08-2025 22:00,29-08-2025 04:00,Generator Failure
3163,7,22-07-2025 21:00,23-07-2025 05:00,Scheduled Maintenance
3164,109,21-06-2025 15:00,21-06-2025 16:00,Blade Inspection
3165,15,27-11-2025 09:00,27-11-2025 20:00,Blade Inspection
3166,10,11-11-2025 13:00,11-11-2025 16:00,Generator Failure
3167,88,04-11-2025 07:00,04-11-2025 13:00,Blade Inspection
3168,105,22-01-2025 18:00,23-01-2025 01:00,Scheduled Maintenance
3169,54,28-10-2025 02:00,28-10-2025 07:00,Scheduled Maintenance
3170,41,22-08-2025 04:00,22-08-2025 09:00,Sensor Fault
3171,43,26-10-2025 16:00,27-10-2025 03:00,Gearbox Failure
3172,121,20-07-2025 11:00,20-07-2025 21:00,Sensor Fault
3173,119,11-11-2025 19:00,12-11-2025 02:00,Sensor Fault
3174,127,05-04-2025 20:00,05-04-2025 22:00,Blade Inspection
3175,37,22-09-2025 01:00,22-09-2025 10:00,Blade Inspection
3176,46,13-01-2025 14:00,13-01-2025 16:00,Generator Failure
3177,52,25-11-2025 03:00,25-11-2025 12:00,Generator Failure
3178,125,04-07-2025 03:00,04-07-2025 10:00,Blade Inspection
3179,118,26-02-2025 04:00,26-02-2025 10:00,Sensor Fault
3180,54,26-11-2025 07:00,26-11-2025 13:00,Sensor Fault
3181,146,01-12-2025 13:00,01-12-2025 21:00,Sensor Fault
3182,69,11-03-2025 17:00,11-03-2025 20:00,Gearbox Failure
3183,91,12-08-2025 17:00,12-08-2025 23:00,Generator Failure
3184,141,09-08-2025 03:00,09-08-2025 04:00,Generator Failure
3185,66,22-06-2025 21:00,23-06-2025 04:00,Sensor Fault
3186,130,16-10-2025 07:00,16-10-2025 14:00,Gearbox Failure
3187,53,01-08-2025 17:00,01-08-2025 19:00,Gearbox Failure
3188,129,25-04-2025 05:00,25-04-2025 14:00,Generator Failure
3189,111,30-05-2025 02:00,30-05-2025 11:00,Blade Inspection
3190,89,09-08-2025 13:00,09-08-2025 21:00,Gearbox Failure
3191,47,28-08-2025 03:00,28-08-2025 04:00,Scheduled Maintenance
3192,36,24-12-2025 05:00,24-12-2025 16:00,Scheduled Maintenance
3193,148,31-07-2025 23:00,01-08-2025 05:00,Generator Failure
3194,88,13-01-2025 15:00,14-01-2025 01:00,Blade Inspection
3195,79,22-08-2025 06:00,22-08-2025 14:00,Sensor Fault
3196,62,12-09-2025 12:00,12-09-2025 21:00,Generator Failure
3197,70,20-08-2025 13:00,20-08-2025 23:00,Generator Failure
3198,82,03-10-2025 18:00,03-10-2025 23:00,Blade Inspection
3199,71,17-01-2025 20:00,17-01-2025 22:00,Scheduled Maintenance
3200,54,22-09-2025 10:00,22-09-2025 20:00,Blade Inspection
3201,7,17-11-2025 17:00,17-11-2025 21:00,Scheduled Maintenance
3202,130,03-05-2025 05:00,03-05-2025 10:00,Gearbox Failure
3203,91,05-04-2025 19:00,06-04-2025 03:00,Scheduled Maintenance
3204,25,12-06-2025 22:00,13-06-2025 06:00,Blade Inspection
3205,20,19-03-2025 00:00,19-03-2025 09:00,Gearbox Failure
3206,132,22-04-2025 10:00,22-04-2025 20:00,Gearbox Failure
3207,128,13-03-2025 05:00,13-03-2025 12:00,Gearbox Failure
3208,105,15-02-2025 23:00,16-02-2025 07:00,Sensor Fault
3209,49,17-10-2025 22:00,18-10-2025 05:00,Scheduled Maintenance
3210,59,02-12-2025 02:00,02-12-2025 07:00,Blade Inspection
3211,62,06-07-2025 05:00,06-07-2025 13:00,Generator Failure
3212,134,26-10-2025 22:00,27-10-2025 00:00,Gearbox Failure
3213,76,05-01-2025 20:00,06-01-2025 01:00,Blade Inspection
3214,22,01-08-2025 08:00,01-08-2025 12:00,Sensor Fault
3215,99,04-06-2025 04:00,04-06-2025 10:00,Generator Failure
3216,40,23-07-2025 18:00,23-07-2025 22:00,Generator Failure
3217,98,21-03-2025 03:00,21-03-2025 08:00,Gearbox Failure
3218,52,08-11-2025 06:00,08-11-2025 13:00,Blade Inspection
3219,53,25-09-2025 20:00,26-09-2025 07:00,Gearbox Failure
3220,138,05-11-2025 11:00,05-11-2025 20:00,Generator Failure
3221,56,18-03-2025 10:00,18-03-2025 17:00,Scheduled Maintenance
3222,142,30-11-2025 19:00,01-12-2025 03:00,Gearbox Failure
3223,107,30-10-2025 21:00,31-10-2025 08:00,Sensor Fault
3224,3,13-06-2025 01:00,13-06-2025 05:00,Generator Failure
3225,9,25-12-2025 01:00,25-12-2025 10:00,Gearbox Failure
3226,110,06-01-2025 14:00,06-01-2025 22:00,Blade Inspection
3227,39,26-10-2025 09:00,26-10-2025 13:00,Generator Failure
3228,117,18-02-2025 22:00,19-02-2025 09:00,Generator Failure
3229,130,03-06-2025 00:00,03-06-2025 04:00,Generator Failure
3230,30,12-01-2025 00:00,12-01-2025 07:00,Scheduled Maintenance
3231,119,09-09-2025 01:00,09-09-2025 11:00,Scheduled Maintenance
3232,112,02-07-2025 10:00,02-07-2025 21:00,Blade Inspection
3233,125,27-01-2025 16:00,27-01-2025 21:00,Scheduled Maintenance
3234,43,09-01-2025 13:00,09-01-2025 16:00,Sensor Fault
3235,39,06-11-2025 16:00,07-11-2025 01:00,Generator Failure
3236,87,05-02-2025 03:00,05-02-2025 13:00,Scheduled Maintenance
3237,124,11-02-2025 05:00,11-02-2025 08:00,Generator Failure
3238,44,12-08-2025 19:00,13-08-2025 05:00,Generator Failure
3239,67,02-09-2025 05:00,02-09-2025 06:00,Blade Inspection
3240,96,15-04-2025 10:00,15-04-2025 21:00,Sensor Fault
3241,94,02-10-2025 07:00,02-10-2025 10:00,Gearbox Failure
3242,97,20-02-2025 10:00,20-02-2025 20:00,Blade Inspection
3243,114,17-11-2025 21:00,17-11-2025 23:00,Blade Inspection
3244,5,28-03-2025 01:00,28-03-2025 05:00,Blade Inspection
3245,15,09-09-2025 01:00,09-09-2025 11:00,Blade Inspection
3246,137,23-01-2025 09:00,23-01-2025 16:00,Gearbox Failure
3247,141,23-10-2025 00:00,23-10-2025 01:00,Generator Failure
3248,34,21-10-2025 20:00,22-10-2025 05:00,Sensor Fault
3249,71,14-08-2025 05:00,14-08-2025 13:00,Generator Failure
3250,8,11-05-2025 04:00,11-05-2025 13:00,Scheduled Maintenance
3251,110,15-10-2025 19:00,16-10-2025 03:00,Scheduled Maintenance
3252,42,15-08-2025 13:00,15-08-2025 16:00,Sensor Fault
3253,146,03-09-2025 08:00,03-09-2025 12:00,Blade Inspection
3254,35,21-01-2025 21:00,22-01-2025 08:00,Sensor Fault
3255,125,30-05-2025 00:00,30-05-2025 11:00,Blade Inspection
3256,50,08-11-2025 17:00,08-11-2025 22:00,Gearbox Failure
3257,32,23-10-2025 19:00,24-10-2025 01:00,Gearbox Failure
3258,141,17-11-2025 13:00,18-11-2025 00:00,Gearbox Failure
3259,73,25-08-2025 20:00,25-08-2025 21:00,Sensor Fault
3260,41,07-04-2025 02:00,07-04-2025 05:00,Scheduled Maintenance
3261,103,02-08-2025 10:00,02-08-2025 20:00,Gearbox Failure
3262,47,03-04-2025 10:00,03-04-2025 19:00,Generator Failure
3263,144,03-11-2025 06:00,03-11-2025 13:00,Blade Inspection
3264,143,20-06-2025 09:00,20-06-2025 16:00,Blade Inspection
3265,130,18-12-2025 02:00,18-12-2025 12:00,Scheduled Maintenance
3266,66,16-10-2025 02:00,16-10-2025 06:00,Scheduled Maintenance
3267,116,01-07-2025 20:00,02-07-2025 06:00,Sensor Fault
3268,141,26-10-2025 09:00,26-10-2025 12:00,Gearbox Failure
3269,119,21-09-2025 18:00,22-09-2025 02:00,Scheduled Maintenance
3270,29,01-05-2025 01:00,01-05-2025 02:00,Sensor Fault
3271,75,09-05-2025 21:00,10-05-2025 03:00,Gearbox Failure
3272,54,27-02-2025 02:00,27-02-2025 09:00,Generator Failure
3273,85,27-02-2025 00:00,27-02-2025 07:00,Gearbox Failure
3274,27,23-08-2025 18:00,23-08-2025 21:00,Generator Failure
3275,40,04-12-2025 14:00,04-12-2025 17:00,Scheduled Maintenance
3276,46,14-12-2025 21:00,15-12-2025 07:00,Scheduled Maintenance
3277,147,22-04-2025 20:00,22-04-2025 23:00,Scheduled Maintenance
3278,3,10-06-2025 20:00,10-06-2025 22:00,Blade Inspection
3279,118,29-06-2025 00:00,29-06-2025 08:00,Scheduled Maintenance
3280,7,22-11-2025 23:00,23-11-2025 03:00,Gearbox Failure
3281,11,29-05-2025 00:00,29-05-2025 08:00,Scheduled Maintenance
3282,17,13-05-2025 21:00,14-05-2025 02:00,Gearbox Failure
3283,98,19-12-2025 08:00,19-12-2025 16:00,Blade Inspection
3284,65,16-11-2025 04:00,16-11-2025 13:00,Blade Inspection
3285,104,14-01-2025 10:00,14-01-2025 15:00,Scheduled Maintenance
3286,10,30-06-2025 20:00,30-06-2025 22:00,Blade Inspection
3287,22,30-12-2025 09:00,30-12-2025 18:00,Gearbox Failure
3288,137,11-08-2025 16:00,11-08-2025 19:00,Generator Failure
3289,127,09-05-2025 15:00,09-05-2025 22:00,Generator Failure
3290,85,09-06-2025 13:00,09-06-2025 22:00,Sensor Fault
3291,25,02-09-2025 06:00,02-09-2025 12:00,Generator Failure
3292,18,10-08-2025 16:00,11-08-2025 02:00,Scheduled Maintenance
3293,90,03-12-2025 23:00,04-12-2025 04:00,Blade Inspection
3294,29,14-02-2025 19:00,14-02-2025 20:00,Blade Inspection
3295,111,09-08-2025 23:00,10-08-2025 06:00,Scheduled Maintenance
3296,128,27-05-2025 04:00,27-05-2025 09:00,Scheduled Maintenance
3297,39,31-07-2025 14:00,01-08-2025 01:00,Blade Inspection
3298,5,28-07-2025 09:00,28-07-2025 20:00,Scheduled Maintenance
3299,107,10-02-2025 17:00,11-02-2025 00:00,Gearbox Failure
3300,40,08-09-2025 13:00,08-09-2025 19:00,Sensor Fault
3301,49,26-05-2025 14:00,26-05-2025 21:00,Generator Failure
3302,19,18-12-2025 03:00,18-12-2025 12:00,Sensor Fault
3303,7,12-09-2025 11:00,12-09-2025 20:00,Generator Failure
3304,7,16-04-2025 02:00,16-04-2025 05:00,Generator Failure
3305,95,20-03-2025 16:00,20-03-2025 19:00,Sensor Fault
3306,102,23-11-2025 13:00,24-11-2025 00:00,Generator Failure
3307,144,18-06-2025 11:00,18-06-2025 21:00,Scheduled Maintenance
3308,36,19-12-2025 03:00,19-12-2025 14:00,Sensor Fault
3309,149,02-10-2025 00:00,02-10-2025 10:00,Generator Failure
3310,49,09-07-2025 13:00,09-07-2025 14:00,Blade Inspection
3311,74,15-05-2025 04:00,15-05-2025 13:00,Gearbox Failure
3312,50,26-07-2025 08:00,26-07-2025 14:00,Gearbox Failure
3313,28,10-05-2025 03:00,10-05-2025 08:00,Sensor Fault
3314,110,01-10-2025 04:00,01-10-2025 15:00,Blade Inspection
3315,17,05-06-2025 04:00,05-06-2025 11:00,Scheduled Maintenance
3316,69,12-09-2025 08:00,12-09-2025 11:00,Generator Failure
3317,140,07-11-2025 03:00,07-11-2025 06:00,Generator Failure
3318,143,20-06-2025 03:00,20-06-2025 08:00,Scheduled Maintenance
3319,99,26-01-2025 07:00,26-01-2025 08:00,Generator Failure
3320,97,26-09-2025 16:00,26-09-2025 20:00,Blade Inspection
3321,100,16-12-2025 07:00,16-12-2025 12:00,Sensor Fault
3322,94,07-12-2025 23:00,08-12-2025 10:00,Scheduled Maintenance
3323,63,03-06-2025 00:00,03-06-2025 10:00,Sensor Fault
3324,55,23-08-2025 18:00,24-08-2025 05:00,Gearbox Failure
3325,31,23-09-2025 06:00,23-09-2025 08:00,Gearbox Failure
3326,135,22-09-2025 02:00,22-09-2025 06:00,Scheduled Maintenance
3327,98,02-11-2025 20:00,03-11-2025 03:00,Sensor Fault
3328,38,01-11-2025 12:00,01-11-2025 19:00,Gearbox Failure
3329,12,02-11-2025 03:00,02-11-2025 14:00,Gearbox Failure
3330,85,10-06-2025 01:00,10-06-2025 02:00,Blade Inspection
3331,89,07-02-2025 19:00,07-02-2025 23:00,Blade Inspection
3332,150,03-05-2025 19:00,04-05-2025 03:00,Blade Inspection
3333,129,09-05-2025 03:00,09-05-2025 09:00,Blade Inspection
3334,38,26-11-2025 21:00,27-11-2025 07:00,Scheduled Maintenance
3335,35,21-01-2025 22:00,22-01-2025 08:00,Generator Failure
3336,63,04-08-2025 14:00,04-08-2025 16:00,Blade Inspection
3337,139,08-05-2025 20:00,09-05-2025 03:00,Blade Inspection
3338,36,23-08-2025 07:00,23-08-2025 16:00,Generator Failure
3339,143,07-05-2025 01:00,07-05-2025 07:00,Gearbox Failure
3340,118,23-05-2025 22:00,24-05-2025 05:00,Sensor Fault
3341,91,25-09-2025 09:00,25-09-2025 10:00,Blade Inspection
3342,78,01-05-2025 15:00,01-05-2025 17:00,Blade Inspection
3343,6,31-01-2025 21:00,01-02-2025 00:00,Generator Failure
3344,114,01-03-2025 08:00,01-03-2025 12:00,Blade Inspection
3345,133,12-09-2025 07:00,12-09-2025 08:00,Gearbox Failure
3346,70,19-05-2025 09:00,19-05-2025 13:00,Gearbox Failure
3347,58,18-07-2025 17:00,18-07-2025 19:00,Generator Failure
3348,81,18-06-2025 18:00,18-06-2025 22:00,Sensor Fault
3349,64,24-06-2025 09:00,24-06-2025 17:00,Sensor Fault
3350,40,29-12-2025 10:00,29-12-2025 15:00,Gearbox Failure
3351,42,19-06-2025 08:00,19-06-2025 17:00,Sensor Fault
3352,56,23-04-2025 11:00,23-04-2025 15:00,Gearbox Failure
3353,44,25-04-2025 00:00,25-04-2025 05:00,Sensor Fault
3354,133,26-12-2025 04:00,26-12-2025 07:00,Scheduled Maintenance
3355,78,16-06-2025 19:00,17-06-2025 00:00,Blade Inspection
3356,78,29-10-2025 08:00,29-10-2025 17:00,Sensor Fault
3357,85,15-07-2025 22:00,16-07-2025 06:00,Generator Failure
3358,31,21-06-2025 20:00,22-06-2025 04:00,Sensor Fault
3359,65,30-03-2025 00:00,30-03-2025 11:00,Sensor Fault
3360,7,19-03-2025 13:00,19-03-2025 19:00,Gearbox Failure
3361,144,04-04-2025 21:00,05-04-2025 05:00,Blade Inspection
3362,75,03-02-2025 07:00,03-02-2025 08:00,Generator Failure
3363,114,22-11-2025 13:00,22-11-2025 23:00,Generator Failure
3364,105,21-11-2025 14:00,21-11-2025 19:00,Generator Failure
3365,122,01-04-2025 09:00,01-04-2025 10:00,Blade Inspection
3366,64,07-05-2025 15:00,07-05-2025 17:00,Scheduled Maintenance
3367,63,06-01-2025 11:00,06-01-2025 13:00,Blade Inspection
3368,8,14-03-2025 18:00,15-03-2025 05:00,Blade Inspection
3369,8,05-01-2025 09:00,05-01-2025 14:00,Sensor Fault
3370,81,21-08-2025 16:00,21-08-2025 23:00,Gearbox Failure
3371,148,15-07-2025 12:00,15-07-2025 23:00,Gearbox Failure
3372,119,10-02-2025 16:00,10-02-2025 19:00,Scheduled Maintenance
3373,150,23-01-2025 07:00,23-01-2025 12:00,Scheduled Maintenance
3374,49,27-11-2025 16:00,27-11-2025 19:00,Sensor Fault
3375,109,20-04-2025 17:00,20-04-2025 21:00,Sensor Fault
3376,136,27-09-2025 07:00,27-09-2025 12:00,Sensor Fault
3377,147,14-06-2025 15:00,14-06-2025 20:00,Generator Failure
3378,80,09-10-2025 23:00,10-10-2025 03:00,Scheduled Maintenance
3379,129,27-11-2025 12:00,27-11-2025 16:00,Gearbox Failure
3380,51,23-12-2025 13:00,23-12-2025 21:00,Blade Inspection
3381,148,28-02-2025 16:00,28-02-2025 17:00,Blade Inspection
3382,67,30-08-2025 02:00,30-08-2025 03:00,Scheduled Maintenance
3383,69,22-11-2025 16:00,22-11-2025 23:00,Generator Failure
3384,110,24-08-2025 22:00,25-08-2025 08:00,Sensor Fault
3385,67,27-02-2025 03:00,27-02-2025 10:00,Scheduled Maintenance
3386,14,08-12-2025 09:00,08-12-2025 15:00,Sensor Fault
3387,128,24-06-2025 02:00,24-06-2025 06:00,Blade Inspection
3388,71,19-08-2025 05:00,19-08-2025 09:00,Generator Failure
3389,92,15-06-2025 11:00,15-06-2025 12:00,Scheduled Maintenance
3390,100,11-09-2025 13:00,11-09-2025 18:00,Blade Inspection
3391,98,06-07-2025 12:00,06-07-2025 23:00,Blade Inspection
3392,85,23-01-2025 18:00,24-01-2025 03:00,Blade Inspection
3393,133,25-04-2025 03:00,25-04-2025 09:00,Generator Failure
3394,75,02-09-2025 06:00,02-09-2025 10:00,Scheduled Maintenance
3395,52,06-05-2025 01:00,06-05-2025 09:00,Gearbox Failure
3396,22,30-06-2025 23:00,01-07-2025 02:00,Scheduled Maintenance
3397,90,25-02-2025 06:00,25-02-2025 15:00,Sensor Fault
3398,147,17-03-2025 13:00,17-03-2025 19:00,Blade Inspection
3399,74,02-09-2025 10:00,02-09-2025 17:00,Generator Failure
3400,22,31-10-2025 05:00,31-10-2025 15:00,Gearbox Failure
3401,23,18-06-2025 23:00,19-06-2025 00:00,Sensor Fault
3402,35,24-05-2025 23:00,25-05-2025 00:00,Generator Failure
3403,12,06-08-2025 13:00,07-08-2025 00:00,Gearbox Failure
3404,34,10-06-2025 21:00,11-06-2025 07:00,Blade Inspection
3405,13,07-12-2025 18:00,07-12-2025 23:00,Gearbox Failure
3406,103,17-07-2025 15:00,17-07-2025 18:00,Sensor Fault
3407,19,07-03-2025 05:00,07-03-2025 16:00,Gearbox Failure
3408,87,07-11-2025 08:00,07-11-2025 18:00,Gearbox Failure
3409,49,02-12-2025 21:00,03-12-2025 08:00,Sensor Fault
3410,113,01-04-2025 15:00,01-04-2025 16:00,Scheduled Maintenance
3411,109,19-09-2025 20:00,19-09-2025 22:00,Scheduled Maintenance
3412,57,14-08-2025 15:00,14-08-2025 19:00,Generator Failure
3413,36,01-02-2025 13:00,01-02-2025 19:00,Scheduled Maintenance
3414,12,23-11-2025 17:00,24-11-2025 04:00,Generator Failure
3415,146,20-12-2025 08:00,20-12-2025 12:00,Scheduled Maintenance
3416,53,25-07-2025 03:00,25-07-2025 06:00,Gearbox Failure
3417,122,09-08-2025 19:00,10-08-2025 01:00,Gearbox Failure
3418,5,17-03-2025 10:00,17-03-2025 14:00,Gearbox Failure
3419,37,13-08-2025 03:00,13-08-2025 12:00,Generator Failure
3420,33,29-07-2025 07:00,29-07-2025 11:00,Gearbox Failure
3421,13,28-05-2025 11:00,28-05-2025 17:00,Gearbox Failure
3422,119,04-07-2025 14:00,04-07-2025 16:00,Blade Inspection
3423,111,02-10-2025 09:00,02-10-2025 17:00,Gearbox Failure
3424,78,10-10-2025 11:00,10-10-2025 14:00,Generator Failure
3425,4,31-08-2025 19:00,31-08-2025 20:00,Sensor Fault
3426,37,12-10-2025 19:00,13-10-2025 03:00,Generator Failure
3427,104,23-10-2025 06:00,23-10-2025 11:00,Sensor Fault
3428,25,26-08-2025 23:00,27-08-2025 02:00,Generator Failure
3429,82,24-01-2025 23:00,25-01-2025 10:00,Blade Inspection
3430,65,19-05-2025 20:00,20-05-2025 02:00,Sensor Fault
3431,112,14-05-2025 20:00,14-05-2025 22:00,Blade Inspection
3432,87,29-09-2025 03:00,29-09-2025 07:00,Generator Failure
3433,129,25-09-2025 16:00,26-09-2025 00:00,Sensor Fault
3434,134,14-03-2025 02:00,14-03-2025 03:00,Generator Failure
3435,133,06-08-2025 05:00,06-08-2025 06:00,Blade Inspection
3436,84,03-02-2025 22:00,04-02-2025 03:00,Generator Failure
3437,24,18-04-2025 17:00,18-04-2025 20:00,Sensor Fault
3438,114,31-01-2025 19:00,01-02-2025 06:00,Scheduled Maintenance
3439,91,04-07-2025 13:00,04-07-2025 21:00,Scheduled Maintenance
3440,14,06-10-2025 12:00,06-10-2025 20:00,Gearbox Failure
3441,133,02-09-2025 06:00,02-09-2025 16:00,Scheduled Maintenance
3442,56,25-03-2025 12:00,25-03-2025 23:00,Scheduled Maintenance
3443,16,16-10-2025 06:00,16-10-2025 15:00,Scheduled Maintenance
3444,20,02-03-2025 10:00,02-03-2025 14:00,Sensor Fault
3445,94,11-10-2025 01:00,11-10-2025 09:00,Sensor Fault
3446,11,19-04-2025 15:00,19-04-2025 21:00,Sensor Fault
3447,120,21-11-2025 21:00,22-11-2025 00:00,Generator Failure
3448,148,16-10-2025 16:00,16-10-2025 19:00,Sensor Fault
3449,13,25-12-2025 21:00,26-12-2025 05:00,Scheduled Maintenance
3450,69,05-12-2025 14:00,05-12-2025 21:00,Gearbox Failure
3451,125,14-02-2025 01:00,14-02-2025 08:00,Sensor Fault
3452,21,01-08-2025 05:00,01-08-2025 16:00,Blade Inspection
3453,77,21-04-2025 21:00,22-04-2025 07:00,Generator Failure
3454,68,20-12-2025 11:00,20-12-2025 18:00,Sensor Fault
3455,96,22-01-2025 12:00,22-01-2025 16:00,Gearbox Failure
3456,12,26-03-2025 14:00,27-03-2025 00:00,Scheduled Maintenance
3457,68,02-11-2025 03:00,02-11-2025 13:00,Generator Failure
3458,49,29-01-2025 15:00,29-01-2025 20:00,Generator Failure
3459,116,31-12-2025 11:00,31-12-2025 22:00,Blade Inspection
3460,69,16-07-2025 06:00,16-07-2025 11:00,Gearbox Failure
3461,25,14-12-2025 15:00,14-12-2025 23:00,Scheduled Maintenance
3462,6,31-01-2025 09:00,31-01-2025 16:00,Sensor Fault
3463,60,20-06-2025 08:00,20-06-2025 19:00,Blade Inspection
3464,80,30-05-2025 09:00,30-05-2025 19:00,Sensor Fault
3465,118,25-12-2025 12:00,25-12-2025 13:00,Scheduled Maintenance
3466,79,09-05-2025 14:00,09-05-2025 20:00,Blade Inspection
3467,52,10-12-2025 05:00,10-12-2025 09:00,Gearbox Failure
3468,76,22-06-2025 13:00,22-06-2025 17:00,Generator Failure
3469,132,09-03-2025 20:00,10-03-2025 00:00,Scheduled Maintenance
3470,45,23-01-2025 15:00,23-01-2025 21:00,Generator Failure
3471,64,20-06-2025 04:00,20-06-2025 15:00,Blade Inspection
3472,94,06-11-2025 08:00,06-11-2025 15:00,Scheduled Maintenance
3473,70,26-06-2025 10:00,26-06-2025 17:00,Gearbox Failure
3474,121,26-03-2025 14:00,26-03-2025 20:00,Generator Failure
3475,100,02-06-2025 21:00,03-06-2025 08:00,Gearbox Failure
3476,2,23-05-2025 20:00,24-05-2025 05:00,Blade Inspection
3477,6,27-02-2025 16:00,27-02-2025 18:00,Generator Failure
3478,62,02-03-2025 17:00,03-03-2025 04:00,Blade Inspection
3479,62,19-06-2025 21:00,20-06-2025 02:00,Generator Failure
3480,46,21-03-2025 02:00,21-03-2025 08:00,Generator Failure
3481,113,08-01-2025 18:00,08-01-2025 22:00,Gearbox Failure
3482,35,14-06-2025 12:00,14-06-2025 15:00,Gearbox Failure
3483,97,03-05-2025 02:00,03-05-2025 04:00,Generator Failure
3484,115,29-10-2025 06:00,29-10-2025 10:00,Scheduled Maintenance
3485,22,19-01-2025 01:00,19-01-2025 12:00,Gearbox Failure
3486,85,15-12-2025 04:00,15-12-2025 14:00,Scheduled Maintenance
3487,110,29-08-2025 08:00,29-08-2025 10:00,Blade Inspection
3488,8,12-07-2025 03:00,12-07-2025 11:00,Gearbox Failure
3489,17,04-07-2025 23:00,05-07-2025 06:00,Blade Inspection
3490,104,15-09-2025 22:00,15-09-2025 23:00,Gearbox Failure
3491,81,20-05-2025 05:00,20-05-2025 10:00,Sensor Fault
3492,39,17-08-2025 11:00,17-08-2025 22:00,Gearbox Failure
3493,123,14-08-2025 10:00,14-08-2025 13:00,Scheduled Maintenance
3494,39,25-02-2025 10:00,25-02-2025 17:00,Blade Inspection
3495,11,13-09-2025 22:00,14-09-2025 08:00,Gearbox Failure
3496,20,06-07-2025 01:00,06-07-2025 05:00,Sensor Fault
3497,25,06-08-2025 11:00,06-08-2025 17:00,Sensor Fault
3498,45,19-04-2025 04:00,19-04-2025 09:00,Sensor Fault
3499,18,28-12-2025 12:00,28-12-2025 19:00,Blade Inspection
3500,52,03-03-2025 07:00,03-03-2025 18:00,Blade Inspection
3501,77,29-10-2025 06:00,29-10-2025 16:00,Gearbox Failure
3502,135,19-09-2025 20:00,20-09-2025 00:00,Scheduled Maintenance
3503,4,16-03-2025 16:00,16-03-2025 18:00,Blade Inspection
3504,29,29-11-2025 03:00,29-11-2025 11:00,Scheduled Maintenance
3505,150,14-01-2025 00:00,14-01-2025 10:00,Scheduled Maintenance
3506,130,04-10-2025 15:00,04-10-2025 19:00,Sensor Fault
3507,70,27-11-2025 15:00,28-11-2025 02:00,Scheduled Maintenance
3508,49,15-08-2025 07:00,15-08-2025 08:00,Gearbox Failure
3509,72,24-12-2025 05:00,24-12-2025 06:00,Generator Failure
3510,45,23-10-2025 19:00,24-10-2025 06:00,Scheduled Maintenance
3511,121,25-03-2025 17:00,25-03-2025 18:00,Sensor Fault
3512,141,02-06-2025 15:00,02-06-2025 23:00,Gearbox Failure
3513,53,04-08-2025 09:00,04-08-2025 12:00,Blade Inspection
3514,122,04-11-2025 10:00,04-11-2025 21:00,Blade Inspection
3515,49,27-09-2025 00:00,27-09-2025 01:00,Generator Failure
3516,81,26-08-2025 06:00,26-08-2025 17:00,Generator Failure
3517,59,24-08-2025 22:00,25-08-2025 03:00,Sensor Fault
3518,44,28-02-2025 03:00,28-02-2025 09:00,Gearbox Failure
3519,120,05-05-2025 05:00,05-05-2025 16:00,Blade Inspection
3520,53,25-09-2025 22:00,26-09-2025 05:00,Gearbox Failure
3521,25,05-08-2025 21:00,06-08-2025 06:00,Scheduled Maintenance
3522,50,02-12-2025 12:00,02-12-2025 16:00,Blade Inspection
3523,70,02-07-2025 07:00,02-07-2025 10:00,Sensor Fault
3524,83,22-09-2025 02:00,22-09-2025 10:00,Blade Inspection
3525,6,14-08-2025 12:00,14-08-2025 17:00,Sensor Fault
3526,102,20-07-2025 04:00,20-07-2025 15:00,Sensor Fault
3527,123,10-08-2025 10:00,10-08-2025 15:00,Gearbox Failure
3528,130,08-04-2025 20:00,09-04-2025 05:00,Blade Inspection
3529,65,06-01-2025 02:00,06-01-2025 09:00,Blade Inspection
3530,56,09-07-2025 16:00,09-07-2025 18:00,Gearbox Failure
3531,52,13-08-2025 09:00,13-08-2025 14:00,Scheduled Maintenance
3532,39,13-01-2025 15:00,14-01-2025 01:00,Generator Failure
3533,11,23-10-2025 09:00,23-10-2025 12:00,Scheduled Maintenance
3534,81,27-05-2025 12:00,27-05-2025 15:00,Scheduled Maintenance
3535,147,02-12-2025 05:00,02-12-2025 13:00,Scheduled Maintenance
3536,20,26-08-2025 00:00,26-08-2025 08:00,Generator Failure
3537,76,30-04-2025 13:00,30-04-2025 16:00,Gearbox Failure
3538,63,18-02-2025 06:00,18-02-2025 08:00,Gearbox Failure
3539,129,21-04-2025 02:00,21-04-2025 06:00,Sensor Fault
3540,115,08-02-2025 03:00,08-02-2025 13:00,Blade Inspection
3541,16,03-01-2025 05:00,03-01-2025 09:00,Gearbox Failure
3542,67,09-05-2025 13:00,09-05-2025 14:00,Gearbox Failure
3543,124,16-09-2025 17:00,16-09-2025 22:00,Gearbox Failure
3544,42,15-02-2025 12:00,15-02-2025 18:00,Sensor Fault
3545,109,14-03-2025 07:00,14-03-2025 15:00,Gearbox Failure
3546,25,14-12-2025 08:00,14-12-2025 12:00,Gearbox Failure
3547,92,17-09-2025 21:00,18-09-2025 04:00,Sensor Fault
3548,41,31-01-2025 16:00,31-01-2025 17:00,Sensor Fault
3549,104,20-02-2025 07:00,20-02-2025 08:00,Scheduled Maintenance
3550,5,13-01-2025 07:00,13-01-2025 14:00,Scheduled Maintenance
3551,78,22-04-2025 05:00,22-04-2025 12:00,Sensor Fault
3552,72,15-06-2025 22:00,16-06-2025 06:00,Generator Failure
3553,30,06-01-2025 01:00,06-01-2025 03:00,Blade Inspection
3554,109,21-11-2025 00:00,21-11-2025 03:00,Sensor Fault
3555,130,26-06-2025 18:00,26-06-2025 21:00,Blade Inspection
3556,15,11-02-2025 23:00,12-02-2025 05:00,Scheduled Maintenance
3557,88,16-05-2025 12:00,16-05-2025 22:00,Sensor Fault
3558,36,28-04-2025 10:00,28-04-2025 14:00,Sensor Fault
3559,1,03-05-2025 21:00,03-05-2025 23:00,Generator Failure
3560,148,14-04-2025 01:00,14-04-2025 08:00,Gearbox Failure
3561,150,20-08-2025 08:00,20-08-2025 15:00,Generator Failure
3562,69,06-03-2025 13:00,06-03-2025 20:00,Gearbox Failure
3563,27,04-12-2025 02:00,04-12-2025 09:00,Gearbox Failure
3564,43,31-10-2025 05:00,31-10-2025 06:00,Generator Failure
3565,54,07-02-2025 09:00,07-02-2025 10:00,Generator Failure
3566,25,08-01-2025 10:00,08-01-2025 12:00,Generator Failure
3567,132,30-09-2025 23:00,01-10-2025 02:00,Generator Failure
3568,143,11-02-2025 06:00,11-02-2025 13:00,Sensor Fault
3569,127,24-09-2025 10:00,24-09-2025 19:00,Generator Failure
3570,40,04-05-2025 09:00,04-05-2025 10:00,Blade Inspection
3571,131,06-08-2025 10:00,06-08-2025 13:00,Blade Inspection
3572,96,23-02-2025 20:00,23-02-2025 23:00,Scheduled Maintenance
3573,78,29-05-2025 01:00,29-05-2025 02:00,Scheduled Maintenance
3574,102,13-08-2025 08:00,13-08-2025 11:00,Scheduled Maintenance
3575,107,01-06-2025 02:00,01-06-2025 12:00,Blade Inspection
3576,150,16-11-2025 18:00,17-11-2025 03:00,Gearbox Failure
3577,43,24-09-2025 12:00,24-09-2025 13:00,Generator Failure
3578,77,29-05-2025 17:00,29-05-2025 18:00,Sensor Fault
3579,43,05-11-2025 00:00,05-11-2025 03:00,Gearbox Failure
3580,75,07-12-2025 06:00,07-12-2025 09:00,Generator Failure
3581,56,17-06-2025 04:00,17-06-2025 08:00,Gearbox Failure
3582,12,01-11-2025 04:00,01-11-2025 09:00,Gearbox Failure
3583,147,23-10-2025 06:00,23-10-2025 11:00,Blade Inspection
3584,119,25-10-2025 09:00,25-10-2025 15:00,Blade Inspection
3585,100,21-09-2025 01:00,21-09-2025 09:00,Generator Failure
3586,3,13-03-2025 15:00,14-03-2025 02:00,Blade Inspection
3587,89,08-06-2025 09:00,08-06-2025 17:00,Blade Inspection
3588,108,27-05-2025 04:00,27-05-2025 08:00,Blade Inspection
3589,29,21-01-2025 22:00,22-01-2025 00:00,Generator Failure
3590,28,17-09-2025 15:00,17-09-2025 20:00,Gearbox Failure
3591,42,18-03-2025 17:00,19-03-2025 00:00,Sensor Fault
3592,59,21-08-2025 21:00,22-08-2025 02:00,Sensor Fault
3593,88,03-12-2025 18:00,04-12-2025 00:00,Generator Failure
3594,100,17-11-2025 21:00,18-11-2025 08:00,Generator Failure
3595,84,19-09-2025 23:00,20-09-2025 05:00,Blade Inspection
3596,103,27-09-2025 08:00,27-09-2025 10:00,Sensor Fault
3597,105,12-08-2025 11:00,12-08-2025 12:00,Blade Inspection
3598,72,12-10-2025 03:00,12-10-2025 10:00,Gearbox Failure
3599,17,16-08-2025 21:00,17-08-2025 00:00,Blade Inspection
3600,52,04-11-2025 07:00,04-11-2025 17:00,Scheduled Maintenance
3601,123,17-09-2025 16:00,17-09-2025 17:00,Scheduled Maintenance
3602,106,04-10-2025 11:00,04-10-2025 20:00,Blade Inspection
3603,7,10-02-2025 13:00,10-02-2025 16:00,Generator Failure
3604,107,26-06-2025 15:00,26-06-2025 19:00,Gearbox Failure
3605,141,19-03-2025 10:00,19-03-2025 12:00,Generator Failure
3606,139,03-12-2025 07:00,03-12-2025 11:00,Gearbox Failure
3607,21,28-07-2025 07:00,28-07-2025 10:00,Scheduled Maintenance
3608,60,06-10-2025 22:00,07-10-2025 03:00,Blade Inspection
3609,10,17-03-2025 21:00,17-03-2025 22:00,Scheduled Maintenance
3610,44,20-07-2025 05:00,20-07-2025 12:00,Sensor Fault
3611,96,01-04-2025 20:00,02-04-2025 01:00,Generator Failure
3612,110,14-12-2025 01:00,14-12-2025 04:00,Scheduled Maintenance
3613,21,31-03-2025 16:00,31-03-2025 19:00,Gearbox Failure
3614,108,24-03-2025 14:00,24-03-2025 18:00,Generator Failure
3615,9,18-05-2025 08:00,18-05-2025 18:00,Scheduled Maintenance
3616,12,06-07-2025 15:00,07-07-2025 01:00,Blade Inspection
3617,10,21-07-2025 12:00,21-07-2025 17:00,Scheduled Maintenance
3618,141,10-04-2025 04:00,10-04-2025 14:00,Scheduled Maintenance
3619,95,16-03-2025 10:00,16-03-2025 14:00,Scheduled Maintenance
3620,94,09-06-2025 03:00,09-06-2025 12:00,Blade Inspection
3621,9,24-01-2025 12:00,24-01-2025 23:00,Gearbox Failure
3622,100,02-01-2025 11:00,02-01-2025 18:00,Sensor Fault
3623,107,08-08-2025 20:00,08-08-2025 22:00,Sensor Fault
3624,2,15-07-2025 17:00,15-07-2025 21:00,Sensor Fault
3625,127,15-11-2025 03:00,15-11-2025 05:00,Sensor Fault
3626,10,04-12-2025 05:00,04-12-2025 07:00,Sensor Fault
3627,81,06-10-2025 03:00,06-10-2025 11:00,Sensor Fault
3628,39,20-01-2025 18:00,21-01-2025 05:00,Scheduled Maintenance
3629,31,21-03-2025 17:00,22-03-2025 01:00,Sensor Fault
3630,91,30-04-2025 23:00,01-05-2025 07:00,Sensor Fault
3631,77,05-07-2025 10:00,05-07-2025 11:00,Sensor Fault
3632,64,26-02-2025 07:00,26-02-2025 18:00,Sensor Fault
3633,143,28-05-2025 20:00,28-05-2025 23:00,Generator Failure
3634,40,31-07-2025 16:00,01-08-2025 02:00,Gearbox Failure
3635,52,31-01-2025 09:00,31-01-2025 19:00,Sensor Fault
3636,103,12-07-2025 13:00,12-07-2025 19:00,Sensor Fault
3637,57,01-01-2025 11:00,01-01-2025 20:00,Generator Failure
3638,24,13-07-2025 05:00,13-07-2025 16:00,Scheduled Maintenance
3639,138,24-09-2025 17:00,25-09-2025 01:00,Scheduled Maintenance
3640,6,16-11-2025 23:00,17-11-2025 02:00,Gearbox Failure
3641,133,26-02-2025 04:00,26-02-2025 14:00,Blade Inspection
3642,31,04-04-2025 13:00,04-04-2025 21:00,Scheduled Maintenance
3643,146,30-08-2025 22:00,31-08-2025 03:00,Generator Failure
3644,76,28-04-2025 07:00,28-04-2025 09:00,Sensor Fault
3645,59,05-11-2025 08:00,05-11-2025 12:00,Generator Failure
3646,135,18-02-2025 04:00,18-02-2025 11:00,Gearbox Failure
3647,73,05-01-2025 02:00,05-01-2025 10:00,Generator Failure
3648,124,19-06-2025 15:00,19-06-2025 21:00,Scheduled Maintenance
3649,123,07-12-2025 20:00,08-12-2025 07:00,Scheduled Maintenance
3650,78,19-01-2025 12:00,19-01-2025 16:00,Blade Inspection
3651,46,14-05-2025 23:00,15-05-2025 07:00,Blade Inspection
3652,123,02-09-2025 01:00,02-09-2025 04:00,Blade Inspection
3653,8,20-07-2025 05:00,20-07-2025 11:00,Sensor Fault
3654,65,05-03-2025 01:00,05-03-2025 07:00,Scheduled Maintenance
3655,21,30-11-2025 16:00,01-12-2025 02:00,Gearbox Failure
3656,149,27-01-2025 12:00,27-01-2025 13:00,Scheduled Maintenance
3657,52,15-07-2025 01:00,15-07-2025 03:00,Generator Failure
3658,133,03-11-2025 15:00,04-11-2025 01:00,Generator Failure
3659,50,06-12-2025 08:00,06-12-2025 13:00,Sensor Fault
3660,144,13-06-2025 19:00,14-06-2025 05:00,Gearbox Failure
3661,48,22-03-2025 06:00,22-03-2025 16:00,Sensor Fault
3662,108,15-03-2025 01:00,15-03-2025 03:00,Generator Failure
3663,22,21-07-2025 03:00,21-07-2025 09:00,Scheduled Maintenance
3664,97,07-06-2025 14:00,07-06-2025 18:00,Blade Inspection
3665,21,02-05-2025 09:00,02-05-2025 15:00,Blade Inspection
3666,54,17-05-2025 21:00,18-05-2025 01:00,Generator Failure
3667,130,09-03-2025 07:00,09-03-2025 08:00,Generator Failure
3668,28,05-08-2025 00:00,05-08-2025 10:00,Blade Inspection
3669,117,12-06-2025 20:00,13-06-2025 03:00,Sensor Fault
3670,146,13-01-2025 22:00,14-01-2025 00:00,Generator Failure
3671,77,16-03-2025 09:00,16-03-2025 14:00,Scheduled Maintenance
3672,22,09-07-2025 23:00,10-07-2025 03:00,Scheduled Maintenance
3673,55,13-07-2025 05:00,13-07-2025 13:00,Gearbox Failure
3674,25,22-07-2025 05:00,22-07-2025 11:00,Gearbox Failure
3675,88,23-05-2025 04:00,23-05-2025 10:00,Scheduled Maintenance
3676,137,21-05-2025 00:00,21-05-2025 01:00,Blade Inspection
3677,47,06-09-2025 07:00,06-09-2025 16:00,Generator Failure
3678,24,03-09-2025 05:00,03-09-2025 08:00,Scheduled Maintenance
3679,123,27-08-2025 00:00,27-08-2025 05:00,Gearbox Failure
3680,16,04-02-2025 21:00,05-02-2025 05:00,Blade Inspection
3681,80,15-10-2025 10:00,15-10-2025 20:00,Generator Failure
3682,89,19-09-2025 22:00,20-09-2025 08:00,Generator Failure
3683,76,19-08-2025 20:00,20-08-2025 06:00,Generator Failure
3684,101,19-06-2025 04:00,19-06-2025 15:00,Blade Inspection
3685,112,24-01-2025 21:00,25-01-2025 05:00,Sensor Fault
3686,99,23-07-2025 17:00,24-07-2025 04:00,Gearbox Failure
3687,111,25-08-2025 23:00,26-08-2025 07:00,Scheduled Maintenance
3688,78,24-06-2025 06:00,24-06-2025 08:00,Gearbox Failure
3689,133,21-07-2025 14:00,21-07-2025 21:00,Generator Failure
3690,25,13-04-2025 07:00,13-04-2025 18:00,Scheduled Maintenance
3691,83,06-11-2025 16:00,07-11-2025 02:00,Scheduled Maintenance
3692,57,12-08-2025 16:00,12-08-2025 23:00,Generator Failure
3693,32,18-05-2025 12:00,18-05-2025 19:00,Sensor Fault
3694,107,18-09-2025 12:00,18-09-2025 22:00,Blade Inspection
3695,148,25-03-2025 11:00,25-03-2025 17:00,Blade Inspection
3696,45,10-08-2025 13:00,10-08-2025 18:00,Blade Inspection
3697,110,17-06-2025 13:00,17-06-2025 19:00,Generator Failure
3698,23,08-11-2025 02:00,08-11-2025 05:00,Sensor Fault
3699,7,28-07-2025 21:00,29-07-2025 06:00,Sensor Fault
3700,47,14-01-2025 21:00,15-01-2025 01:00,Gearbox Failure
3701,97,25-10-2025 11:00,25-10-2025 17:00,Scheduled Maintenance
3702,17,09-06-2025 14:00,09-06-2025 20:00,Blade Inspection
3703,52,30-11-2025 12:00,30-11-2025 17:00,Scheduled Maintenance
3704,39,13-08-2025 08:00,13-08-2025 10:00,Gearbox Failure
3705,100,05-09-2025 07:00,05-09-2025 15:00,Blade Inspection
3706,65,21-11-2025 13:00,21-11-2025 22:00,Sensor Fault
3707,124,28-01-2025 14:00,28-01-2025 23:00,Blade Inspection
3708,89,18-07-2025 14:00,19-07-2025 01:00,Sensor Fault
3709,70,10-02-2025 06:00,10-02-2025 17:00,Gearbox Failure
3710,107,28-09-2025 15:00,28-09-2025 18:00,Scheduled Maintenance
3711,144,03-02-2025 16:00,03-02-2025 22:00,Scheduled Maintenance
3712,101,27-12-2025 15:00,28-12-2025 02:00,Scheduled Maintenance
3713,17,24-10-2025 07:00,24-10-2025 18:00,Gearbox Failure
3714,19,31-12-2025 16:00,31-12-2025 18:00,Scheduled Maintenance
3715,130,27-05-2025 15:00,27-05-2025 20:00,Sensor Fault
3716,75,29-05-2025 17:00,30-05-2025 00:00,Blade Inspection
3717,92,09-11-2025 15:00,09-11-2025 22:00,Blade Inspection
3718,21,08-06-2025 23:00,09-06-2025 02:00,Scheduled Maintenance
3719,30,02-02-2025 17:00,03-02-2025 01:00,Blade Inspection
3720,45,16-02-2025 04:00,16-02-2025 08:00,Scheduled Maintenance
3721,91,18-11-2025 12:00,18-11-2025 19:00,Sensor Fault
3722,110,27-10-2025 07:00,27-10-2025 12:00,Sensor Fault
3723,77,23-02-2025 20:00,24-02-2025 01:00,Sensor Fault
3724,59,20-12-2025 09:00,20-12-2025 16:00,Gearbox Failure
3725,47,02-02-2025 06:00,02-02-2025 12:00,Generator Failure
3726,150,05-07-2025 20:00,06-07-2025 03:00,Generator Failure
3727,41,28-12-2025 08:00,28-12-2025 09:00,Sensor Fault
3728,137,12-01-2025 16:00,13-01-2025 03:00,Generator Failure
3729,6,24-12-2025 13:00,24-12-2025 21:00,Generator Failure
3730,51,25-04-2025 00:00,25-04-2025 10:00,Sensor Fault
3731,49,02-01-2025 02:00,02-01-2025 08:00,Generator Failure
3732,100,28-06-2025 23:00,29-06-2025 10:00,Generator Failure
3733,107,01-01-2025 12:00,01-01-2025 21:00,Generator Failure
3734,60,04-10-2025 12:00,04-10-2025 14:00,Gearbox Failure
3735,6,04-03-2025 01:00,04-03-2025 12:00,Gearbox Failure
3736,98,25-10-2025 03:00,25-10-2025 09:00,Blade Inspection
3737,41,12-07-2025 09:00,12-07-2025 14:00,Sensor Fault
3738,25,09-11-2025 22:00,10-11-2025 06:00,Blade Inspection
3739,90,02-04-2025 04:00,02-04-2025 06:00,Blade Inspection
3740,1,07-04-2025 17:00,08-04-2025 01:00,Scheduled Maintenance
3741,133,29-09-2025 17:00,29-09-2025 21:00,Sensor Fault
3742,102,01-03-2025 17:00,02-03-2025 04:00,Gearbox Failure
3743,22,04-04-2025 18:00,05-04-2025 01:00,Gearbox Failure
3744,39,12-11-2025 01:00,12-11-2025 06:00,Generator Failure
3745,60,21-03-2025 11:00,21-03-2025 16:00,Blade Inspection
3746,29,18-10-2025 00:00,18-10-2025 05:00,Gearbox Failure
3747,121,13-10-2025 19:00,14-10-2025 05:00,Blade Inspection
3748,72,08-10-2025 04:00,08-10-2025 11:00,Scheduled Maintenance
3749,13,12-01-2025 14:00,12-01-2025 18:00,Generator Failure
3750,113,27-03-2025 12:00,27-03-2025 17:00,Generator Failure
3751,47,10-09-2025 01:00,10-09-2025 06:00,Generator Failure
3752,24,31-07-2025 05:00,31-07-2025 13:00,Scheduled Maintenance
3753,69,02-10-2025 19:00,03-10-2025 04:00,Blade Inspection
3754,43,12-07-2025 12:00,12-07-2025 14:00,Generator Failure
3755,81,18-02-2025 16:00,18-02-2025 21:00,Sensor Fault
3756,23,14-01-2025 00:00,14-01-2025 11:00,Gearbox Failure
3757,31,28-11-2025 19:00,29-11-2025 06:00,Blade Inspection
3758,9,08-12-2025 17:00,08-12-2025 22:00,Generator Failure
3759,90,19-10-2025 00:00,19-10-2025 03:00,Generator Failure
3760,58,29-09-2025 19:00,29-09-2025 21:00,Gearbox Failure
3761,131,30-12-2025 03:00,30-12-2025 06:00,Scheduled Maintenance
3762,71,26-08-2025 02:00,26-08-2025 06:00,Blade Inspection
3763,91,26-08-2025 03:00,26-08-2025 08:00,Gearbox Failure
3764,44,24-08-2025 00:00,24-08-2025 10:00,Sensor Fault
3765,55,04-12-2025 17:00,04-12-2025 21:00,Generator Failure
3766,119,29-07-2025 15:00,29-07-2025 23:00,Generator Failure
3767,38,18-10-2025 23:00,19-10-2025 00:00,Blade Inspection
3768,44,07-12-2025 04:00,07-12-2025 12:00,Blade Inspection
3769,76,27-03-2025 10:00,27-03-2025 15:00,Scheduled Maintenance
3770,66,14-04-2025 22:00,15-04-2025 06:00,Gearbox Failure
3771,95,17-09-2025 05:00,17-09-2025 10:00,Generator Failure
3772,29,14-07-2025 00:00,14-07-2025 03:00,Generator Failure
3773,136,06-11-2025 19:00,07-11-2025 03:00,Sensor Fault
3774,70,17-05-2025 11:00,17-05-2025 14:00,Blade Inspection
3775,96,20-01-2025 20:00,20-01-2025 23:00,Gearbox Failure
3776,11,08-06-2025 23:00,09-06-2025 09:00,Scheduled Maintenance
3777,74,23-07-2025 20:00,24-07-2025 07:00,Scheduled Maintenance
3778,114,22-02-2025 12:00,22-02-2025 23:00,Scheduled Maintenance
3779,88,15-09-2025 10:00,15-09-2025 17:00,Scheduled Maintenance
3780,118,23-01-2025 05:00,23-01-2025 08:00,Generator Failure
3781,121,06-03-2025 02:00,06-03-2025 11:00,Sensor Fault
3782,8,13-06-2025 23:00,14-06-2025 04:00,Gearbox Failure
3783,57,23-12-2025 00:00,23-12-2025 10:00,Scheduled Maintenance
3784,92,24-03-2025 04:00,24-03-2025 15:00,Sensor Fault
3785,22,27-10-2025 10:00,27-10-2025 14:00,Generator Failure
3786,46,16-06-2025 07:00,16-06-2025 12:00,Generator Failure
3787,57,05-04-2025 01:00,05-04-2025 02:00,Sensor Fault
3788,54,21-04-2025 15:00,21-04-2025 20:00,Sensor Fault
3789,128,04-10-2025 22:00,04-10-2025 23:00,Sensor Fault
3790,107,02-04-2025 05:00,02-04-2025 09:00,Scheduled Maintenance
3791,10,28-03-2025 23:00,29-03-2025 10:00,Generator Failure
3792,55,15-01-2025 08:00,15-01-2025 16:00,Sensor Fault
3793,96,01-04-2025 02:00,01-04-2025 08:00,Sensor Fault
3794,90,21-02-2025 17:00,22-02-2025 00:00,Scheduled Maintenance
3795,21,13-10-2025 10:00,13-10-2025 14:00,Generator Failure
3796,125,21-10-2025 12:00,21-10-2025 16:00,Scheduled Maintenance
3797,76,02-12-2025 06:00,02-12-2025 13:00,Blade Inspection
3798,80,21-03-2025 07:00,21-03-2025 12:00,Blade Inspection
3799,116,24-02-2025 05:00,24-02-2025 11:00,Generator Failure
3800,130,03-02-2025 10:00,03-02-2025 18:00,Blade Inspection
3801,21,26-05-2025 12:00,26-05-2025 23:00,Scheduled Maintenance
3802,64,19-11-2025 21:00,20-11-2025 03:00,Gearbox Failure
3803,24,23-02-2025 19:00,23-02-2025 23:00,Blade Inspection
3804,70,18-02-2025 18:00,19-02-2025 04:00,Gearbox Failure
3805,48,10-03-2025 20:00,11-03-2025 04:00,Gearbox Failure
3806,125,28-07-2025 20:00,29-07-2025 05:00,Sensor Fault
3807,31,22-11-2025 14:00,22-11-2025 23:00,Blade Inspection
3808,146,27-03-2025 03:00,27-03-2025 09:00,Generator Failure
3809,131,04-12-2025 10:00,04-12-2025 14:00,Sensor Fault
3810,116,25-11-2025 03:00,25-11-2025 06:00,Blade Inspection
3811,109,25-02-2025 02:00,25-02-2025 11:00,Generator Failure
3812,57,10-12-2025 10:00,10-12-2025 21:00,Scheduled Maintenance
3813,75,13-12-2025 08:00,13-12-2025 18:00,Scheduled Maintenance
3814,125,28-09-2025 16:00,29-09-2025 00:00,Generator Failure
3815,81,02-07-2025 19:00,03-07-2025 04:00,Blade Inspection
3816,52,01-07-2025 01:00,01-07-2025 12:00,Scheduled Maintenance
3817,21,11-03-2025 22:00,12-03-2025 03:00,Gearbox Failure
3818,117,24-08-2025 18:00,25-08-2025 01:00,Blade Inspection
3819,38,24-11-2025 12:00,24-11-2025 16:00,Gearbox Failure
3820,107,07-05-2025 09:00,07-05-2025 15:00,Scheduled Maintenance
3821,44,25-02-2025 23:00,26-02-2025 05:00,Gearbox Failure
3822,27,15-12-2025 17:00,15-12-2025 19:00,Gearbox Failure
3823,140,21-04-2025 18:00,22-04-2025 02:00,Blade Inspection
3824,125,15-01-2025 00:00,15-01-2025 06:00,Scheduled Maintenance
3825,129,06-11-2025 05:00,06-11-2025 15:00,Blade Inspection
3826,146,06-03-2025 04:00,06-03-2025 13:00,Scheduled Maintenance
3827,130,01-02-2025 13:00,01-02-2025 16:00,Sensor Fault
3828,59,13-06-2025 00:00,13-06-2025 02:00,Blade Inspection
3829,30,02-11-2025 23:00,03-11-2025 01:00,Gearbox Failure
3830,107,23-07-2025 21:00,24-07-2025 06:00,Gearbox Failure
3831,99,13-03-2025 21:00,14-03-2025 03:00,Generator Failure
3832,62,02-12-2025 17:00,03-12-2025 02:00,Sensor Fault
3833,33,05-11-2025 13:00,05-11-2025 16:00,Scheduled Maintenance
3834,104,21-12-2025 09:00,21-12-2025 14:00,Scheduled Maintenance
3835,137,23-01-2025 04:00,23-01-2025 14:00,Sensor Fault
3836,80,22-08-2025 16:00,22-08-2025 18:00,Sensor Fault
3837,69,29-05-2025 10:00,29-05-2025 13:00,Scheduled Maintenance
3838,57,31-08-2025 07:00,31-08-2025 10:00,Generator Failure
3839,23,24-11-2025 02:00,24-11-2025 07:00,Blade Inspection
3840,28,26-02-2025 18:00,27-02-2025 00:00,Sensor Fault
3841,133,06-02-2025 18:00,06-02-2025 21:00,Generator Failure
3842,13,14-11-2025 14:00,15-11-2025 00:00,Blade Inspection
3843,48,23-06-2025 04:00,23-06-2025 15:00,Gearbox Failure
3844,145,16-10-2025 08:00,16-10-2025 18:00,Scheduled Maintenance
3845,48,06-12-2025 11:00,06-12-2025 22:00,Generator Failure
3846,97,31-01-2025 11:00,31-01-2025 22:00,Generator Failure
3847,95,15-08-2025 22:00,16-08-2025 03:00,Gearbox Failure
3848,82,11-03-2025 15:00,11-03-2025 17:00,Generator Failure
3849,113,09-05-2025 10:00,09-05-2025 13:00,Generator Failure
3850,46,06-10-2025 11:00,06-10-2025 20:00,Gearbox Failure
3851,51,30-04-2025 21:00,01-05-2025 02:00,Blade Inspection
3852,97,31-03-2025 00:00,31-03-2025 11:00,Generator Failure
3853,50,02-07-2025 19:00,03-07-2025 03:00,Sensor Fault
3854,59,13-06-2025 02:00,13-06-2025 10:00,Gearbox Failure
3855,117,26-03-2025 23:00,27-03-2025 02:00,Sensor Fault
3856,17,25-07-2025 14:00,25-07-2025 21:00,Blade Inspection
3857,43,07-09-2025 04:00,07-09-2025 10:00,Blade Inspection
3858,70,17-10-2025 19:00,18-10-2025 01:00,Generator Failure
3859,8,14-11-2025 11:00,14-11-2025 18:00,Blade Inspection
3860,88,24-09-2025 05:00,24-09-2025 11:00,Sensor Fault
3861,79,01-12-2025 11:00,01-12-2025 16:00,Generator Failure
3862,27,20-10-2025 00:00,20-10-2025 03:00,Blade Inspection
3863,100,25-09-2025 08:00,25-09-2025 13:00,Blade Inspection
3864,35,03-04-2025 08:00,03-04-2025 19:00,Scheduled Maintenance
3865,85,27-12-2025 16:00,27-12-2025 18:00,Scheduled Maintenance
3866,138,22-10-2025 09:00,22-10-2025 20:00,Scheduled Maintenance
3867,87,15-10-2025 01:00,15-10-2025 09:00,Sensor Fault
3868,51,24-01-2025 10:00,24-01-2025 16:00,Gearbox Failure
3869,105,11-12-2025 03:00,11-12-2025 13:00,Gearbox Failure
3870,100,29-12-2025 09:00,29-12-2025 20:00,Gearbox Failure
3871,5,20-08-2025 07:00,20-08-2025 16:00,Blade Inspection
3872,120,28-05-2025 14:00,28-05-2025 17:00,Sensor Fault
3873,93,07-02-2025 12:00,07-02-2025 16:00,Sensor Fault
3874,79,18-05-2025 11:00,18-05-2025 22:00,Gearbox Failure
3875,137,17-10-2025 10:00,17-10-2025 12:00,Sensor Fault
3876,51,10-07-2025 07:00,10-07-2025 15:00,Blade Inspection
3877,37,15-03-2025 01:00,15-03-2025 08:00,Generator Failure
3878,124,26-07-2025 06:00,26-07-2025 11:00,Sensor Fault
3879,3,26-06-2025 13:00,26-06-2025 20:00,Blade Inspection
3880,111,31-08-2025 09:00,31-08-2025 18:00,Scheduled Maintenance
3881,140,01-01-2025 07:00,01-01-2025 14:00,Gearbox Failure
3882,29,09-11-2025 18:00,10-11-2025 03:00,Gearbox Failure
3883,30,18-10-2025 18:00,19-10-2025 00:00,Blade Inspection
3884,111,03-06-2025 01:00,03-06-2025 04:00,Scheduled Maintenance
3885,76,02-12-2025 11:00,02-12-2025 14:00,Sensor Fault
3886,110,14-12-2025 19:00,14-12-2025 22:00,Blade Inspection
3887,10,29-09-2025 13:00,29-09-2025 15:00,Generator Failure
3888,71,12-12-2025 19:00,12-12-2025 22:00,Generator Failure
3889,102,13-06-2025 19:00,14-06-2025 04:00,Generator Failure
3890,113,11-12-2025 00:00,11-12-2025 01:00,Gearbox Failure
3891,71,26-05-2025 02:00,26-05-2025 08:00,Generator Failure
3892,99,01-11-2025 14:00,02-11-2025 01:00,Generator Failure
3893,29,18-01-2025 17:00,19-01-2025 00:00,Generator Failure
3894,39,16-01-2025 18:00,17-01-2025 03:00,Sensor Fault
3895,102,12-07-2025 22:00,13-07-2025 06:00,Sensor Fault
3896,113,20-09-2025 07:00,20-09-2025 12:00,Sensor Fault
3897,12,17-09-2025 03:00,17-09-2025 06:00,Gearbox Failure
3898,118,26-11-2025 20:00,27-11-2025 06:00,Scheduled Maintenance
3899,124,01-06-2025 11:00,01-06-2025 16:00,Gearbox Failure
3900,39,09-06-2025 03:00,09-06-2025 07:00,Gearbox Failure
3901,70,23-01-2025 23:00,24-01-2025 02:00,Generator Failure
3902,48,19-06-2025 07:00,19-06-2025 12:00,Blade Inspection
3903,120,06-05-2025 13:00,06-05-2025 18:00,Scheduled Maintenance
3904,108,28-07-2025 03:00,28-07-2025 10:00,Gearbox Failure
3905,65,24-01-2025 22:00,25-01-2025 03:00,Scheduled Maintenance
3906,79,07-11-2025 18:00,07-11-2025 19:00,Generator Failure
3907,122,16-06-2025 12:00,16-06-2025 17:00,Scheduled Maintenance
3908,31,17-08-2025 07:00,17-08-2025 16:00,Blade Inspection
3909,10,30-12-2025 06:00,30-12-2025 14:00,Blade Inspection
3910,132,17-05-2025 08:00,17-05-2025 17:00,Sensor Fault
3911,42,18-09-2025 05:00,18-09-2025 16:00,Scheduled Maintenance
3912,132,09-12-2025 19:00,10-12-2025 00:00,Blade Inspection
3913,97,28-01-2025 10:00,28-01-2025 17:00,Scheduled Maintenance
3914,35,23-01-2025 08:00,23-01-2025 11:00,Gearbox Failure
3915,14,09-07-2025 20:00,10-07-2025 01:00,Scheduled Maintenance
3916,148,30-11-2025 09:00,30-11-2025 16:00,Sensor Fault
3917,66,03-07-2025 02:00,03-07-2025 08:00,Scheduled Maintenance
3918,97,21-10-2025 08:00,21-10-2025 18:00,Scheduled Maintenance
3919,102,15-12-2025 19:00,16-12-2025 03:00,Generator Failure
3920,61,06-02-2025 05:00,06-02-2025 16:00,Gearbox Failure
3921,111,27-02-2025 07:00,27-02-2025 13:00,Sensor Fault
3922,24,17-12-2025 00:00,17-12-2025 01:00,Gearbox Failure
3923,142,19-11-2025 07:00,19-11-2025 09:00,Gearbox Failure
3924,144,11-06-2025 08:00,11-06-2025 12:00,Blade Inspection
3925,4,17-04-2025 00:00,17-04-2025 01:00,Blade Inspection
3926,78,13-01-2025 10:00,13-01-2025 14:00,Generator Failure
3927,70,07-04-2025 10:00,07-04-2025 20:00,Gearbox Failure
3928,124,17-01-2025 12:00,17-01-2025 22:00,Gearbox Failure
3929,123,25-07-2025 09:00,25-07-2025 20:00,Blade Inspection
3930,69,18-02-2025 00:00,18-02-2025 08:00,Gearbox Failure
3931,107,04-10-2025 15:00,04-10-2025 18:00,Sensor Fault
3932,9,11-03-2025 08:00,11-03-2025 19:00,Scheduled Maintenance
3933,84,06-12-2025 22:00,07-12-2025 05:00,Blade Inspection
3934,114,02-07-2025 00:00,02-07-2025 10:00,Generator Failure
3935,122,15-11-2025 12:00,15-11-2025 22:00,Generator Failure
3936,24,15-02-2025 20:00,16-02-2025 02:00,Generator Failure
3937,89,03-11-2025 06:00,03-11-2025 10:00,Gearbox Failure
3938,39,05-06-2025 20:00,06-06-2025 05:00,Scheduled Maintenance
3939,135,18-04-2025 00:00,18-04-2025 06:00,Sensor Fault
3940,147,31-05-2025 01:00,31-05-2025 04:00,Blade Inspection
3941,12,10-06-2025 15:00,10-06-2025 22:00,Gearbox Failure
3942,137,14-09-2025 04:00,14-09-2025 09:00,Generator Failure
3943,34,17-02-2025 19:00,17-02-2025 20:00,Generator Failure
3944,52,31-05-2025 06:00,31-05-2025 07:00,Blade Inspection
3945,71,11-05-2025 15:00,12-05-2025 00:00,Scheduled Maintenance
3946,9,05-02-2025 18:00,06-02-2025 02:00,Gearbox Failure
3947,65,26-07-2025 14:00,26-07-2025 22:00,Blade Inspection
3948,21,28-01-2025 17:00,29-01-2025 00:00,Generator Failure
3949,112,18-07-2025 13:00,18-07-2025 16:00,Scheduled Maintenance
3950,37,03-08-2025 17:00,04-08-2025 04:00,Sensor Fault
3951,36,01-10-2025 07:00,01-10-2025 13:00,Sensor Fault
3952,127,19-03-2025 00:00,19-03-2025 06:00,Blade Inspection
3953,6,07-04-2025 17:00,08-04-2025 04:00,Gearbox Failure
3954,141,29-01-2025 06:00,29-01-2025 13:00,Generator Failure
3955,133,15-01-2025 13:00,15-01-2025 23:00,Generator Failure
3956,83,11-11-2025 22:00,12-11-2025 05:00,Blade Inspection
3957,61,30-08-2025 13:00,30-08-2025 17:00,Gearbox Failure
3958,90,19-01-2025 10:00,19-01-2025 12:00,Gearbox Failure
3959,106,23-11-2025 23:00,24-11-2025 10:00,Generator Failure
3960,20,01-02-2025 01:00,01-02-2025 03:00,Sensor Fault
3961,85,21-02-2025 23:00,22-02-2025 07:00,Generator Failure
3962,18,20-07-2025 08:00,20-07-2025 15:00,Sensor Fault
3963,129,06-06-2025 07:00,06-06-2025 15:00,Gearbox Failure
3964,15,20-12-2025 22:00,21-12-2025 00:00,Generator Failure
3965,49,10-07-2025 22:00,11-07-2025 06:00,Generator Failure
3966,34,18-08-2025 19:00,18-08-2025 22:00,Sensor Fault
3967,119,07-02-2025 19:00,08-02-2025 04:00,Gearbox Failure
3968,62,27-09-2025 09:00,27-09-2025 10:00,Sensor Fault
3969,3,12-08-2025 13:00,12-08-2025 20:00,Gearbox Failure
3970,35,27-06-2025 19:00,28-06-2025 03:00,Gearbox Failure
3971,95,02-09-2025 07:00,02-09-2025 09:00,Scheduled Maintenance
3972,116,30-11-2025 08:00,30-11-2025 15:00,Gearbox Failure
3973,120,05-06-2025 02:00,05-06-2025 06:00,Blade Inspection
3974,101,29-03-2025 03:00,29-03-2025 14:00,Blade Inspection
3975,97,11-07-2025 08:00,11-07-2025 14:00,Blade Inspection
3976,142,01-04-2025 11:00,01-04-2025 17:00,Gearbox Failure
3977,122,02-11-2025 05:00,02-11-2025 06:00,Generator Failure
3978,118,15-03-2025 07:00,15-03-2025 10:00,Gearbox Failure
3979,76,18-06-2025 10:00,18-06-2025 18:00,Gearbox Failure
3980,119,01-05-2025 03:00,01-05-2025 04:00,Sensor Fault
3981,31,28-01-2025 15:00,28-01-2025 21:00,Scheduled Maintenance
3982,98,28-01-2025 09:00,28-01-2025 18:00,Scheduled Maintenance
3983,32,15-10-2025 15:00,15-10-2025 21:00,Blade Inspection
3984,6,24-07-2025 21:00,25-07-2025 04:00,Sensor Fault
3985,28,02-05-2025 07:00,02-05-2025 18:00,Sensor Fault
3986,104,25-11-2025 20:00,26-11-2025 03:00,Sensor Fault
3987,80,07-05-2025 06:00,07-05-2025 07:00,Generator Failure
3988,110,27-07-2025 14:00,27-07-2025 22:00,Generator Failure
3989,94,04-01-2025 14:00,04-01-2025 16:00,Generator Failure
3990,3,25-09-2025 03:00,25-09-2025 07:00,Generator Failure
3991,15,18-07-2025 12:00,18-07-2025 21:00,Generator Failure
3992,125,11-08-2025 14:00,12-08-2025 01:00,Blade Inspection
3993,127,18-11-2025 05:00,18-11-2025 15:00,Gearbox Failure
3994,25,31-03-2025 14:00,31-03-2025 16:00,Scheduled Maintenance
3995,17,06-05-2025 01:00,06-05-2025 03:00,Scheduled Maintenance
3996,102,13-12-2025 16:00,13-12-2025 23:00,Gearbox Failure
3997,118,03-11-2025 19:00,04-11-2025 01:00,Generator Failure
3998,54,09-07-2025 19:00,09-07-2025 22:00,Generator Failure
3999,95,02-05-2025 15:00,02-05-2025 18:00,Gearbox Failure
4000,147,23-09-2025 21:00,24-09-2025 03:00,Scheduled Maintenance
4001,105,27-06-2025 14:00,27-06-2025 15:00,Scheduled Maintenance
4002,108,12-09-2025 04:00,12-09-2025 15:00,Blade Inspection
4003,101,02-12-2025 16:00,02-12-2025 19:00,Generator Failure
4004,117,17-05-2025 16:00,18-05-2025 01:00,Sensor Fault
4005,77,16-11-2025 01:00,16-11-2025 08:00,Gearbox Failure
4006,46,20-10-2025 16:00,20-10-2025 18:00,Sensor Fault
4007,125,19-07-2025 05:00,19-07-2025 16:00,Gearbox Failure
4008,64,17-10-2025 14:00,17-10-2025 15:00,Generator Failure
4009,143,27-12-2025 09:00,27-12-2025 17:00,Scheduled Maintenance
4010,85,06-08-2025 23:00,07-08-2025 01:00,Blade Inspection
4011,80,22-08-2025 22:00,23-08-2025 02:00,Generator Failure
4012,66,21-01-2025 07:00,21-01-2025 13:00,Gearbox Failure
4013,25,09-04-2025 23:00,10-04-2025 03:00,Scheduled Maintenance
4014,141,13-11-2025 06:00,13-11-2025 13:00,Sensor Fault
4015,35,31-08-2025 06:00,31-08-2025 08:00,Gearbox Failure
4016,98,13-09-2025 06:00,13-09-2025 13:00,Gearbox Failure
4017,33,06-07-2025 23:00,07-07-2025 03:00,Gearbox Failure
4018,115,27-05-2025 10:00,27-05-2025 15:00,Sensor Fault
4019,60,29-04-2025 19:00,29-04-2025 22:00,Gearbox Failure
4020,112,02-02-2025 04:00,02-02-2025 12:00,Scheduled Maintenance
4021,40,02-03-2025 16:00,03-03-2025 01:00,Sensor Fault
4022,142,20-09-2025 00:00,20-09-2025 11:00,Generator Failure
4023,130,29-05-2025 15:00,29-05-2025 20:00,Generator Failure
4024,14,05-02-2025 09:00,05-02-2025 18:00,Blade Inspection
4025,89,11-11-2025 12:00,11-11-2025 17:00,Blade Inspection
4026,48,06-10-2025 19:00,07-10-2025 02:00,Scheduled Maintenance
4027,96,21-09-2025 05:00,21-09-2025 15:00,Scheduled Maintenance
4028,22,13-09-2025 23:00,14-09-2025 09:00,Blade Inspection
4029,11,04-06-2025 03:00,04-06-2025 08:00,Sensor Fault
4030,31,04-04-2025 06:00,04-04-2025 08:00,Gearbox Failure
4031,81,21-03-2025 08:00,21-03-2025 15:00,Scheduled Maintenance
4032,52,13-01-2025 02:00,13-01-2025 05:00,Scheduled Maintenance
4033,42,30-07-2025 04:00,30-07-2025 12:00,Blade Inspection
4034,28,30-08-2025 03:00,30-08-2025 13:00,Sensor Fault
4035,99,20-07-2025 09:00,20-07-2025 20:00,Blade Inspection
4036,143,10-09-2025 16:00,11-09-2025 01:00,Scheduled Maintenance
4037,16,12-02-2025 08:00,12-02-2025 19:00,Scheduled Maintenance
4038,43,05-09-2025 15:00,05-09-2025 21:00,Scheduled Maintenance
4039,52,10-08-2025 13:00,10-08-2025 17:00,Gearbox Failure
4040,75,15-10-2025 07:00,15-10-2025 17:00,Blade Inspection
4041,14,11-03-2025 06:00,11-03-2025 16:00,Blade Inspection
4042,126,21-11-2025 22:00,22-11-2025 04:00,Gearbox Failure
4043,121,31-12-2025 20:00,01-01-2026 07:00,Blade Inspection
4044,19,12-03-2025 03:00,12-03-2025 13:00,Gearbox Failure
4045,130,15-09-2025 11:00,15-09-2025 19:00,Blade Inspection
4046,22,06-02-2025 10:00,06-02-2025 19:00,Gearbox Failure
4047,92,25-08-2025 15:00,26-08-2025 02:00,Generator Failure
4048,31,27-03-2025 11:00,27-03-2025 21:00,Blade Inspection
4049,120,13-12-2025 13:00,13-12-2025 17:00,Gearbox Failure
4050,9,02-12-2025 12:00,02-12-2025 20:00,Sensor Fault
4051,71,10-10-2025 19:00,11-10-2025 02:00,Scheduled Maintenance
4052,95,04-12-2025 07:00,04-12-2025 16:00,Gearbox Failure
4053,13,17-06-2025 06:00,17-06-2025 08:00,Blade Inspection
4054,133,25-11-2025 15:00,26-11-2025 02:00,Blade Inspection
4055,3,24-07-2025 18:00,24-07-2025 20:00,Generator Failure
4056,101,31-10-2025 23:00,01-11-2025 05:00,Generator Failure
4057,71,07-04-2025 21:00,07-04-2025 22:00,Generator Failure
4058,68,12-06-2025 00:00,12-06-2025 04:00,Scheduled Maintenance
4059,11,12-05-2025 17:00,13-05-2025 04:00,Sensor Fault
4060,142,18-02-2025 00:00,18-02-2025 11:00,Gearbox Failure
4061,114,25-04-2025 07:00,25-04-2025 13:00,Sensor Fault
4062,100,09-01-2025 19:00,10-01-2025 01:00,Generator Failure
4063,72,17-11-2025 14:00,17-11-2025 20:00,Gearbox Failure
4064,113,06-04-2025 12:00,06-04-2025 21:00,Generator Failure
4065,44,03-04-2025 04:00,03-04-2025 12:00,Blade Inspection
4066,91,16-08-2025 04:00,16-08-2025 12:00,Generator Failure
4067,29,09-02-2025 05:00,09-02-2025 15:00,Blade Inspection
4068,19,08-08-2025 19:00,09-08-2025 06:00,Blade Inspection
4069,31,28-08-2025 01:00,28-08-2025 07:00,Sensor Fault
4070,60,20-09-2025 02:00,20-09-2025 06:00,Generator Failure
4071,122,19-05-2025 17:00,19-05-2025 19:00,Gearbox Failure
4072,66,07-02-2025 03:00,07-02-2025 04:00,Generator Failure
4073,75,04-03-2025 11:00,04-03-2025 22:00,Sensor Fault
4074,30,01-09-2025 20:00,02-09-2025 01:00,Scheduled Maintenance
4075,80,20-11-2025 02:00,20-11-2025 08:00,Gearbox Failure
4076,17,13-07-2025 02:00,13-07-2025 07:00,Blade Inspection
4077,93,10-04-2025 00:00,10-04-2025 10:00,Sensor Fault
4078,49,01-11-2025 21:00,02-11-2025 00:00,Gearbox Failure
4079,38,01-08-2025 19:00,02-08-2025 05:00,Scheduled Maintenance
4080,80,14-10-2025 06:00,14-10-2025 11:00,Scheduled Maintenance
4081,61,13-12-2025 09:00,13-12-2025 14:00,Sensor Fault
4082,84,12-12-2025 19:00,13-12-2025 01:00,Blade Inspection
4083,12,24-05-2025 20:00,25-05-2025 04:00,Blade Inspection
4084,143,25-08-2025 05:00,25-08-2025 16:00,Blade Inspection
4085,100,20-07-2025 04:00,20-07-2025 09:00,Generator Failure
4086,124,10-03-2025 16:00,11-03-2025 01:00,Gearbox Failure
4087,103,14-09-2025 22:00,15-09-2025 01:00,Generator Failure
4088,60,19-04-2025 00:00,19-04-2025 10:00,Gearbox Failure
4089,47,08-01-2025 05:00,08-01-2025 13:00,Gearbox Failure
4090,105,02-12-2025 06:00,02-12-2025 11:00,Gearbox Failure
4091,138,16-02-2025 18:00,17-02-2025 03:00,Gearbox Failure
4092,55,06-03-2025 07:00,06-03-2025 13:00,Generator Failure
4093,87,06-04-2025 03:00,06-04-2025 10:00,Gearbox Failure
4094,105,11-08-2025 03:00,11-08-2025 13:00,Generator Failure
4095,98,07-03-2025 19:00,08-03-2025 05:00,Scheduled Maintenance
4096,122,16-12-2025 14:00,16-12-2025 23:00,Generator Failure
4097,30,03-03-2025 21:00,04-03-2025 06:00,Scheduled Maintenance
4098,53,11-01-2025 14:00,11-01-2025 23:00,Generator Failure
4099,58,15-02-2025 06:00,15-02-2025 13:00,Sensor Fault
4100,98,02-03-2025 06:00,02-03-2025 12:00,Generator Failure
4101,74,03-03-2025 14:00,03-03-2025 23:00,Generator Failure
4102,84,25-05-2025 19:00,26-05-2025 05:00,Gearbox Failure
4103,117,13-08-2025 02:00,13-08-2025 08:00,Sensor Fault
4104,56,16-12-2025 06:00,16-12-2025 10:00,Sensor Fault
4105,61,04-10-2025 11:00,04-10-2025 14:00,Generator Failure
4106,132,06-03-2025 12:00,06-03-2025 18:00,Sensor Fault
4107,63,18-04-2025 15:00,19-04-2025 01:00,Scheduled Maintenance
4108,81,10-04-2025 22:00,11-04-2025 05:00,Blade Inspection
4109,89,09-01-2025 04:00,09-01-2025 08:00,Scheduled Maintenance
4110,89,18-04-2025 09:00,18-04-2025 19:00,Blade Inspection
4111,54,06-01-2025 07:00,06-01-2025 17:00,Scheduled Maintenance
4112,58,09-09-2025 07:00,09-09-2025 11:00,Gearbox Failure
4113,115,01-11-2025 09:00,01-11-2025 10:00,Scheduled Maintenance
4114,27,13-03-2025 07:00,13-03-2025 16:00,Sensor Fault
4115,69,11-02-2025 13:00,11-02-2025 18:00,Blade Inspection
4116,124,15-05-2025 21:00,16-05-2025 08:00,Gearbox Failure
4117,142,07-03-2025 19:00,07-03-2025 23:00,Blade Inspection
4118,74,21-11-2025 20:00,22-11-2025 02:00,Scheduled Maintenance
4119,57,19-06-2025 06:00,19-06-2025 11:00,Scheduled Maintenance
4120,67,27-01-2025 01:00,27-01-2025 10:00,Gearbox Failure
4121,143,07-08-2025 11:00,07-08-2025 14:00,Gearbox Failure
4122,85,28-02-2025 02:00,28-02-2025 11:00,Sensor Fault
4123,101,16-07-2025 00:00,16-07-2025 06:00,Scheduled Maintenance
4124,129,24-03-2025 03:00,24-03-2025 07:00,Generator Failure
4125,48,29-10-2025 11:00,29-10-2025 21:00,Generator Failure
4126,81,30-01-2025 15:00,30-01-2025 18:00,Gearbox Failure
4127,36,27-09-2025 21:00,28-09-2025 07:00,Sensor Fault
4128,22,29-07-2025 17:00,30-07-2025 02:00,Gearbox Failure
4129,95,19-04-2025 22:00,20-04-2025 06:00,Sensor Fault
4130,149,28-07-2025 12:00,28-07-2025 22:00,Sensor Fault
4131,130,11-09-2025 17:00,12-09-2025 01:00,Sensor Fault
4132,12,05-03-2025 22:00,06-03-2025 00:00,Blade Inspection
4133,43,31-08-2025 03:00,31-08-2025 13:00,Blade Inspection
4134,48,25-09-2025 11:00,25-09-2025 12:00,Blade Inspection
4135,69,02-02-2025 00:00,02-02-2025 04:00,Gearbox Failure
4136,127,20-12-2025 15:00,21-12-2025 01:00,Generator Failure
4137,125,10-03-2025 04:00,10-03-2025 09:00,Generator Failure
4138,11,16-01-2025 09:00,16-01-2025 11:00,Scheduled Maintenance
4139,25,16-02-2025 08:00,16-02-2025 15:00,Gearbox Failure
4140,62,29-09-2025 19:00,30-09-2025 05:00,Sensor Fault
4141,87,06-03-2025 01:00,06-03-2025 06:00,Sensor Fault
4142,143,29-08-2025 20:00,30-08-2025 01:00,Gearbox Failure
4143,89,24-08-2025 23:00,25-08-2025 10:00,Scheduled Maintenance
4144,64,29-03-2025 06:00,29-03-2025 12:00,Scheduled Maintenance
4145,63,21-06-2025 03:00,21-06-2025 08:00,Generator Failure
4146,46,17-01-2025 10:00,17-01-2025 20:00,Sensor Fault
4147,133,12-07-2025 11:00,12-07-2025 22:00,Scheduled Maintenance
4148,17,05-09-2025 00:00,05-09-2025 10:00,Generator Failure
4149,126,01-11-2025 06:00,01-11-2025 10:00,Blade Inspection
4150,145,24-08-2025 23:00,25-08-2025 07:00,Blade Inspection
4151,44,22-01-2025 22:00,23-01-2025 05:00,Blade Inspection
4152,86,24-01-2025 21:00,25-01-2025 05:00,Scheduled Maintenance
4153,15,23-05-2025 23:00,24-05-2025 09:00,Blade Inspection
4154,11,21-06-2025 23:00,22-06-2025 04:00,Gearbox Failure
4155,72,17-06-2025 22:00,18-06-2025 01:00,Sensor Fault
4156,108,06-12-2025 13:00,06-12-2025 16:00,Blade Inspection
4157,107,08-05-2025 02:00,08-05-2025 06:00,Sensor Fault
4158,99,27-01-2025 14:00,27-01-2025 20:00,Generator Failure
4159,150,09-12-2025 11:00,09-12-2025 21:00,Generator Failure
4160,110,15-04-2025 00:00,15-04-2025 03:00,Gearbox Failure
4161,98,22-09-2025 10:00,22-09-2025 13:00,Gearbox Failure
4162,46,10-04-2025 07:00,10-04-2025 13:00,Sensor Fault
4163,114,02-06-2025 10:00,02-06-2025 11:00,Generator Failure
4164,67,12-01-2025 11:00,12-01-2025 17:00,Scheduled Maintenance
4165,25,30-10-2025 12:00,30-10-2025 13:00,Gearbox Failure
4166,115,03-04-2025 12:00,03-04-2025 21:00,Blade Inspection
4167,65,02-11-2025 00:00,02-11-2025 04:00,Sensor Fault
4168,78,03-09-2025 14:00,03-09-2025 16:00,Blade Inspection
4169,1,04-03-2025 19:00,05-03-2025 06:00,Generator Failure
4170,104,15-10-2025 02:00,15-10-2025 10:00,Blade Inspection
4171,140,20-05-2025 06:00,20-05-2025 15:00,Blade Inspection
4172,107,15-07-2025 09:00,15-07-2025 11:00,Blade Inspection
4173,87,26-09-2025 23:00,27-09-2025 10:00,Blade Inspection
4174,92,12-12-2025 20:00,13-12-2025 07:00,Sensor Fault
4175,41,16-05-2025 12:00,16-05-2025 23:00,Blade Inspection
4176,126,26-08-2025 10:00,26-08-2025 16:00,Blade Inspection
4177,115,16-05-2025 14:00,17-05-2025 01:00,Sensor Fault
4178,23,25-10-2025 09:00,25-10-2025 18:00,Sensor Fault
4179,78,07-04-2025 22:00,08-04-2025 04:00,Blade Inspection
4180,104,03-11-2025 13:00,03-11-2025 20:00,Blade Inspection
4181,100,28-07-2025 20:00,29-07-2025 01:00,Scheduled Maintenance
4182,146,15-02-2025 07:00,15-02-2025 17:00,Generator Failure
4183,56,05-02-2025 14:00,05-02-2025 20:00,Sensor Fault
4184,59,26-07-2025 19:00,27-07-2025 04:00,Blade Inspection
4185,62,02-03-2025 13:00,02-03-2025 20:00,Generator Failure
4186,77,29-03-2025 20:00,30-03-2025 01:00,Gearbox Failure
4187,125,27-01-2025 17:00,27-01-2025 23:00,Gearbox Failure
4188,112,17-12-2025 01:00,17-12-2025 11:00,Generator Failure
4189,53,09-11-2025 15:00,09-11-2025 21:00,Scheduled Maintenance
4190,53,15-09-2025 10:00,15-09-2025 14:00,Generator Failure
4191,76,11-05-2025 05:00,11-05-2025 10:00,Blade Inspection
4192,129,26-04-2025 18:00,27-04-2025 04:00,Gearbox Failure
4193,21,05-11-2025 20:00,06-11-2025 01:00,Gearbox Failure
4194,139,17-07-2025 17:00,17-07-2025 20:00,Scheduled Maintenance
4195,21,16-04-2025 04:00,16-04-2025 15:00,Blade Inspection
4196,62,10-08-2025 00:00,10-08-2025 03:00,Blade Inspection
4197,131,21-08-2025 00:00,21-08-2025 06:00,Generator Failure
4198,108,12-07-2025 09:00,12-07-2025 10:00,Blade Inspection
4199,146,21-11-2025 14:00,21-11-2025 23:00,Gearbox Failure
4200,86,06-12-2025 19:00,07-12-2025 00:00,Sensor Fault
4201,11,23-09-2025 22:00,24-09-2025 03:00,Generator Failure
4202,33,16-12-2025 08:00,16-12-2025 11:00,Generator Failure
4203,42,14-07-2025 22:00,15-07-2025 02:00,Sensor Fault
4204,145,16-08-2025 05:00,16-08-2025 15:00,Generator Failure
4205,131,07-11-2025 04:00,07-11-2025 15:00,Generator Failure
4206,45,25-07-2025 14:00,25-07-2025 18:00,Blade Inspection
4207,52,07-11-2025 03:00,07-11-2025 11:00,Blade Inspection
4208,50,14-12-2025 20:00,15-12-2025 05:00,Scheduled Maintenance
4209,99,05-02-2025 05:00,05-02-2025 09:00,Generator Failure
4210,128,04-09-2025 02:00,04-09-2025 09:00,Scheduled Maintenance
4211,15,31-03-2025 19:00,31-03-2025 20:00,Generator Failure
4212,125,28-07-2025 17:00,28-07-2025 20:00,Gearbox Failure
4213,4,09-07-2025 17:00,10-07-2025 04:00,Blade Inspection
4214,36,20-06-2025 16:00,21-06-2025 03:00,Sensor Fault
4215,96,28-11-2025 05:00,28-11-2025 10:00,Sensor Fault
4216,78,11-01-2025 14:00,11-01-2025 18:00,Sensor Fault
4217,101,25-10-2025 14:00,25-10-2025 16:00,Generator Failure
4218,135,25-02-2025 12:00,25-02-2025 23:00,Sensor Fault
4219,61,13-06-2025 14:00,13-06-2025 17:00,Scheduled Maintenance
4220,113,14-04-2025 17:00,14-04-2025 23:00,Scheduled Maintenance
4221,33,11-06-2025 11:00,11-06-2025 15:00,Blade Inspection
4222,86,27-12-2025 11:00,27-12-2025 17:00,Gearbox Failure
4223,109,14-12-2025 09:00,14-12-2025 15:00,Generator Failure
4224,38,14-03-2025 08:00,14-03-2025 17:00,Scheduled Maintenance
4225,139,17-05-2025 20:00,17-05-2025 23:00,Blade Inspection
4226,21,12-05-2025 23:00,13-05-2025 06:00,Gearbox Failure
4227,106,17-11-2025 00:00,17-11-2025 11:00,Gearbox Failure
4228,15,19-02-2025 07:00,19-02-2025 15:00,Blade Inspection
4229,30,16-02-2025 12:00,16-02-2025 20:00,Generator Failure
4230,69,28-01-2025 17:00,29-01-2025 02:00,Sensor Fault
4231,64,27-02-2025 18:00,28-02-2025 00:00,Blade Inspection
4232,81,28-02-2025 19:00,28-02-2025 20:00,Blade Inspection
4233,8,04-10-2025 11:00,04-10-2025 13:00,Gearbox Failure
4234,79,26-03-2025 08:00,26-03-2025 18:00,Gearbox Failure
4235,72,30-12-2025 03:00,30-12-2025 14:00,Blade Inspection
4236,36,02-08-2025 00:00,02-08-2025 04:00,Scheduled Maintenance
4237,81,17-11-2025 14:00,17-11-2025 15:00,Sensor Fault
4238,72,28-01-2025 17:00,29-01-2025 00:00,Scheduled Maintenance
4239,2,13-09-2025 23:00,14-09-2025 01:00,Scheduled Maintenance
4240,123,31-01-2025 07:00,31-01-2025 14:00,Sensor Fault
4241,147,25-07-2025 04:00,25-07-2025 14:00,Gearbox Failure
4242,59,15-08-2025 04:00,15-08-2025 11:00,Sensor Fault
4243,82,24-03-2025 14:00,24-03-2025 18:00,Generator Failure
4244,91,25-07-2025 00:00,25-07-2025 10:00,Scheduled Maintenance
4245,112,07-10-2025 02:00,07-10-2025 12:00,Gearbox Failure
4246,68,05-06-2025 00:00,05-06-2025 10:00,Scheduled Maintenance
4247,26,25-03-2025 05:00,25-03-2025 07:00,Generator Failure
4248,100,02-12-2025 07:00,02-12-2025 11:00,Sensor Fault
4249,107,26-01-2025 00:00,26-01-2025 09:00,Scheduled Maintenance
4250,58,30-12-2025 07:00,30-12-2025 12:00,Scheduled Maintenance
4251,109,19-06-2025 18:00,19-06-2025 22:00,Sensor Fault
4252,138,28-04-2025 18:00,28-04-2025 22:00,Gearbox Failure
4253,68,20-01-2025 23:00,21-01-2025 03:00,Gearbox Failure
4254,10,04-06-2025 13:00,04-06-2025 23:00,Scheduled Maintenance
4255,66,06-12-2025 01:00,06-12-2025 02:00,Gearbox Failure
4256,18,14-05-2025 05:00,14-05-2025 16:00,Sensor Fault
4257,19,18-11-2025 09:00,18-11-2025 15:00,Generator Failure
4258,68,09-12-2025 19:00,10-12-2025 01:00,Gearbox Failure
4259,124,22-04-2025 06:00,22-04-2025 16:00,Scheduled Maintenance
4260,36,16-05-2025 22:00,17-05-2025 09:00,Blade Inspection
4261,48,02-05-2025 13:00,02-05-2025 23:00,Generator Failure
4262,11,18-06-2025 19:00,19-06-2025 05:00,Blade Inspection
4263,103,28-12-2025 23:00,29-12-2025 05:00,Blade Inspection
4264,148,16-12-2025 07:00,16-12-2025 08:00,Scheduled Maintenance
4265,103,17-08-2025 14:00,18-08-2025 01:00,Blade Inspection
4266,105,01-10-2025 19:00,01-10-2025 20:00,Scheduled Maintenance
4267,33,18-12-2025 12:00,18-12-2025 14:00,Sensor Fault
4268,51,28-02-2025 06:00,28-02-2025 16:00,Generator Failure
4269,10,15-09-2025 00:00,15-09-2025 11:00,Blade Inspection
4270,139,20-11-2025 08:00,20-11-2025 10:00,Sensor Fault
4271,43,30-08-2025 14:00,30-08-2025 19:00,Gearbox Failure
4272,6,27-07-2025 18:00,28-07-2025 04:00,Blade Inspection
4273,5,29-11-2025 11:00,29-11-2025 22:00,Sensor Fault
4274,34,20-06-2025 12:00,20-06-2025 21:00,Scheduled Maintenance
4275,3,17-09-2025 00:00,17-09-2025 10:00,Scheduled Maintenance
4276,127,23-12-2025 05:00,23-12-2025 16:00,Sensor Fault
4277,104,03-07-2025 10:00,03-07-2025 16:00,Gearbox Failure
4278,122,06-11-2025 12:00,06-11-2025 13:00,Generator Failure
4279,21,26-09-2025 21:00,27-09-2025 06:00,Sensor Fault
4280,20,17-05-2025 22:00,18-05-2025 01:00,Sensor Fault
4281,150,25-10-2025 17:00,26-10-2025 01:00,Sensor Fault
4282,97,21-05-2025 10:00,21-05-2025 12:00,Generator Failure
4283,44,07-02-2025 23:00,08-02-2025 08:00,Blade Inspection
4284,3,04-05-2025 08:00,04-05-2025 12:00,Blade Inspection
4285,22,08-04-2025 22:00,08-04-2025 23:00,Generator Failure
4286,22,22-07-2025 06:00,22-07-2025 16:00,Generator Failure
4287,122,23-12-2025 14:00,23-12-2025 21:00,Scheduled Maintenance
4288,70,24-02-2025 19:00,24-02-2025 22:00,Blade Inspection
4289,12,02-05-2025 10:00,02-05-2025 20:00,Sensor Fault
4290,24,07-06-2025 15:00,07-06-2025 20:00,Gearbox Failure
4291,37,17-02-2025 21:00,18-02-2025 02:00,Generator Failure
4292,31,01-01-2025 13:00,01-01-2025 23:00,Scheduled Maintenance
4293,65,04-05-2025 04:00,04-05-2025 10:00,Blade Inspection
4294,64,06-12-2025 05:00,06-12-2025 16:00,Generator Failure
4295,93,12-06-2025 03:00,12-06-2025 05:00,Scheduled Maintenance
4296,20,06-02-2025 17:00,07-02-2025 04:00,Blade Inspection
4297,139,17-01-2025 12:00,17-01-2025 18:00,Blade Inspection
4298,24,29-07-2025 11:00,29-07-2025 20:00,Generator Failure
4299,77,20-07-2025 06:00,20-07-2025 16:00,Generator Failure
4300,102,20-04-2025 16:00,20-04-2025 19:00,Gearbox Failure
4301,25,13-03-2025 10:00,13-03-2025 16:00,Gearbox Failure
4302,75,08-03-2025 17:00,08-03-2025 20:00,Generator Failure
4303,125,07-04-2025 18:00,07-04-2025 23:00,Sensor Fault
4304,59,02-01-2025 21:00,03-01-2025 04:00,Blade Inspection
4305,104,02-12-2025 15:00,03-12-2025 02:00,Scheduled Maintenance
4306,105,30-05-2025 17:00,30-05-2025 19:00,Blade Inspection
4307,16,26-06-2025 02:00,26-06-2025 13:00,Generator Failure
4308,31,18-05-2025 18:00,19-05-2025 03:00,Blade Inspection
4309,9,17-10-2025 11:00,17-10-2025 22:00,Gearbox Failure
4310,62,07-03-2025 10:00,07-03-2025 13:00,Gearbox Failure
4311,33,11-11-2025 19:00,12-11-2025 06:00,Sensor Fault
4312,73,15-03-2025 08:00,15-03-2025 09:00,Blade Inspection
4313,30,08-07-2025 11:00,08-07-2025 19:00,Scheduled Maintenance
4314,28,08-01-2025 14:00,08-01-2025 22:00,Scheduled Maintenance
4315,92,09-03-2025 06:00,09-03-2025 08:00,Sensor Fault
4316,26,11-01-2025 01:00,11-01-2025 12:00,Gearbox Failure
4317,104,10-04-2025 12:00,10-04-2025 19:00,Generator Failure
4318,88,08-08-2025 22:00,09-08-2025 01:00,Gearbox Failure
4319,81,07-11-2025 15:00,07-11-2025 18:00,Gearbox Failure
4320,105,08-09-2025 10:00,08-09-2025 15:00,Blade Inspection
4321,8,23-05-2025 09:00,23-05-2025 11:00,Generator Failure
4322,76,23-05-2025 01:00,23-05-2025 10:00,Gearbox Failure
4323,138,13-04-2025 18:00,14-04-2025 05:00,Blade Inspection
4324,52,22-04-2025 04:00,22-04-2025 09:00,Gearbox Failure
4325,92,20-04-2025 23:00,21-04-2025 10:00,Generator Failure
4326,25,02-02-2025 12:00,02-02-2025 17:00,Generator Failure
4327,63,31-10-2025 04:00,31-10-2025 06:00,Scheduled Maintenance
4328,102,03-10-2025 01:00,03-10-2025 02:00,Scheduled Maintenance
4329,72,12-01-2025 13:00,12-01-2025 17:00,Gearbox Failure
4330,14,14-05-2025 22:00,15-05-2025 00:00,Gearbox Failure
4331,90,02-02-2025 10:00,02-02-2025 16:00,Generator Failure
4332,130,03-01-2025 05:00,03-01-2025 06:00,Sensor Fault
4333,9,14-04-2025 03:00,14-04-2025 14:00,Generator Failure
4334,110,11-11-2025 16:00,11-11-2025 19:00,Scheduled Maintenance
4335,141,28-07-2025 19:00,29-07-2025 03:00,Blade Inspection
4336,80,12-07-2025 09:00,12-07-2025 19:00,Sensor Fault
4337,143,29-07-2025 10:00,29-07-2025 13:00,Generator Failure
4338,44,19-12-2025 03:00,19-12-2025 09:00,Sensor Fault
4339,49,08-09-2025 14:00,08-09-2025 19:00,Generator Failure
4340,32,05-02-2025 20:00,05-02-2025 22:00,Blade Inspection
4341,98,17-07-2025 13:00,17-07-2025 17:00,Sensor Fault
4342,55,01-06-2025 07:00,01-06-2025 12:00,Gearbox Failure
4343,27,17-10-2025 11:00,17-10-2025 17:00,Sensor Fault
4344,76,28-02-2025 18:00,28-02-2025 23:00,Scheduled Maintenance
4345,16,29-09-2025 01:00,29-09-2025 11:00,Scheduled Maintenance
4346,90,18-03-2025 02:00,18-03-2025 10:00,Scheduled Maintenance
4347,138,01-05-2025 20:00,01-05-2025 23:00,Generator Failure
4348,61,12-06-2025 19:00,12-06-2025 21:00,Sensor Fault
4349,127,17-05-2025 06:00,17-05-2025 13:00,Scheduled Maintenance
4350,80,22-10-2025 04:00,22-10-2025 15:00,Sensor Fault
4351,80,19-04-2025 07:00,19-04-2025 14:00,Gearbox Failure
4352,135,14-03-2025 13:00,14-03-2025 22:00,Gearbox Failure
4353,101,09-11-2025 15:00,09-11-2025 20:00,Sensor Fault
4354,12,03-12-2025 11:00,03-12-2025 16:00,Blade Inspection
4355,98,05-07-2025 12:00,05-07-2025 22:00,Sensor Fault
4356,145,28-09-2025 09:00,28-09-2025 13:00,Sensor Fault
4357,78,30-08-2025 18:00,30-08-2025 22:00,Generator Failure
4358,55,20-06-2025 21:00,21-06-2025 03:00,Blade Inspection
4359,117,01-10-2025 15:00,01-10-2025 22:00,Gearbox Failure
4360,45,26-06-2025 01:00,26-06-2025 08:00,Generator Failure
4361,23,22-03-2025 08:00,22-03-2025 14:00,Generator Failure
4362,63,27-06-2025 15:00,28-06-2025 02:00,Gearbox Failure
4363,74,14-10-2025 13:00,14-10-2025 19:00,Blade Inspection
4364,149,16-06-2025 19:00,17-06-2025 05:00,Gearbox Failure
4365,72,13-09-2025 09:00,13-09-2025 16:00,Sensor Fault
4366,141,09-09-2025 21:00,10-09-2025 07:00,Sensor Fault
4367,37,01-01-2025 03:00,01-01-2025 08:00,Sensor Fault
4368,124,30-01-2025 20:00,30-01-2025 21:00,Gearbox Failure
4369,100,10-12-2025 11:00,10-12-2025 14:00,Generator Failure
4370,1,30-05-2025 15:00,31-05-2025 02:00,Sensor Fault
4371,86,22-03-2025 02:00,22-03-2025 04:00,Scheduled Maintenance
4372,71,04-07-2025 21:00,05-07-2025 01:00,Blade Inspection
4373,110,21-11-2025 12:00,21-11-2025 15:00,Gearbox Failure
4374,68,11-06-2025 11:00,11-06-2025 12:00,Generator Failure
4375,28,22-10-2025 13:00,22-10-2025 21:00,Blade Inspection
4376,73,27-06-2025 15:00,27-06-2025 23:00,Sensor Fault
4377,16,23-08-2025 06:00,23-08-2025 16:00,Scheduled Maintenance
4378,134,03-06-2025 10:00,03-06-2025 17:00,Blade Inspection
4379,98,24-03-2025 01:00,24-03-2025 04:00,Scheduled Maintenance
4380,105,26-12-2025 13:00,27-12-2025 00:00,Gearbox Failure
4381,84,21-09-2025 10:00,21-09-2025 12:00,Gearbox Failure
4382,29,11-05-2025 04:00,11-05-2025 12:00,Blade Inspection
4383,1,06-09-2025 07:00,06-09-2025 08:00,Sensor Fault
4384,27,07-10-2025 05:00,07-10-2025 06:00,Generator Failure
4385,29,10-07-2025 17:00,10-07-2025 18:00,Sensor Fault
4386,37,04-09-2025 09:00,04-09-2025 11:00,Generator Failure
4387,131,26-05-2025 08:00,26-05-2025 15:00,Generator Failure
4388,35,11-12-2025 17:00,12-12-2025 02:00,Gearbox Failure
4389,18,07-02-2025 13:00,07-02-2025 16:00,Generator Failure
4390,21,27-10-2025 20:00,28-10-2025 04:00,Generator Failure
4391,97,25-04-2025 22:00,26-04-2025 02:00,Generator Failure
4392,6,01-09-2025 19:00,01-09-2025 21:00,Sensor Fault
4393,100,24-03-2025 05:00,24-03-2025 08:00,Gearbox Failure
4394,90,21-09-2025 10:00,21-09-2025 20:00,Blade Inspection
4395,60,04-09-2025 08:00,04-09-2025 09:00,Gearbox Failure
4396,62,06-03-2025 17:00,07-03-2025 02:00,Gearbox Failure
4397,1,06-06-2025 12:00,06-06-2025 16:00,Blade Inspection
4398,4,08-09-2025 22:00,09-09-2025 09:00,Generator Failure
4399,92,07-06-2025 13:00,07-06-2025 18:00,Gearbox Failure
4400,80,22-09-2025 23:00,23-09-2025 05:00,Blade Inspection
4401,80,08-03-2025 19:00,09-03-2025 00:00,Generator Failure
4402,127,04-09-2025 01:00,04-09-2025 07:00,Gearbox Failure
4403,70,15-04-2025 00:00,15-04-2025 07:00,Generator Failure
4404,48,05-04-2025 10:00,05-04-2025 14:00,Blade Inspection
4405,53,25-02-2025 23:00,26-02-2025 03:00,Sensor Fault
4406,131,24-06-2025 04:00,24-06-2025 12:00,Gearbox Failure
4407,130,19-01-2025 15:00,19-01-2025 19:00,Generator Failure
4408,57,23-02-2025 12:00,23-02-2025 22:00,Scheduled Maintenance
4409,126,26-11-2025 12:00,26-11-2025 19:00,Sensor Fault
4410,98,20-10-2025 23:00,21-10-2025 01:00,Scheduled Maintenance
4411,68,14-12-2025 15:00,14-12-2025 23:00,Sensor Fault
4412,47,09-12-2025 23:00,10-12-2025 01:00,Blade Inspection
4413,93,05-08-2025 21:00,06-08-2025 04:00,Sensor Fault
4414,64,26-03-2025 11:00,26-03-2025 16:00,Generator Failure
4415,38,26-03-2025 22:00,27-03-2025 04:00,Blade Inspection
4416,36,03-06-2025 10:00,03-06-2025 16:00,Blade Inspection
4417,89,02-08-2025 06:00,02-08-2025 11:00,Scheduled Maintenance
4418,43,10-01-2025 15:00,10-01-2025 18:00,Sensor Fault
4419,18,31-08-2025 18:00,01-09-2025 02:00,Blade Inspection
4420,54,16-01-2025 11:00,16-01-2025 13:00,Scheduled Maintenance
4421,75,20-02-2025 02:00,20-02-2025 08:00,Gearbox Failure
4422,110,19-11-2025 00:00,19-11-2025 04:00,Sensor Fault
4423,145,10-04-2025 08:00,10-04-2025 18:00,Blade Inspection
4424,133,14-04-2025 08:00,14-04-2025 12:00,Scheduled Maintenance
4425,14,30-04-2025 08:00,30-04-2025 19:00,Gearbox Failure
4426,15,07-05-2025 19:00,07-05-2025 22:00,Scheduled Maintenance
4427,68,26-08-2025 09:00,26-08-2025 10:00,Gearbox Failure
4428,10,28-06-2025 01:00,28-06-2025 02:00,Blade Inspection
4429,72,08-02-2025 22:00,09-02-2025 03:00,Gearbox Failure
4430,137,10-12-2025 05:00,10-12-2025 12:00,Generator Failure
4431,93,31-12-2025 20:00,01-01-2026 03:00,Generator Failure
4432,96,19-10-2025 16:00,20-10-2025 02:00,Sensor Fault
4433,28,29-01-2025 15:00,29-01-2025 16:00,Generator Failure
4434,64,19-10-2025 04:00,19-10-2025 05:00,Scheduled Maintenance
4435,123,24-12-2025 00:00,24-12-2025 04:00,Generator Failure
4436,18,03-01-2025 21:00,04-01-2025 00:00,Sensor Fault
4437,55,14-01-2025 21:00,15-01-2025 06:00,Gearbox Failure
4438,136,31-05-2025 03:00,31-05-2025 09:00,Sensor Fault
4439,92,24-04-2025 01:00,24-04-2025 04:00,Scheduled Maintenance
4440,30,07-02-2025 12:00,07-02-2025 23:00,Generator Failure
4441,115,28-05-2025 01:00,28-05-2025 07:00,Blade Inspection
4442,92,06-05-2025 21:00,07-05-2025 08:00,Generator Failure
4443,58,26-11-2025 07:00,26-11-2025 11:00,Generator Failure
4444,24,04-01-2025 22:00,04-01-2025 23:00,Scheduled Maintenance
4445,101,25-03-2025 05:00,25-03-2025 16:00,Blade Inspection
4446,139,22-03-2025 19:00,22-03-2025 23:00,Blade Inspection
4447,53,10-02-2025 11:00,10-02-2025 20:00,Gearbox Failure
4448,54,17-12-2025 02:00,17-12-2025 03:00,Gearbox Failure
4449,135,21-08-2025 03:00,21-08-2025 05:00,Blade Inspection
4450,104,23-06-2025 00:00,23-06-2025 06:00,Sensor Fault
4451,2,08-08-2025 02:00,08-08-2025 08:00,Sensor Fault
4452,67,07-10-2025 11:00,07-10-2025 12:00,Blade Inspection
4453,54,01-05-2025 05:00,01-05-2025 14:00,Generator Failure
4454,10,06-01-2025 11:00,06-01-2025 18:00,Blade Inspection
4455,107,02-07-2025 06:00,02-07-2025 14:00,Sensor Fault
4456,86,07-10-2025 15:00,08-10-2025 01:00,Generator Failure
4457,136,10-03-2025 16:00,10-03-2025 18:00,Sensor Fault
4458,70,05-07-2025 10:00,05-07-2025 20:00,Blade Inspection
4459,149,01-09-2025 19:00,02-09-2025 05:00,Scheduled Maintenance
4460,45,13-08-2025 05:00,13-08-2025 07:00,Generator Failure
4461,23,14-03-2025 18:00,15-03-2025 02:00,Generator Failure
4462,86,17-02-2025 22:00,18-02-2025 09:00,Generator Failure
4463,62,23-02-2025 12:00,23-02-2025 13:00,Generator Failure
4464,90,16-07-2025 03:00,16-07-2025 12:00,Gearbox Failure
4465,3,08-12-2025 20:00,09-12-2025 05:00,Sensor Fault
4466,71,20-09-2025 02:00,20-09-2025 03:00,Generator Failure
4467,109,13-09-2025 17:00,14-09-2025 03:00,Scheduled Maintenance
4468,67,06-08-2025 02:00,06-08-2025 03:00,Generator Failure
4469,87,06-07-2025 07:00,06-07-2025 13:00,Blade Inspection
4470,16,11-05-2025 17:00,12-05-2025 03:00,Scheduled Maintenance
4471,12,26-03-2025 19:00,26-03-2025 22:00,Sensor Fault
4472,72,31-08-2025 23:00,01-09-2025 04:00,Scheduled Maintenance
4473,104,21-01-2025 17:00,21-01-2025 22:00,Sensor Fault
4474,77,21-12-2025 13:00,21-12-2025 19:00,Scheduled Maintenance
4475,43,13-07-2025 03:00,13-07-2025 05:00,Generator Failure
4476,64,09-01-2025 04:00,09-01-2025 11:00,Scheduled Maintenance
4477,36,03-04-2025 19:00,03-04-2025 21:00,Scheduled Maintenance
4478,140,15-06-2025 11:00,15-06-2025 20:00,Generator Failure
4479,6,14-07-2025 20:00,15-07-2025 03:00,Gearbox Failure
4480,143,04-09-2025 01:00,04-09-2025 07:00,Sensor Fault
4481,144,04-01-2025 04:00,04-01-2025 07:00,Generator Failure
4482,98,18-01-2025 03:00,18-01-2025 14:00,Gearbox Failure
4483,98,01-09-2025 23:00,02-09-2025 09:00,Generator Failure
4484,31,27-03-2025 10:00,27-03-2025 20:00,Blade Inspection
4485,90,30-10-2025 04:00,30-10-2025 12:00,Blade Inspection
4486,150,13-11-2025 23:00,14-11-2025 01:00,Sensor Fault
4487,29,05-11-2025 11:00,05-11-2025 17:00,Scheduled Maintenance
4488,128,07-10-2025 15:00,07-10-2025 20:00,Sensor Fault
4489,48,16-04-2025 23:00,17-04-2025 06:00,Sensor Fault
4490,122,20-01-2025 13:00,20-01-2025 14:00,Scheduled Maintenance
4491,64,25-10-2025 17:00,25-10-2025 22:00,Blade Inspection
4492,143,26-03-2025 23:00,27-03-2025 03:00,Scheduled Maintenance
4493,28,18-06-2025 08:00,18-06-2025 18:00,Scheduled Maintenance
4494,88,24-12-2025 09:00,24-12-2025 11:00,Scheduled Maintenance
4495,85,13-07-2025 20:00,14-07-2025 07:00,Blade Inspection
4496,8,09-07-2025 17:00,09-07-2025 19:00,Blade Inspection
4497,112,23-12-2025 00:00,23-12-2025 02:00,Generator Failure
4498,53,23-01-2025 10:00,23-01-2025 15:00,Blade Inspection
4499,97,23-06-2025 13:00,23-06-2025 21:00,Sensor Fault
4500,49,13-10-2025 11:00,13-10-2025 14:00,Sensor Fault
4501,94,23-11-2025 17:00,23-11-2025 23:00,Blade Inspection
4502,23,12-08-2025 03:00,12-08-2025 06:00,Gearbox Failure
4503,111,30-09-2025 11:00,30-09-2025 21:00,Sensor Fault
4504,101,24-09-2025 02:00,24-09-2025 04:00,Sensor Fault
4505,122,27-12-2025 23:00,28-12-2025 05:00,Blade Inspection
4506,66,23-01-2025 15:00,24-01-2025 01:00,Gearbox Failure
4507,148,16-02-2025 21:00,16-02-2025 22:00,Blade Inspection
4508,131,29-06-2025 16:00,29-06-2025 17:00,Generator Failure
4509,122,26-07-2025 18:00,27-07-2025 00:00,Scheduled Maintenance
4510,83,02-04-2025 14:00,02-04-2025 18:00,Scheduled Maintenance
4511,137,28-06-2025 04:00,28-06-2025 09:00,Blade Inspection
4512,59,17-05-2025 15:00,18-05-2025 02:00,Blade Inspection
4513,132,18-07-2025 16:00,18-07-2025 21:00,Gearbox Failure
4514,104,01-08-2025 03:00,01-08-2025 07:00,Blade Inspection
4515,85,02-09-2025 07:00,02-09-2025 15:00,Sensor Fault
4516,88,31-07-2025 19:00,31-07-2025 21:00,Gearbox Failure
4517,135,06-09-2025 16:00,06-09-2025 17:00,Sensor Fault
4518,75,13-07-2025 19:00,14-07-2025 06:00,Generator Failure
4519,146,02-08-2025 18:00,02-08-2025 21:00,Blade Inspection
4520,23,07-12-2025 00:00,07-12-2025 03:00,Sensor Fault
4521,16,31-05-2025 04:00,31-05-2025 07:00,Gearbox Failure
4522,75,25-04-2025 01:00,25-04-2025 06:00,Blade Inspection
4523,122,13-09-2025 01:00,13-09-2025 11:00,Generator Failure
4524,64,11-08-2025 06:00,11-08-2025 07:00,Gearbox Failure
4525,50,22-07-2025 21:00,22-07-2025 23:00,Sensor Fault
4526,94,28-06-2025 18:00,28-06-2025 19:00,Scheduled Maintenance
4527,123,18-09-2025 23:00,19-09-2025 03:00,Sensor Fault
4528,108,10-09-2025 18:00,10-09-2025 19:00,Generator Failure
4529,28,03-08-2025 12:00,03-08-2025 19:00,Generator Failure
4530,50,23-02-2025 07:00,23-02-2025 16:00,Blade Inspection
4531,80,04-04-2025 10:00,04-04-2025 13:00,Scheduled Maintenance
4532,38,21-12-2025 20:00,22-12-2025 03:00,Gearbox Failure
4533,145,19-01-2025 23:00,20-01-2025 09:00,Blade Inspection
4534,23,10-06-2025 17:00,11-06-2025 00:00,Generator Failure
4535,99,30-10-2025 18:00,30-10-2025 20:00,Blade Inspection
4536,86,07-10-2025 17:00,08-10-2025 03:00,Blade Inspection
4537,52,26-11-2025 13:00,26-11-2025 19:00,Sensor Fault
4538,22,09-08-2025 22:00,10-08-2025 06:00,Blade Inspection
4539,106,18-03-2025 20:00,19-03-2025 05:00,Blade Inspection
4540,46,04-07-2025 22:00,05-07-2025 07:00,Gearbox Failure
4541,61,12-08-2025 05:00,12-08-2025 09:00,Scheduled Maintenance
4542,104,23-06-2025 10:00,23-06-2025 18:00,Blade Inspection
4543,25,10-03-2025 06:00,10-03-2025 10:00,Blade Inspection
4544,84,01-10-2025 10:00,01-10-2025 14:00,Generator Failure
4545,144,09-03-2025 02:00,09-03-2025 04:00,Sensor Fault
4546,38,21-06-2025 04:00,21-06-2025 10:00,Scheduled Maintenance
4547,13,30-01-2025 02:00,30-01-2025 12:00,Generator Failure
4548,80,24-12-2025 09:00,24-12-2025 18:00,Blade Inspection
4549,11,09-05-2025 10:00,09-05-2025 20:00,Generator Failure
4550,143,18-05-2025 20:00,18-05-2025 22:00,Scheduled Maintenance
4551,133,27-02-2025 20:00,27-02-2025 21:00,Scheduled Maintenance
4552,12,14-05-2025 05:00,14-05-2025 08:00,Scheduled Maintenance
4553,147,02-12-2025 21:00,03-12-2025 00:00,Scheduled Maintenance
4554,12,24-02-2025 21:00,25-02-2025 00:00,Blade Inspection
4555,39,21-09-2025 23:00,22-09-2025 04:00,Generator Failure
4556,48,05-05-2025 06:00,05-05-2025 09:00,Gearbox Failure
4557,27,19-12-2025 12:00,19-12-2025 18:00,Blade Inspection
4558,20,22-02-2025 13:00,22-02-2025 18:00,Gearbox Failure
4559,113,30-01-2025 18:00,31-01-2025 02:00,Gearbox Failure
4560,11,21-04-2025 17:00,21-04-2025 18:00,Blade Inspection
4561,103,22-10-2025 01:00,22-10-2025 03:00,Generator Failure
4562,54,09-11-2025 04:00,09-11-2025 14:00,Generator Failure
4563,133,12-01-2025 18:00,12-01-2025 22:00,Gearbox Failure
4564,144,13-04-2025 05:00,13-04-2025 12:00,Blade Inspection
4565,144,11-02-2025 17:00,11-02-2025 22:00,Scheduled Maintenance
4566,33,17-07-2025 02:00,17-07-2025 09:00,Scheduled Maintenance
4567,61,16-04-2025 13:00,16-04-2025 20:00,Generator Failure
4568,86,04-02-2025 21:00,05-02-2025 01:00,Sensor Fault
4569,52,16-07-2025 03:00,16-07-2025 07:00,Scheduled Maintenance
4570,99,24-11-2025 08:00,24-11-2025 18:00,Blade Inspection
4571,21,09-12-2025 07:00,09-12-2025 08:00,Scheduled Maintenance
4572,65,21-10-2025 10:00,21-10-2025 12:00,Gearbox Failure
4573,94,15-09-2025 17:00,15-09-2025 21:00,Generator Failure
4574,114,20-12-2025 21:00,21-12-2025 01:00,Scheduled Maintenance
4575,2,23-10-2025 21:00,24-10-2025 05:00,Sensor Fault
4576,128,21-08-2025 20:00,21-08-2025 22:00,Generator Failure
4577,147,10-03-2025 16:00,10-03-2025 19:00,Scheduled Maintenance
4578,77,28-04-2025 22:00,29-04-2025 02:00,Generator Failure
4579,99,19-04-2025 06:00,19-04-2025 07:00,Gearbox Failure
4580,148,28-03-2025 15:00,28-03-2025 22:00,Blade Inspection
4581,8,22-12-2025 04:00,22-12-2025 08:00,Blade Inspection
4582,96,01-05-2025 03:00,01-05-2025 12:00,Blade Inspection
4583,16,27-11-2025 19:00,27-11-2025 22:00,Generator Failure
4584,16,02-10-2025 03:00,02-10-2025 05:00,Blade Inspection
4585,10,28-05-2025 01:00,28-05-2025 08:00,Gearbox Failure
4586,49,07-05-2025 07:00,07-05-2025 16:00,Blade Inspection
4587,29,09-09-2025 07:00,09-09-2025 13:00,Gearbox Failure
4588,89,06-04-2025 05:00,06-04-2025 12:00,Generator Failure
4589,67,07-06-2025 00:00,07-06-2025 08:00,Blade Inspection
4590,12,28-08-2025 06:00,28-08-2025 15:00,Sensor Fault
4591,29,02-07-2025 15:00,02-07-2025 22:00,Scheduled Maintenance
4592,120,07-11-2025 06:00,07-11-2025 07:00,Generator Failure
4593,21,30-05-2025 02:00,30-05-2025 12:00,Scheduled Maintenance
4594,149,11-09-2025 10:00,11-09-2025 19:00,Sensor Fault
4595,69,16-10-2025 00:00,16-10-2025 05:00,Generator Failure
4596,19,18-11-2025 09:00,18-11-2025 12:00,Scheduled Maintenance
4597,62,13-09-2025 06:00,13-09-2025 11:00,Gearbox Failure
4598,45,25-08-2025 23:00,26-08-2025 01:00,Scheduled Maintenance
4599,75,20-02-2025 02:00,20-02-2025 11:00,Scheduled Maintenance
4600,96,13-03-2025 16:00,13-03-2025 20:00,Sensor Fault
4601,62,08-01-2025 08:00,08-01-2025 10:00,Sensor Fault
4602,61,23-08-2025 10:00,23-08-2025 19:00,Scheduled Maintenance
4603,91,19-05-2025 10:00,19-05-2025 12:00,Blade Inspection
4604,5,17-07-2025 16:00,17-07-2025 22:00,Generator Failure
4605,30,09-10-2025 20:00,10-10-2025 01:00,Scheduled Maintenance
4606,110,24-01-2025 13:00,24-01-2025 18:00,Scheduled Maintenance
4607,78,02-09-2025 08:00,02-09-2025 18:00,Sensor Fault
4608,85,09-08-2025 23:00,10-08-2025 04:00,Scheduled Maintenance
4609,108,30-05-2025 14:00,30-05-2025 20:00,Generator Failure
4610,24,03-03-2025 10:00,03-03-2025 16:00,Generator Failure
4611,126,20-01-2025 14:00,20-01-2025 19:00,Scheduled Maintenance
4612,98,30-03-2025 02:00,30-03-2025 11:00,Gearbox Failure
4613,114,18-01-2025 06:00,18-01-2025 17:00,Sensor Fault
4614,99,28-10-2025 23:00,29-10-2025 06:00,Generator Failure
4615,122,14-12-2025 19:00,15-12-2025 03:00,Gearbox Failure
4616,144,22-01-2025 10:00,22-01-2025 14:00,Gearbox Failure
4617,33,07-04-2025 18:00,07-04-2025 19:00,Blade Inspection
4618,18,01-01-2025 19:00,02-01-2025 04:00,Generator Failure
4619,146,14-07-2025 11:00,14-07-2025 21:00,Blade Inspection
4620,66,26-08-2025 09:00,26-08-2025 20:00,Gearbox Failure
4621,25,13-02-2025 06:00,13-02-2025 08:00,Generator Failure
4622,57,14-12-2025 22:00,14-12-2025 23:00,Blade Inspection
4623,133,12-08-2025 13:00,13-08-2025 00:00,Generator Failure
4624,18,03-01-2025 18:00,04-01-2025 01:00,Generator Failure
4625,8,21-08-2025 20:00,21-08-2025 21:00,Blade Inspection
4626,17,20-03-2025 12:00,20-03-2025 15:00,Blade Inspection
4627,36,27-04-2025 15:00,27-04-2025 22:00,Sensor Fault
4628,10,10-07-2025 15:00,11-07-2025 02:00,Sensor Fault
4629,89,02-01-2025 07:00,02-01-2025 13:00,Scheduled Maintenance
4630,18,28-12-2025 01:00,28-12-2025 04:00,Blade Inspection
4631,119,16-08-2025 19:00,16-08-2025 22:00,Gearbox Failure
4632,56,03-07-2025 21:00,04-07-2025 04:00,Blade Inspection
4633,75,14-01-2025 16:00,14-01-2025 17:00,Blade Inspection
4634,25,25-07-2025 12:00,25-07-2025 17:00,Gearbox Failure
4635,109,05-05-2025 04:00,05-05-2025 10:00,Scheduled Maintenance
4636,116,09-08-2025 08:00,09-08-2025 13:00,Sensor Fault
4637,134,04-05-2025 18:00,05-05-2025 04:00,Generator Failure
4638,17,06-02-2025 09:00,06-02-2025 20:00,Scheduled Maintenance
4639,50,10-02-2025 21:00,11-02-2025 02:00,Gearbox Failure
4640,125,05-12-2025 05:00,05-12-2025 07:00,Scheduled Maintenance
4641,107,27-07-2025 23:00,28-07-2025 03:00,Scheduled Maintenance
4642,94,26-08-2025 20:00,26-08-2025 21:00,Generator Failure
4643,64,23-07-2025 12:00,23-07-2025 20:00,Gearbox Failure
4644,19,13-03-2025 08:00,13-03-2025 16:00,Blade Inspection
4645,30,30-01-2025 16:00,30-01-2025 18:00,Gearbox Failure
4646,5,09-02-2025 16:00,09-02-2025 18:00,Scheduled Maintenance
4647,30,24-01-2025 06:00,24-01-2025 11:00,Generator Failure
4648,54,05-09-2025 05:00,05-09-2025 08:00,Scheduled Maintenance
4649,55,25-02-2025 22:00,26-02-2025 05:00,Gearbox Failure
4650,22,30-11-2025 05:00,30-11-2025 11:00,Gearbox Failure
4651,41,27-11-2025 17:00,27-11-2025 21:00,Generator Failure
4652,96,04-06-2025 05:00,04-06-2025 16:00,Gearbox Failure
4653,128,13-09-2025 01:00,13-09-2025 02:00,Gearbox Failure
4654,104,09-01-2025 17:00,10-01-2025 03:00,Blade Inspection
4655,11,09-12-2025 15:00,09-12-2025 22:00,Blade Inspection
4656,73,17-10-2025 07:00,17-10-2025 16:00,Generator Failure
4657,85,03-12-2025 05:00,03-12-2025 08:00,Gearbox Failure
4658,47,23-09-2025 01:00,23-09-2025 05:00,Gearbox Failure
4659,97,23-08-2025 18:00,24-08-2025 03:00,Sensor Fault
4660,45,22-04-2025 12:00,22-04-2025 21:00,Gearbox Failure
4661,119,31-08-2025 05:00,31-08-2025 14:00,Generator Failure
4662,116,01-04-2025 02:00,01-04-2025 13:00,Blade Inspection
4663,73,04-01-2025 04:00,04-01-2025 05:00,Generator Failure
4664,11,28-07-2025 23:00,29-07-2025 07:00,Sensor Fault
4665,77,17-11-2025 17:00,17-11-2025 18:00,Scheduled Maintenance
4666,31,11-10-2025 11:00,11-10-2025 16:00,Generator Failure
4667,33,03-10-2025 19:00,03-10-2025 23:00,Generator Failure
4668,101,11-12-2025 10:00,11-12-2025 19:00,Blade Inspection
4669,61,22-06-2025 22:00,23-06-2025 07:00,Blade Inspection
4670,137,23-04-2025 18:00,24-04-2025 01:00,Generator Failure
4671,15,19-12-2025 11:00,19-12-2025 22:00,Scheduled Maintenance
4672,17,15-09-2025 20:00,16-09-2025 01:00,Blade Inspection
4673,40,21-06-2025 18:00,22-06-2025 01:00,Generator Failure
4674,101,11-11-2025 18:00,11-11-2025 22:00,Blade Inspection
4675,76,01-05-2025 15:00,02-05-2025 00:00,Gearbox Failure
4676,137,15-08-2025 06:00,15-08-2025 13:00,Sensor Fault
4677,99,27-03-2025 23:00,28-03-2025 10:00,Blade Inspection
4678,57,17-12-2025 19:00,18-12-2025 04:00,Generator Failure
4679,147,27-11-2025 16:00,27-11-2025 21:00,Sensor Fault
4680,26,23-06-2025 08:00,23-06-2025 14:00,Blade Inspection
4681,86,13-03-2025 22:00,14-03-2025 05:00,Sensor Fault
4682,68,11-01-2025 20:00,12-01-2025 06:00,Sensor Fault
4683,108,22-12-2025 11:00,22-12-2025 17:00,Blade Inspection
4684,106,12-06-2025 19:00,13-06-2025 00:00,Generator Failure
4685,16,30-08-2025 12:00,30-08-2025 15:00,Gearbox Failure
4686,73,04-02-2025 14:00,04-02-2025 15:00,Gearbox Failure
4687,74,13-08-2025 07:00,13-08-2025 12:00,Scheduled Maintenance
4688,41,28-01-2025 21:00,29-01-2025 04:00,Sensor Fault
4689,149,18-12-2025 09:00,18-12-2025 14:00,Generator Failure
4690,95,27-09-2025 08:00,27-09-2025 09:00,Sensor Fault
4691,88,30-06-2025 21:00,01-07-2025 06:00,Gearbox Failure
4692,86,07-04-2025 15:00,08-04-2025 01:00,Generator Failure
4693,103,04-01-2025 10:00,04-01-2025 20:00,Sensor Fault
4694,72,19-09-2025 07:00,19-09-2025 18:00,Blade Inspection
4695,60,28-09-2025 23:00,29-09-2025 08:00,Gearbox Failure
4696,24,03-03-2025 05:00,03-03-2025 10:00,Sensor Fault
4697,117,07-06-2025 16:00,07-06-2025 20:00,Gearbox Failure
4698,139,05-09-2025 06:00,05-09-2025 17:00,Gearbox Failure
4699,55,21-04-2025 17:00,21-04-2025 19:00,Sensor Fault
4700,74,11-06-2025 06:00,11-06-2025 08:00,Generator Failure
4701,100,31-07-2025 22:00,31-07-2025 23:00,Scheduled Maintenance
4702,126,04-02-2025 15:00,04-02-2025 18:00,Blade Inspection
4703,40,24-11-2025 01:00,24-11-2025 06:00,Blade Inspection
4704,136,14-08-2025 05:00,14-08-2025 07:00,Scheduled Maintenance
4705,3,30-05-2025 13:00,30-05-2025 18:00,Generator Failure
4706,111,10-04-2025 17:00,10-04-2025 22:00,Blade Inspection
4707,115,21-08-2025 03:00,21-08-2025 07:00,Gearbox Failure
4708,106,23-05-2025 17:00,23-05-2025 22:00,Scheduled Maintenance
4709,107,29-04-2025 08:00,29-04-2025 19:00,Scheduled Maintenance
4710,97,28-12-2025 06:00,28-12-2025 12:00,Sensor Fault
4711,3,26-07-2025 16:00,26-07-2025 22:00,Sensor Fault
4712,83,21-09-2025 15:00,21-09-2025 19:00,Gearbox Failure
4713,10,15-06-2025 06:00,15-06-2025 16:00,Scheduled Maintenance
4714,21,28-10-2025 07:00,28-10-2025 08:00,Sensor Fault
4715,68,04-02-2025 05:00,04-02-2025 06:00,Gearbox Failure
4716,130,09-02-2025 02:00,09-02-2025 06:00,Sensor Fault
4717,41,25-05-2025 05:00,25-05-2025 13:00,Sensor Fault
4718,111,26-07-2025 13:00,27-07-2025 00:00,Generator Failure
4719,94,17-08-2025 11:00,17-08-2025 14:00,Generator Failure
4720,79,03-01-2025 14:00,03-01-2025 20:00,Generator Failure
4721,89,08-09-2025 07:00,08-09-2025 10:00,Generator Failure
4722,83,04-06-2025 06:00,04-06-2025 07:00,Sensor Fault
4723,19,08-12-2025 12:00,08-12-2025 22:00,Blade Inspection
4724,67,06-08-2025 22:00,07-08-2025 03:00,Generator Failure
4725,136,20-02-2025 11:00,20-02-2025 20:00,Generator Failure
4726,35,24-12-2025 06:00,24-12-2025 08:00,Scheduled Maintenance
4727,56,18-05-2025 16:00,18-05-2025 23:00,Gearbox Failure
4728,86,30-09-2025 16:00,30-09-2025 22:00,Scheduled Maintenance
4729,142,30-01-2025 04:00,30-01-2025 10:00,Sensor Fault
4730,83,27-09-2025 17:00,28-09-2025 03:00,Scheduled Maintenance
4731,27,20-09-2025 04:00,20-09-2025 12:00,Gearbox Failure
4732,43,29-10-2025 22:00,30-10-2025 05:00,Generator Failure
4733,55,02-02-2025 15:00,02-02-2025 22:00,Blade Inspection
4734,113,16-11-2025 22:00,17-11-2025 04:00,Generator Failure
4735,143,04-03-2025 10:00,04-03-2025 15:00,Sensor Fault
4736,149,02-06-2025 05:00,02-06-2025 11:00,Generator Failure
4737,116,18-07-2025 21:00,19-07-2025 07:00,Gearbox Failure
4738,37,28-12-2025 14:00,29-12-2025 01:00,Scheduled Maintenance
4739,147,05-06-2025 01:00,05-06-2025 07:00,Generator Failure
4740,81,02-02-2025 08:00,02-02-2025 19:00,Blade Inspection
4741,123,08-09-2025 02:00,08-09-2025 06:00,Blade Inspection
4742,150,18-07-2025 19:00,19-07-2025 06:00,Sensor Fault
4743,92,27-06-2025 07:00,27-06-2025 12:00,Blade Inspection
4744,8,25-06-2025 21:00,25-06-2025 23:00,Sensor Fault
4745,66,10-03-2025 13:00,10-03-2025 17:00,Gearbox Failure
4746,136,23-07-2025 12:00,23-07-2025 23:00,Blade Inspection
4747,129,04-07-2025 19:00,04-07-2025 21:00,Scheduled Maintenance
4748,17,22-11-2025 04:00,22-11-2025 13:00,Sensor Fault
4749,53,03-01-2025 05:00,03-01-2025 16:00,Scheduled Maintenance
4750,67,14-12-2025 23:00,15-12-2025 03:00,Gearbox Failure
4751,130,14-03-2025 23:00,15-03-2025 01:00,Gearbox Failure
4752,141,19-02-2025 03:00,19-02-2025 08:00,Scheduled Maintenance
4753,68,26-09-2025 09:00,26-09-2025 12:00,Generator Failure
4754,109,12-02-2025 16:00,12-02-2025 21:00,Blade Inspection
4755,125,06-02-2025 16:00,06-02-2025 18:00,Blade Inspection
4756,49,04-10-2025 02:00,04-10-2025 10:00,Scheduled Maintenance
4757,127,28-07-2025 23:00,29-07-2025 08:00,Gearbox Failure
4758,59,24-05-2025 10:00,24-05-2025 21:00,Scheduled Maintenance
4759,2,25-07-2025 10:00,25-07-2025 12:00,Sensor Fault
4760,112,12-02-2025 11:00,12-02-2025 20:00,Sensor Fault
4761,146,28-01-2025 22:00,29-01-2025 02:00,Scheduled Maintenance
4762,72,27-08-2025 05:00,27-08-2025 08:00,Blade Inspection
4763,36,02-12-2025 22:00,03-12-2025 08:00,Gearbox Failure
4764,106,11-03-2025 05:00,11-03-2025 11:00,Scheduled Maintenance
4765,75,25-11-2025 16:00,25-11-2025 19:00,Generator Failure
4766,32,07-02-2025 01:00,07-02-2025 03:00,Scheduled Maintenance
4767,14,19-05-2025 00:00,19-05-2025 02:00,Generator Failure
4768,33,03-05-2025 20:00,04-05-2025 02:00,Scheduled Maintenance
4769,109,26-12-2025 06:00,26-12-2025 07:00,Blade Inspection
4770,3,26-02-2025 03:00,26-02-2025 12:00,Gearbox Failure
4771,38,30-06-2025 21:00,30-06-2025 23:00,Scheduled Maintenance
4772,68,07-12-2025 09:00,07-12-2025 20:00,Generator Failure
4773,84,07-07-2025 15:00,07-07-2025 22:00,Generator Failure
4774,125,17-09-2025 17:00,17-09-2025 22:00,Generator Failure
4775,40,25-01-2025 05:00,25-01-2025 14:00,Sensor Fault
4776,90,28-02-2025 13:00,28-02-2025 23:00,Blade Inspection
4777,121,22-06-2025 11:00,22-06-2025 20:00,Gearbox Failure
4778,5,19-12-2025 23:00,20-12-2025 03:00,Blade Inspection
4779,78,31-12-2025 22:00,01-01-2026 09:00,Blade Inspection
4780,34,27-05-2025 13:00,27-05-2025 18:00,Gearbox Failure
4781,38,22-02-2025 04:00,22-02-2025 11:00,Generator Failure
4782,109,23-02-2025 04:00,23-02-2025 07:00,Gearbox Failure
4783,13,17-03-2025 01:00,17-03-2025 02:00,Generator Failure
4784,14,21-08-2025 04:00,21-08-2025 05:00,Generator Failure
4785,24,02-04-2025 02:00,02-04-2025 07:00,Gearbox Failure
4786,15,27-01-2025 19:00,27-01-2025 23:00,Generator Failure
4787,34,18-07-2025 02:00,18-07-2025 06:00,Scheduled Maintenance
4788,94,13-09-2025 23:00,14-09-2025 02:00,Generator Failure
4789,116,14-10-2025 14:00,14-10-2025 15:00,Blade Inspection
4790,13,16-08-2025 04:00,16-08-2025 13:00,Gearbox Failure
4791,66,12-06-2025 00:00,12-06-2025 03:00,Scheduled Maintenance
4792,6,19-05-2025 03:00,19-05-2025 06:00,Gearbox Failure
4793,79,28-09-2025 13:00,28-09-2025 14:00,Generator Failure
4794,44,12-01-2025 02:00,12-01-2025 08:00,Scheduled Maintenance
4795,99,13-11-2025 11:00,13-11-2025 21:00,Sensor Fault
4796,131,20-06-2025 05:00,20-06-2025 12:00,Gearbox Failure
4797,26,17-10-2025 00:00,17-10-2025 01:00,Sensor Fault
4798,33,21-11-2025 03:00,21-11-2025 04:00,Blade Inspection
4799,66,28-10-2025 14:00,29-10-2025 01:00,Blade Inspection
4800,43,15-06-2025 00:00,15-06-2025 01:00,Generator Failure
4801,21,19-12-2025 03:00,19-12-2025 14:00,Blade Inspection
4802,131,15-12-2025 21:00,16-12-2025 03:00,Scheduled Maintenance
4803,79,12-04-2025 21:00,12-04-2025 22:00,Blade Inspection
4804,42,17-04-2025 18:00,17-04-2025 21:00,Scheduled Maintenance
4805,122,15-07-2025 17:00,15-07-2025 21:00,Gearbox Failure
4806,65,06-02-2025 08:00,06-02-2025 09:00,Blade Inspection
4807,41,06-07-2025 07:00,06-07-2025 18:00,Scheduled Maintenance
4808,3,06-04-2025 00:00,06-04-2025 11:00,Blade Inspection
4809,109,07-02-2025 02:00,07-02-2025 12:00,Blade Inspection
4810,45,03-10-2025 07:00,03-10-2025 18:00,Gearbox Failure
4811,108,08-10-2025 19:00,08-10-2025 23:00,Gearbox Failure
4812,53,30-08-2025 05:00,30-08-2025 09:00,Blade Inspection
4813,68,09-09-2025 07:00,09-09-2025 16:00,Gearbox Failure
4814,46,26-02-2025 22:00,27-02-2025 05:00,Scheduled Maintenance
4815,132,08-02-2025 14:00,08-02-2025 22:00,Scheduled Maintenance
4816,101,25-05-2025 11:00,25-05-2025 12:00,Sensor Fault
4817,108,20-01-2025 11:00,20-01-2025 13:00,Blade Inspection
4818,38,02-08-2025 13:00,03-08-2025 00:00,Sensor Fault
4819,108,28-02-2025 06:00,28-02-2025 11:00,Blade Inspection
4820,77,31-07-2025 01:00,31-07-2025 06:00,Sensor Fault
4821,37,25-05-2025 02:00,25-05-2025 13:00,Gearbox Failure
4822,63,21-11-2025 12:00,21-11-2025 16:00,Generator Failure
4823,31,27-11-2025 17:00,28-11-2025 02:00,Gearbox Failure
4824,47,06-06-2025 06:00,06-06-2025 14:00,Blade Inspection
4825,133,02-07-2025 15:00,02-07-2025 23:00,Blade Inspection
4826,2,12-04-2025 07:00,12-04-2025 17:00,Blade Inspection
4827,98,13-08-2025 12:00,13-08-2025 16:00,Scheduled Maintenance
4828,32,04-05-2025 23:00,05-05-2025 09:00,Gearbox Failure
4829,139,06-08-2025 15:00,06-08-2025 23:00,Sensor Fault
4830,78,02-09-2025 23:00,03-09-2025 02:00,Sensor Fault
4831,17,11-10-2025 07:00,11-10-2025 16:00,Scheduled Maintenance
4832,69,04-11-2025 10:00,04-11-2025 11:00,Sensor Fault
4833,67,10-08-2025 17:00,11-08-2025 03:00,Scheduled Maintenance
4834,11,20-08-2025 13:00,20-08-2025 21:00,Scheduled Maintenance
4835,141,09-01-2025 10:00,09-01-2025 11:00,Scheduled Maintenance
4836,117,22-07-2025 14:00,22-07-2025 18:00,Scheduled Maintenance
4837,99,08-02-2025 21:00,09-02-2025 04:00,Generator Failure
4838,100,13-12-2025 13:00,13-12-2025 17:00,Scheduled Maintenance
4839,123,30-08-2025 12:00,30-08-2025 16:00,Generator Failure
4840,143,27-03-2025 03:00,27-03-2025 04:00,Blade Inspection
4841,51,09-03-2025 23:00,10-03-2025 09:00,Gearbox Failure
4842,21,01-09-2025 20:00,02-09-2025 05:00,Generator Failure
4843,110,17-02-2025 02:00,17-02-2025 05:00,Sensor Fault
4844,63,26-05-2025 18:00,27-05-2025 01:00,Sensor Fault
4845,127,25-10-2025 05:00,25-10-2025 16:00,Sensor Fault
4846,12,29-10-2025 21:00,30-10-2025 03:00,Blade Inspection
4847,140,10-08-2025 14:00,10-08-2025 16:00,Blade Inspection
4848,49,13-11-2025 02:00,13-11-2025 10:00,Generator Failure
4849,20,21-05-2025 01:00,21-05-2025 07:00,Scheduled Maintenance
4850,54,25-05-2025 14:00,26-05-2025 00:00,Gearbox Failure
4851,66,06-04-2025 07:00,06-04-2025 13:00,Scheduled Maintenance
4852,22,23-07-2025 08:00,23-07-2025 19:00,Generator Failure
4853,58,06-02-2025 10:00,06-02-2025 12:00,Scheduled Maintenance
4854,28,31-05-2025 08:00,31-05-2025 18:00,Gearbox Failure
4855,49,12-04-2025 02:00,12-04-2025 12:00,Generator Failure
4856,55,30-05-2025 22:00,31-05-2025 06:00,Generator Failure
4857,67,13-04-2025 01:00,13-04-2025 08:00,Blade Inspection
4858,143,17-05-2025 09:00,17-05-2025 18:00,Sensor Fault
4859,41,22-05-2025 11:00,22-05-2025 16:00,Gearbox Failure
4860,18,06-08-2025 22:00,07-08-2025 03:00,Scheduled Maintenance
4861,17,19-08-2025 08:00,19-08-2025 10:00,Scheduled Maintenance
4862,129,05-07-2025 12:00,05-07-2025 20:00,Generator Failure
4863,144,05-02-2025 14:00,05-02-2025 15:00,Sensor Fault
4864,1,25-10-2025 08:00,25-10-2025 17:00,Blade Inspection
4865,86,22-12-2025 10:00,22-12-2025 17:00,Gearbox Failure
4866,78,21-11-2025 23:00,22-11-2025 02:00,Generator Failure
4867,126,19-03-2025 18:00,20-03-2025 00:00,Scheduled Maintenance
4868,13,07-09-2025 23:00,08-09-2025 02:00,Blade Inspection
4869,44,23-07-2025 20:00,24-07-2025 07:00,Gearbox Failure
4870,136,08-08-2025 09:00,08-08-2025 11:00,Sensor Fault
4871,32,03-12-2025 17:00,03-12-2025 22:00,Scheduled Maintenance
4872,16,09-04-2025 12:00,09-04-2025 23:00,Gearbox Failure
4873,10,18-09-2025 22:00,19-09-2025 05:00,Gearbox Failure
4874,75,17-04-2025 03:00,17-04-2025 10:00,Generator Failure
4875,63,25-01-2025 10:00,25-01-2025 19:00,Generator Failure
4876,9,25-05-2025 07:00,25-05-2025 17:00,Sensor Fault
4877,20,20-06-2025 05:00,20-06-2025 09:00,Blade Inspection
4878,141,17-08-2025 16:00,18-08-2025 02:00,Scheduled Maintenance
4879,67,18-05-2025 13:00,18-05-2025 14:00,Gearbox Failure
4880,19,03-07-2025 06:00,03-07-2025 13:00,Sensor Fault
4881,142,20-12-2025 22:00,21-12-2025 01:00,Gearbox Failure
4882,61,15-12-2025 03:00,15-12-2025 11:00,Scheduled Maintenance
4883,33,20-02-2025 22:00,20-02-2025 23:00,Gearbox Failure
4884,137,22-11-2025 09:00,22-11-2025 12:00,Scheduled Maintenance
4885,78,31-12-2025 02:00,31-12-2025 12:00,Sensor Fault
4886,99,01-09-2025 06:00,01-09-2025 13:00,Blade Inspection
4887,108,10-08-2025 17:00,10-08-2025 21:00,Gearbox Failure
4888,149,01-12-2025 02:00,01-12-2025 11:00,Generator Failure
4889,9,28-06-2025 03:00,28-06-2025 07:00,Generator Failure
4890,54,14-01-2025 21:00,15-01-2025 00:00,Sensor Fault
4891,86,12-11-2025 23:00,13-11-2025 05:00,Gearbox Failure
4892,58,20-12-2025 22:00,21-12-2025 07:00,Generator Failure
4893,86,14-03-2025 13:00,14-03-2025 18:00,Sensor Fault
4894,29,13-11-2025 21:00,14-11-2025 02:00,Generator Failure
4895,88,09-06-2025 08:00,09-06-2025 16:00,Generator Failure
4896,22,16-04-2025 10:00,16-04-2025 15:00,Sensor Fault
4897,121,06-12-2025 00:00,06-12-2025 03:00,Sensor Fault
4898,26,28-05-2025 00:00,28-05-2025 06:00,Blade Inspection
4899,124,08-01-2025 01:00,08-01-2025 04:00,Blade Inspection
4900,113,01-03-2025 01:00,01-03-2025 05:00,Scheduled Maintenance
4901,128,24-02-2025 10:00,24-02-2025 15:00,Generator Failure
4902,75,10-04-2025 17:00,11-04-2025 03:00,Sensor Fault
4903,21,12-01-2025 15:00,12-01-2025 21:00,Sensor Fault
4904,30,31-08-2025 05:00,31-08-2025 15:00,Gearbox Failure
4905,34,22-06-2025 16:00,23-06-2025 03:00,Gearbox Failure
4906,124,13-04-2025 21:00,14-04-2025 03:00,Gearbox Failure
4907,126,14-04-2025 00:00,14-04-2025 06:00,Gearbox Failure
4908,67,22-12-2025 12:00,22-12-2025 17:00,Gearbox Failure
4909,77,16-01-2025 15:00,16-01-2025 19:00,Gearbox Failure
4910,132,10-06-2025 22:00,11-06-2025 04:00,Sensor Fault
4911,87,01-06-2025 02:00,01-06-2025 09:00,Gearbox Failure
4912,56,28-05-2025 21:00,29-05-2025 03:00,Sensor Fault
4913,83,20-03-2025 12:00,20-03-2025 13:00,Sensor Fault
4914,110,23-01-2025 13:00,24-01-2025 00:00,Generator Failure
4915,7,25-07-2025 16:00,26-07-2025 03:00,Generator Failure
4916,136,19-09-2025 03:00,19-09-2025 11:00,Scheduled Maintenance
4917,51,26-08-2025 14:00,26-08-2025 22:00,Sensor Fault
4918,103,26-02-2025 21:00,27-02-2025 07:00,Gearbox Failure
4919,63,16-03-2025 14:00,17-03-2025 01:00,Scheduled Maintenance
4920,81,10-02-2025 05:00,10-02-2025 11:00,Generator Failure
4921,117,26-04-2025 03:00,26-04-2025 05:00,Sensor Fault
4922,86,10-12-2025 03:00,10-12-2025 06:00,Scheduled Maintenance
4923,114,13-02-2025 18:00,14-02-2025 05:00,Generator Failure
4924,90,05-01-2025 05:00,05-01-2025 15:00,Generator Failure
4925,46,01-11-2025 04:00,01-11-2025 13:00,Sensor Fault
4926,124,25-07-2025 18:00,26-07-2025 05:00,Generator Failure
4927,97,11-05-2025 23:00,12-05-2025 02:00,Blade Inspection
4928,7,08-05-2025 10:00,08-05-2025 19:00,Sensor Fault
4929,97,21-12-2025 21:00,22-12-2025 00:00,Sensor Fault
4930,48,31-08-2025 04:00,31-08-2025 05:00,Blade Inspection
4931,115,03-06-2025 20:00,04-06-2025 02:00,Blade Inspection
4932,147,09-08-2025 21:00,10-08-2025 01:00,Gearbox Failure
4933,38,15-10-2025 04:00,15-10-2025 09:00,Gearbox Failure
4934,46,21-10-2025 09:00,21-10-2025 20:00,Gearbox Failure
4935,12,26-09-2025 17:00,26-09-2025 20:00,Blade Inspection
4936,30,15-02-2025 14:00,15-02-2025 23:00,Generator Failure
4937,134,16-07-2025 21:00,16-07-2025 22:00,Scheduled Maintenance
4938,43,24-04-2025 08:00,24-04-2025 16:00,Generator Failure
4939,84,10-06-2025 22:00,11-06-2025 03:00,Scheduled Maintenance
4940,44,11-06-2025 19:00,12-06-2025 02:00,Generator Failure
4941,83,05-10-2025 23:00,06-10-2025 00:00,Blade Inspection
4942,31,24-10-2025 20:00,25-10-2025 06:00,Generator Failure
4943,111,17-04-2025 14:00,17-04-2025 23:00,Gearbox Failure
4944,58,16-07-2025 07:00,16-07-2025 12:00,Generator Failure
4945,11,31-03-2025 16:00,01-04-2025 02:00,Gearbox Failure
4946,84,04-04-2025 20:00,05-04-2025 00:00,Sensor Fault
4947,93,14-01-2025 01:00,14-01-2025 10:00,Blade Inspection
4948,40,02-07-2025 04:00,02-07-2025 09:00,Generator Failure
4949,51,10-10-2025 10:00,10-10-2025 16:00,Gearbox Failure
4950,118,22-06-2025 18:00,23-06-2025 00:00,Sensor Fault
4951,77,12-12-2025 14:00,12-12-2025 15:00,Gearbox Failure
4952,64,28-01-2025 06:00,28-01-2025 12:00,Sensor Fault
4953,88,12-08-2025 21:00,13-08-2025 00:00,Scheduled Maintenance
4954,108,13-10-2025 03:00,13-10-2025 13:00,Sensor Fault
4955,85,29-05-2025 21:00,30-05-2025 06:00,Generator Failure
4956,95,08-12-2025 15:00,09-12-2025 00:00,Scheduled Maintenance
4957,41,27-10-2025 00:00,27-10-2025 10:00,Scheduled Maintenance
4958,45,14-07-2025 15:00,14-07-2025 16:00,Generator Failure
4959,121,08-09-2025 21:00,09-09-2025 02:00,Generator Failure
4960,33,14-07-2025 03:00,14-07-2025 12:00,Sensor Fault
4961,52,05-05-2025 07:00,05-05-2025 15:00,Blade Inspection
4962,74,14-10-2025 20:00,14-10-2025 21:00,Scheduled Maintenance
4963,68,24-06-2025 14:00,24-06-2025 17:00,Gearbox Failure
4964,116,23-01-2025 17:00,24-01-2025 00:00,Scheduled Maintenance
4965,50,19-12-2025 02:00,19-12-2025 09:00,Gearbox Failure
4966,126,18-04-2025 14:00,18-04-2025 16:00,Scheduled Maintenance
4967,70,14-11-2025 12:00,14-11-2025 23:00,Gearbox Failure
4968,7,28-03-2025 11:00,28-03-2025 14:00,Scheduled Maintenance
4969,87,29-04-2025 09:00,29-04-2025 19:00,Gearbox Failure
4970,46,21-04-2025 05:00,21-04-2025 15:00,Gearbox Failure
4971,95,25-02-2025 01:00,25-02-2025 12:00,Gearbox Failure
4972,37,17-04-2025 09:00,17-04-2025 11:00,Gearbox Failure
4973,95,27-02-2025 13:00,27-02-2025 15:00,Gearbox Failure
4974,14,05-04-2025 16:00,05-04-2025 21:00,Sensor Fault
4975,28,23-05-2025 21:00,24-05-2025 07:00,Gearbox Failure
4976,42,05-07-2025 04:00,05-07-2025 12:00,Gearbox Failure
4977,104,03-12-2025 06:00,03-12-2025 07:00,Generator Failure
4978,18,19-03-2025 17:00,20-03-2025 01:00,Blade Inspection
4979,120,08-02-2025 07:00,08-02-2025 13:00,Scheduled Maintenance
4980,40,20-06-2025 03:00,20-06-2025 07:00,Scheduled Maintenance
4981,118,22-09-2025 23:00,23-09-2025 05:00,Sensor Fault
4982,97,11-08-2025 22:00,12-08-2025 01:00,Blade Inspection
4983,120,14-06-2025 16:00,14-06-2025 21:00,Blade Inspection
4984,38,01-03-2025 08:00,01-03-2025 11:00,Generator Failure
4985,110,10-05-2025 03:00,10-05-2025 11:00,Scheduled Maintenance
4986,30,20-09-2025 12:00,20-09-2025 23:00,Blade Inspection
4987,61,30-09-2025 02:00,30-09-2025 06:00,Scheduled Maintenance
4988,80,10-08-2025 06:00,10-08-2025 14:00,Scheduled Maintenance
4989,55,08-12-2025 08:00,08-12-2025 16:00,Scheduled Maintenance
4990,73,09-07-2025 15:00,10-07-2025 02:00,Gearbox Failure
4991,120,16-05-2025 03:00,16-05-2025 12:00,Sensor Fault
4992,16,21-01-2025 18:00,21-01-2025 19:00,Generator Failure
4993,33,27-09-2025 07:00,27-09-2025 13:00,Scheduled Maintenance
4994,108,15-08-2025 11:00,15-08-2025 18:00,Scheduled Maintenance
4995,130,19-08-2025 10:00,19-08-2025 13:00,Generator Failure
4996,150,09-06-2025 12:00,09-06-2025 17:00,Gearbox Failure
4997,91,28-05-2025 04:00,28-05-2025 12:00,Blade Inspection
4998,68,02-01-2025 12:00,02-01-2025 20:00,Generator Failure
4999,115,14-08-2025 23:00,15-08-2025 01:00,Generator Failure
5000,30,09-01-2025 15:00,10-01-2025 00:00,Scheduled Maintenance
